scenario,Hydrogen and Ammonia,Renewable Electricity,Biomass Supply,Nuclear Electricity,CO2 Storage,Emissions Policy,reporting_fuel,year,price_USDperGJ
h1r1b1n1c1p1,Default,Default,Default,Default,Default,No policy,FT biofuels,2030,32.09317
h1r1b1n1c1p1,Default,Default,Default,Default,Default,No policy,FT biofuels,2040,31.81246
h1r1b1n1c1p1,Default,Default,Default,Default,Default,No policy,FT biofuels,2050,31.41547
h1r1b1n1c1p1,Default,Default,Default,Default,Default,No policy,FT biofuels CCS,2030,35.79891
h1r1b1n1c1p1,Default,Default,Default,Default,Default,No policy,FT biofuels CCS,2040,35.41881
h1r1b1n1c1p1,Default,Default,Default,Default,Default,No policy,FT biofuels CCS,2050,35.08919
h1r1b1n1c1p1,Default,Default,Default,Default,Default,No policy,LNG,2030,10.89464
h1r1b1n1c1p1,Default,Default,Default,Default,Default,No policy,LNG,2040,10.7247
h1r1b1n1c1p1,Default,Default,Default,Default,Default,No policy,LNG,2050,11.38191
h1r1b1n1c1p1,Default,Default,Default,Default,Default,No policy,ammonia,2030,40.0463
h1r1b1n1c1p1,Default,Default,Default,Default,Default,No policy,ammonia,2040,39.92736
h1r1b1n1c1p1,Default,Default,Default,Default,Default,No policy,ammonia,2050,39.96308
h1r1b1n1c1p1,Default,Default,Default,Default,Default,No policy,e-diesel,2030,83.01176
h1r1b1n1c1p1,Default,Default,Default,Default,Default,No policy,e-diesel,2040,82.11496
h1r1b1n1c1p1,Default,Default,Default,Default,Default,No policy,e-diesel,2050,82.07316
h1r1b1n1c1p1,Default,Default,Default,Default,Default,No policy,electricity,2030,40.58172
h1r1b1n1c1p1,Default,Default,Default,Default,Default,No policy,electricity,2040,39.29542
h1r1b1n1c1p1,Default,Default,Default,Default,Default,No policy,electricity,2050,38.61142
h1r1b1n1c1p1,Default,Default,Default,Default,Default,No policy,hydrogen,2030,41.74032
h1r1b1n1c1p1,Default,Default,Default,Default,Default,No policy,hydrogen,2040,40.17519
h1r1b1n1c1p1,Default,Default,Default,Default,Default,No policy,hydrogen,2050,39.09277
h1r1b1n1c1p1,Default,Default,Default,Default,Default,No policy,petroleum diesel,2030,28.24236
h1r1b1n1c1p1,Default,Default,Default,Default,Default,No policy,petroleum diesel,2040,27.14507
h1r1b1n1c1p1,Default,Default,Default,Default,Default,No policy,petroleum diesel,2050,26.53342
h1r1b1n1c1p1,Default,Default,Default,Default,Default,No policy,renewable diesel,2030,55.85848
h1r1b1n1c1p1,Default,Default,Default,Default,Default,No policy,renewable diesel,2040,48.86648
h1r1b1n1c1p1,Default,Default,Default,Default,Default,No policy,renewable diesel,2050,49.72946
h1r1b1n1c1p2,Default,Default,Default,Default,Default,50 Percent by 2050,FT biofuels,2030,30.93645
h1r1b1n1c1p2,Default,Default,Default,Default,Default,50 Percent by 2050,FT biofuels,2040,29.24043
h1r1b1n1c1p2,Default,Default,Default,Default,Default,50 Percent by 2050,FT biofuels,2050,32.51101
h1r1b1n1c1p2,Default,Default,Default,Default,Default,50 Percent by 2050,FT biofuels CCS,2030,30.45923
h1r1b1n1c1p2,Default,Default,Default,Default,Default,50 Percent by 2050,FT biofuels CCS,2040,25.57861
h1r1b1n1c1p2,Default,Default,Default,Default,Default,50 Percent by 2050,FT biofuels CCS,2050,26.84673
h1r1b1n1c1p2,Default,Default,Default,Default,Default,50 Percent by 2050,LNG,2030,15.76006
h1r1b1n1c1p2,Default,Default,Default,Default,Default,50 Percent by 2050,LNG,2040,19.45911
h1r1b1n1c1p2,Default,Default,Default,Default,Default,50 Percent by 2050,LNG,2050,22.95112
h1r1b1n1c1p2,Default,Default,Default,Default,Default,50 Percent by 2050,ammonia,2030,45.2713
h1r1b1n1c1p2,Default,Default,Default,Default,Default,50 Percent by 2050,ammonia,2040,46.27602
h1r1b1n1c1p2,Default,Default,Default,Default,Default,50 Percent by 2050,ammonia,2050,45.76112
h1r1b1n1c1p2,Default,Default,Default,Default,Default,50 Percent by 2050,e-diesel,2030,88.67224
h1r1b1n1c1p2,Default,Default,Default,Default,Default,50 Percent by 2050,e-diesel,2040,88.71936
h1r1b1n1c1p2,Default,Default,Default,Default,Default,50 Percent by 2050,e-diesel,2050,86.77566
h1r1b1n1c1p2,Default,Default,Default,Default,Default,50 Percent by 2050,electricity,2030,44.32472
h1r1b1n1c1p2,Default,Default,Default,Default,Default,50 Percent by 2050,electricity,2040,45.6475
h1r1b1n1c1p2,Default,Default,Default,Default,Default,50 Percent by 2050,electricity,2050,46.23422
h1r1b1n1c1p2,Default,Default,Default,Default,Default,50 Percent by 2050,hydrogen,2030,45.97135
h1r1b1n1c1p2,Default,Default,Default,Default,Default,50 Percent by 2050,hydrogen,2040,46.73517
h1r1b1n1c1p2,Default,Default,Default,Default,Default,50 Percent by 2050,hydrogen,2050,46.82765
h1r1b1n1c1p2,Default,Default,Default,Default,Default,50 Percent by 2050,petroleum diesel,2030,31.63775
h1r1b1n1c1p2,Default,Default,Default,Default,Default,50 Percent by 2050,petroleum diesel,2040,32.44947
h1r1b1n1c1p2,Default,Default,Default,Default,Default,50 Percent by 2050,petroleum diesel,2050,32.61589
h1r1b1n1c1p2,Default,Default,Default,Default,Default,50 Percent by 2050,renewable diesel,2030,53.85588
h1r1b1n1c1p2,Default,Default,Default,Default,Default,50 Percent by 2050,renewable diesel,2040,45.60342
h1r1b1n1c1p2,Default,Default,Default,Default,Default,50 Percent by 2050,renewable diesel,2050,48.86382
h1r1b1n1c1p3,Default,Default,Default,Default,Default,Net Zero by 2050,FT biofuels,2030,26.82215
h1r1b1n1c1p3,Default,Default,Default,Default,Default,Net Zero by 2050,FT biofuels,2040,25.02384
h1r1b1n1c1p3,Default,Default,Default,Default,Default,Net Zero by 2050,FT biofuels,2050,19.23104
h1r1b1n1c1p3,Default,Default,Default,Default,Default,Net Zero by 2050,FT biofuels CCS,2030,21.05474
h1r1b1n1c1p3,Default,Default,Default,Default,Default,Net Zero by 2050,FT biofuels CCS,2040,16.8417
h1r1b1n1c1p3,Default,Default,Default,Default,Default,Net Zero by 2050,FT biofuels CCS,2050,4.35787
h1r1b1n1c1p3,Default,Default,Default,Default,Default,Net Zero by 2050,LNG,2030,21.94337
h1r1b1n1c1p3,Default,Default,Default,Default,Default,Net Zero by 2050,LNG,2040,24.94112
h1r1b1n1c1p3,Default,Default,Default,Default,Default,Net Zero by 2050,LNG,2050,33.73587
h1r1b1n1c1p3,Default,Default,Default,Default,Default,Net Zero by 2050,ammonia,2030,44.67394
h1r1b1n1c1p3,Default,Default,Default,Default,Default,Net Zero by 2050,ammonia,2040,44.47406
h1r1b1n1c1p3,Default,Default,Default,Default,Default,Net Zero by 2050,ammonia,2050,43.7266
h1r1b1n1c1p3,Default,Default,Default,Default,Default,Net Zero by 2050,e-diesel,2030,91.68222
h1r1b1n1c1p3,Default,Default,Default,Default,Default,Net Zero by 2050,e-diesel,2040,87.8047
h1r1b1n1c1p3,Default,Default,Default,Default,Default,Net Zero by 2050,e-diesel,2050,82.34524
h1r1b1n1c1p3,Default,Default,Default,Default,Default,Net Zero by 2050,electricity,2030,47.48632
h1r1b1n1c1p3,Default,Default,Default,Default,Default,Net Zero by 2050,electricity,2040,47.74852
h1r1b1n1c1p3,Default,Default,Default,Default,Default,Net Zero by 2050,electricity,2050,48.1517
h1r1b1n1c1p3,Default,Default,Default,Default,Default,Net Zero by 2050,hydrogen,2030,50.42314
h1r1b1n1c1p3,Default,Default,Default,Default,Default,Net Zero by 2050,hydrogen,2040,49.71158
h1r1b1n1c1p3,Default,Default,Default,Default,Default,Net Zero by 2050,hydrogen,2050,51.84429
h1r1b1n1c1p3,Default,Default,Default,Default,Default,Net Zero by 2050,petroleum diesel,2030,35.94124
h1r1b1n1c1p3,Default,Default,Default,Default,Default,Net Zero by 2050,petroleum diesel,2040,35.50103
h1r1b1n1c1p3,Default,Default,Default,Default,Default,Net Zero by 2050,petroleum diesel,2050,39.23218
h1r1b1n1c1p3,Default,Default,Default,Default,Default,Net Zero by 2050,renewable diesel,2030,52.1911
h1r1b1n1c1p3,Default,Default,Default,Default,Default,Net Zero by 2050,renewable diesel,2040,48.55298
h1r1b1n1c1p3,Default,Default,Default,Default,Default,Net Zero by 2050,renewable diesel,2050,46.12516
h1r1b1n1c2p1,Default,Default,Default,Default,Constrained,No policy,FT biofuels,2030,32.0647
h1r1b1n1c2p1,Default,Default,Default,Default,Constrained,No policy,FT biofuels,2040,31.73
h1r1b1n1c2p1,Default,Default,Default,Default,Constrained,No policy,FT biofuels,2050,31.25105
h1r1b1n1c2p1,Default,Default,Default,Default,Constrained,No policy,FT biofuels CCS,2030,36.18728
h1r1b1n1c2p1,Default,Default,Default,Default,Constrained,No policy,FT biofuels CCS,2040,36.6403
h1r1b1n1c2p1,Default,Default,Default,Default,Constrained,No policy,FT biofuels CCS,2050,37.56558
h1r1b1n1c2p1,Default,Default,Default,Default,Constrained,No policy,LNG,2030,10.89494
h1r1b1n1c2p1,Default,Default,Default,Default,Constrained,No policy,LNG,2040,10.72634
h1r1b1n1c2p1,Default,Default,Default,Default,Constrained,No policy,LNG,2050,11.38716
h1r1b1n1c2p1,Default,Default,Default,Default,Constrained,No policy,ammonia,2030,40.02806
h1r1b1n1c2p1,Default,Default,Default,Default,Constrained,No policy,ammonia,2040,39.85174
h1r1b1n1c2p1,Default,Default,Default,Default,Constrained,No policy,ammonia,2050,39.8487
h1r1b1n1c2p1,Default,Default,Default,Default,Constrained,No policy,e-diesel,2030,82.9844
h1r1b1n1c2p1,Default,Default,Default,Default,Constrained,No policy,e-diesel,2040,82.03706
h1r1b1n1c2p1,Default,Default,Default,Default,Constrained,No policy,e-diesel,2050,82.00172
h1r1b1n1c2p1,Default,Default,Default,Default,Constrained,No policy,electricity,2030,40.57222
h1r1b1n1c2p1,Default,Default,Default,Default,Constrained,No policy,electricity,2040,39.26654
h1r1b1n1c2p1,Default,Default,Default,Default,Constrained,No policy,electricity,2050,38.56278
h1r1b1n1c2p1,Default,Default,Default,Default,Constrained,No policy,hydrogen,2030,41.73424
h1r1b1n1c2p1,Default,Default,Default,Default,Constrained,No policy,hydrogen,2040,40.16271
h1r1b1n1c2p1,Default,Default,Default,Default,Constrained,No policy,hydrogen,2050,39.08866
h1r1b1n1c2p1,Default,Default,Default,Default,Constrained,No policy,petroleum diesel,2030,28.24464
h1r1b1n1c2p1,Default,Default,Default,Default,Constrained,No policy,petroleum diesel,2040,27.17969
h1r1b1n1c2p1,Default,Default,Default,Default,Constrained,No policy,petroleum diesel,2050,26.6407
h1r1b1n1c2p1,Default,Default,Default,Default,Constrained,No policy,renewable diesel,2030,55.87368
h1r1b1n1c2p1,Default,Default,Default,Default,Constrained,No policy,renewable diesel,2040,48.94552
h1r1b1n1c2p1,Default,Default,Default,Default,Constrained,No policy,renewable diesel,2050,50.11364
h1r1b1n1c2p2,Default,Default,Default,Default,Constrained,50 Percent by 2050,FT biofuels,2030,30.67577
h1r1b1n1c2p2,Default,Default,Default,Default,Constrained,50 Percent by 2050,FT biofuels,2040,28.49381
h1r1b1n1c2p2,Default,Default,Default,Default,Constrained,50 Percent by 2050,FT biofuels,2050,30.16923
h1r1b1n1c2p2,Default,Default,Default,Default,Constrained,50 Percent by 2050,FT biofuels CCS,2030,30.61658
h1r1b1n1c2p2,Default,Default,Default,Default,Constrained,50 Percent by 2050,FT biofuels CCS,2040,26.69763
h1r1b1n1c2p2,Default,Default,Default,Default,Constrained,50 Percent by 2050,FT biofuels CCS,2050,28.03264
h1r1b1n1c2p2,Default,Default,Default,Default,Constrained,50 Percent by 2050,LNG,2030,15.92446
h1r1b1n1c2p2,Default,Default,Default,Default,Constrained,50 Percent by 2050,LNG,2040,20.35779
h1r1b1n1c2p2,Default,Default,Default,Default,Constrained,50 Percent by 2050,LNG,2050,25.43007
h1r1b1n1c2p2,Default,Default,Default,Default,Constrained,50 Percent by 2050,ammonia,2030,45.79532
h1r1b1n1c2p2,Default,Default,Default,Default,Constrained,50 Percent by 2050,ammonia,2040,48.16918
h1r1b1n1c2p2,Default,Default,Default,Default,Constrained,50 Percent by 2050,ammonia,2050,48.89878
h1r1b1n1c2p2,Default,Default,Default,Default,Constrained,50 Percent by 2050,e-diesel,2030,88.8231
h1r1b1n1c2p2,Default,Default,Default,Default,Constrained,50 Percent by 2050,e-diesel,2040,90.05506
h1r1b1n1c2p2,Default,Default,Default,Default,Constrained,50 Percent by 2050,e-diesel,2050,89.01842
h1r1b1n1c2p2,Default,Default,Default,Default,Constrained,50 Percent by 2050,electricity,2030,44.4049
h1r1b1n1c2p2,Default,Default,Default,Default,Constrained,50 Percent by 2050,electricity,2040,46.17
h1r1b1n1c2p2,Default,Default,Default,Default,Constrained,50 Percent by 2050,electricity,2050,47.74206
h1r1b1n1c2p2,Default,Default,Default,Default,Constrained,50 Percent by 2050,hydrogen,2030,46.11035
h1r1b1n1c2p2,Default,Default,Default,Default,Constrained,50 Percent by 2050,hydrogen,2040,47.58164
h1r1b1n1c2p2,Default,Default,Default,Default,Constrained,50 Percent by 2050,hydrogen,2050,48.75904
h1r1b1n1c2p2,Default,Default,Default,Default,Constrained,50 Percent by 2050,petroleum diesel,2030,31.76484
h1r1b1n1c2p2,Default,Default,Default,Default,Constrained,50 Percent by 2050,petroleum diesel,2040,33.05125
h1r1b1n1c2p2,Default,Default,Default,Default,Constrained,50 Percent by 2050,petroleum diesel,2050,34.16767
h1r1b1n1c2p2,Default,Default,Default,Default,Constrained,50 Percent by 2050,renewable diesel,2030,53.79774
h1r1b1n1c2p2,Default,Default,Default,Default,Constrained,50 Percent by 2050,renewable diesel,2040,45.26484
h1r1b1n1c2p2,Default,Default,Default,Default,Constrained,50 Percent by 2050,renewable diesel,2050,48.5298
h1r1b1n1c2p3,Default,Default,Default,Default,Constrained,Net Zero by 2050,FT biofuels,2030,26.26583
h1r1b1n1c2p3,Default,Default,Default,Default,Constrained,Net Zero by 2050,FT biofuels,2040,22.00075
h1r1b1n1c2p3,Default,Default,Default,Default,Constrained,Net Zero by 2050,FT biofuels,2050,8.92282
h1r1b1n1c2p3,Default,Default,Default,Default,Constrained,Net Zero by 2050,FT biofuels CCS,2030,21.65902
h1r1b1n1c2p3,Default,Default,Default,Default,Constrained,Net Zero by 2050,FT biofuels CCS,2040,17.65396
h1r1b1n1c2p3,Default,Default,Default,Default,Constrained,Net Zero by 2050,FT biofuels CCS,2050,19.95292
h1r1b1n1c2p3,Default,Default,Default,Default,Constrained,Net Zero by 2050,LNG,2030,22.56195
h1r1b1n1c2p3,Default,Default,Default,Default,Constrained,Net Zero by 2050,LNG,2040,29.27935
h1r1b1n1c2p3,Default,Default,Default,Default,Constrained,Net Zero by 2050,LNG,2050,50.25493
h1r1b1n1c2p3,Default,Default,Default,Default,Constrained,Net Zero by 2050,ammonia,2030,45.02088
h1r1b1n1c2p3,Default,Default,Default,Default,Constrained,Net Zero by 2050,ammonia,2040,46.30376
h1r1b1n1c2p3,Default,Default,Default,Default,Constrained,Net Zero by 2050,ammonia,2050,46.37672
h1r1b1n1c2p3,Default,Default,Default,Default,Constrained,Net Zero by 2050,e-diesel,2030,92.75534
h1r1b1n1c2p3,Default,Default,Default,Default,Constrained,Net Zero by 2050,e-diesel,2040,91.73162
h1r1b1n1c2p3,Default,Default,Default,Default,Constrained,Net Zero by 2050,e-diesel,2050,79.60164
h1r1b1n1c2p3,Default,Default,Default,Default,Constrained,Net Zero by 2050,electricity,2030,47.88266
h1r1b1n1c2p3,Default,Default,Default,Default,Constrained,Net Zero by 2050,electricity,2040,50.07678
h1r1b1n1c2p3,Default,Default,Default,Default,Constrained,Net Zero by 2050,electricity,2050,51.77272
h1r1b1n1c2p3,Default,Default,Default,Default,Constrained,Net Zero by 2050,hydrogen,2030,51.09261
h1r1b1n1c2p3,Default,Default,Default,Default,Constrained,Net Zero by 2050,hydrogen,2040,53.32377
h1r1b1n1c2p3,Default,Default,Default,Default,Constrained,Net Zero by 2050,hydrogen,2050,59.40672
h1r1b1n1c2p3,Default,Default,Default,Default,Constrained,Net Zero by 2050,petroleum diesel,2030,36.42397
h1r1b1n1c2p3,Default,Default,Default,Default,Constrained,Net Zero by 2050,petroleum diesel,2040,38.75216
h1r1b1n1c2p3,Default,Default,Default,Default,Constrained,Net Zero by 2050,petroleum diesel,2050,49.35297
h1r1b1n1c2p3,Default,Default,Default,Default,Constrained,Net Zero by 2050,renewable diesel,2030,51.7351
h1r1b1n1c2p3,Default,Default,Default,Default,Constrained,Net Zero by 2050,renewable diesel,2040,46.98624
h1r1b1n1c2p3,Default,Default,Default,Default,Constrained,Net Zero by 2050,renewable diesel,2050,45.74554
h1r1b1n2c1p1,Default,Default,Default,Advanced cost,Default,No policy,FT biofuels,2030,32.08477
h1r1b1n2c1p1,Default,Default,Default,Advanced cost,Default,No policy,FT biofuels,2040,31.69029
h1r1b1n2c1p1,Default,Default,Default,Advanced cost,Default,No policy,FT biofuels,2050,31.26492
h1r1b1n2c1p1,Default,Default,Default,Advanced cost,Default,No policy,FT biofuels CCS,2030,35.79088
h1r1b1n2c1p1,Default,Default,Default,Advanced cost,Default,No policy,FT biofuels CCS,2040,35.2814
h1r1b1n2c1p1,Default,Default,Default,Advanced cost,Default,No policy,FT biofuels CCS,2050,34.91595
h1r1b1n2c1p1,Default,Default,Default,Advanced cost,Default,No policy,LNG,2030,10.88153
h1r1b1n2c1p1,Default,Default,Default,Advanced cost,Default,No policy,LNG,2040,10.59463
h1r1b1n2c1p1,Default,Default,Default,Advanced cost,Default,No policy,LNG,2050,11.20833
h1r1b1n2c1p1,Default,Default,Default,Advanced cost,Default,No policy,ammonia,2030,40.0292
h1r1b1n2c1p1,Default,Default,Default,Advanced cost,Default,No policy,ammonia,2040,39.7347
h1r1b1n2c1p1,Default,Default,Default,Advanced cost,Default,No policy,ammonia,2050,39.72976
h1r1b1n2c1p1,Default,Default,Default,Advanced cost,Default,No policy,e-diesel,2030,83.30246
h1r1b1n2c1p1,Default,Default,Default,Advanced cost,Default,No policy,e-diesel,2040,79.55756
h1r1b1n2c1p1,Default,Default,Default,Advanced cost,Default,No policy,e-diesel,2050,79.71906
h1r1b1n2c1p1,Default,Default,Default,Advanced cost,Default,No policy,electricity,2030,40.86406
h1r1b1n2c1p1,Default,Default,Default,Advanced cost,Default,No policy,electricity,2040,37.2468
h1r1b1n2c1p1,Default,Default,Default,Advanced cost,Default,No policy,electricity,2050,36.76869
h1r1b1n2c1p1,Default,Default,Default,Advanced cost,Default,No policy,hydrogen,2030,41.76347
h1r1b1n2c1p1,Default,Default,Default,Advanced cost,Default,No policy,hydrogen,2040,39.64453
h1r1b1n2c1p1,Default,Default,Default,Advanced cost,Default,No policy,hydrogen,2050,38.55425
h1r1b1n2c1p1,Default,Default,Default,Advanced cost,Default,No policy,petroleum diesel,2030,28.24244
h1r1b1n2c1p1,Default,Default,Default,Advanced cost,Default,No policy,petroleum diesel,2040,26.95454
h1r1b1n2c1p1,Default,Default,Default,Advanced cost,Default,No policy,petroleum diesel,2050,26.31253
h1r1b1n2c1p1,Default,Default,Default,Advanced cost,Default,No policy,renewable diesel,2030,55.86114
h1r1b1n2c1p1,Default,Default,Default,Advanced cost,Default,No policy,renewable diesel,2040,48.61796
h1r1b1n2c1p1,Default,Default,Default,Advanced cost,Default,No policy,renewable diesel,2050,49.33616
h1r1b1n2c1p2,Default,Default,Default,Advanced cost,Default,50 Percent by 2050,FT biofuels,2030,31.15996
h1r1b1n2c1p2,Default,Default,Default,Advanced cost,Default,50 Percent by 2050,FT biofuels,2040,29.89103
h1r1b1n2c1p2,Default,Default,Default,Advanced cost,Default,50 Percent by 2050,FT biofuels,2050,31.57956
h1r1b1n2c1p2,Default,Default,Default,Advanced cost,Default,50 Percent by 2050,FT biofuels CCS,2030,31.10149
h1r1b1n2c1p2,Default,Default,Default,Advanced cost,Default,50 Percent by 2050,FT biofuels CCS,2040,28.04719
h1r1b1n2c1p2,Default,Default,Default,Advanced cost,Default,50 Percent by 2050,FT biofuels CCS,2050,27.77497
h1r1b1n2c1p2,Default,Default,Default,Advanced cost,Default,50 Percent by 2050,LNG,2030,15.25621
h1r1b1n2c1p2,Default,Default,Default,Advanced cost,Default,50 Percent by 2050,LNG,2040,16.97975
h1r1b1n2c1p2,Default,Default,Default,Advanced cost,Default,50 Percent by 2050,LNG,2050,20.32281
h1r1b1n2c1p2,Default,Default,Default,Advanced cost,Default,50 Percent by 2050,ammonia,2030,44.91296
h1r1b1n2c1p2,Default,Default,Default,Advanced cost,Default,50 Percent by 2050,ammonia,2040,44.92626
h1r1b1n2c1p2,Default,Default,Default,Advanced cost,Default,50 Percent by 2050,ammonia,2050,44.87192
h1r1b1n2c1p2,Default,Default,Default,Advanced cost,Default,50 Percent by 2050,e-diesel,2030,88.2303
h1r1b1n2c1p2,Default,Default,Default,Advanced cost,Default,50 Percent by 2050,e-diesel,2040,82.39654
h1r1b1n2c1p2,Default,Default,Default,Advanced cost,Default,50 Percent by 2050,e-diesel,2050,80.59116
h1r1b1n2c1p2,Default,Default,Default,Advanced cost,Default,50 Percent by 2050,electricity,2030,44.05226
h1r1b1n2c1p2,Default,Default,Default,Advanced cost,Default,50 Percent by 2050,electricity,2040,39.64806
h1r1b1n2c1p2,Default,Default,Default,Advanced cost,Default,50 Percent by 2050,electricity,2050,39.87948
h1r1b1n2c1p2,Default,Default,Default,Advanced cost,Default,50 Percent by 2050,hydrogen,2030,45.54948
h1r1b1n2c1p2,Default,Default,Default,Advanced cost,Default,50 Percent by 2050,hydrogen,2040,44.15256
h1r1b1n2c1p2,Default,Default,Default,Advanced cost,Default,50 Percent by 2050,hydrogen,2050,44.23894
h1r1b1n2c1p2,Default,Default,Default,Advanced cost,Default,50 Percent by 2050,petroleum diesel,2030,31.28621
h1r1b1n2c1p2,Default,Default,Default,Advanced cost,Default,50 Percent by 2050,petroleum diesel,2040,30.67033
h1r1b1n2c1p2,Default,Default,Default,Advanced cost,Default,50 Percent by 2050,petroleum diesel,2050,30.80244
h1r1b1n2c1p2,Default,Default,Default,Advanced cost,Default,50 Percent by 2050,renewable diesel,2030,54.06526
h1r1b1n2c1p2,Default,Default,Default,Advanced cost,Default,50 Percent by 2050,renewable diesel,2040,45.95454
h1r1b1n2c1p2,Default,Default,Default,Advanced cost,Default,50 Percent by 2050,renewable diesel,2050,48.05632
h1r1b1n2c1p3,Default,Default,Default,Advanced cost,Default,Net Zero by 2050,FT biofuels,2030,26.85213
h1r1b1n2c1p3,Default,Default,Default,Advanced cost,Default,Net Zero by 2050,FT biofuels,2040,25.10728
h1r1b1n2c1p3,Default,Default,Default,Advanced cost,Default,Net Zero by 2050,FT biofuels,2050,20.44157
h1r1b1n2c1p3,Default,Default,Default,Advanced cost,Default,Net Zero by 2050,FT biofuels CCS,2030,21.2655
h1r1b1n2c1p3,Default,Default,Default,Advanced cost,Default,Net Zero by 2050,FT biofuels CCS,2040,17.90361
h1r1b1n2c1p3,Default,Default,Default,Advanced cost,Default,Net Zero by 2050,FT biofuels CCS,2050,7.54915
h1r1b1n2c1p3,Default,Default,Default,Advanced cost,Default,Net Zero by 2050,LNG,2030,21.56353
h1r1b1n2c1p3,Default,Default,Default,Advanced cost,Default,Net Zero by 2050,LNG,2040,23.46058
h1r1b1n2c1p3,Default,Default,Default,Advanced cost,Default,Net Zero by 2050,LNG,2050,30.93068
h1r1b1n2c1p3,Default,Default,Default,Advanced cost,Default,Net Zero by 2050,ammonia,2030,44.50902
h1r1b1n2c1p3,Default,Default,Default,Advanced cost,Default,Net Zero by 2050,ammonia,2040,44.0496
h1r1b1n2c1p3,Default,Default,Default,Advanced cost,Default,Net Zero by 2050,ammonia,2050,43.28428
h1r1b1n2c1p3,Default,Default,Default,Advanced cost,Default,Net Zero by 2050,e-diesel,2030,90.76452
h1r1b1n2c1p3,Default,Default,Default,Advanced cost,Default,Net Zero by 2050,e-diesel,2040,80.01014
h1r1b1n2c1p3,Default,Default,Default,Advanced cost,Default,Net Zero by 2050,e-diesel,2050,74.6833
h1r1b1n2c1p3,Default,Default,Default,Advanced cost,Default,Net Zero by 2050,electricity,2030,46.76546
h1r1b1n2c1p3,Default,Default,Default,Advanced cost,Default,Net Zero by 2050,electricity,2040,40.4928
h1r1b1n2c1p3,Default,Default,Default,Advanced cost,Default,Net Zero by 2050,electricity,2050,40.46962
h1r1b1n2c1p3,Default,Default,Default,Advanced cost,Default,Net Zero by 2050,hydrogen,2030,49.99457
h1r1b1n2c1p3,Default,Default,Default,Advanced cost,Default,Net Zero by 2050,hydrogen,2040,47.63954
h1r1b1n2c1p3,Default,Default,Default,Advanced cost,Default,Net Zero by 2050,hydrogen,2050,49.1705
h1r1b1n2c1p3,Default,Default,Default,Advanced cost,Default,Net Zero by 2050,petroleum diesel,2030,35.77088
h1r1b1n2c1p3,Default,Default,Default,Advanced cost,Default,Net Zero by 2050,petroleum diesel,2040,34.92561
h1r1b1n2c1p3,Default,Default,Default,Advanced cost,Default,Net Zero by 2050,petroleum diesel,2050,37.13129
h1r1b1n2c1p3,Default,Default,Default,Advanced cost,Default,Net Zero by 2050,renewable diesel,2030,52.098
h1r1b1n2c1p3,Default,Default,Default,Advanced cost,Default,Net Zero by 2050,renewable diesel,2040,46.54582
h1r1b1n2c1p3,Default,Default,Default,Advanced cost,Default,Net Zero by 2050,renewable diesel,2050,44.935
h1r1b1n2c2p1,Default,Default,Default,Advanced cost,Constrained,No policy,FT biofuels,2030,32.05642
h1r1b1n2c2p1,Default,Default,Default,Advanced cost,Constrained,No policy,FT biofuels,2040,31.61053
h1r1b1n2c2p1,Default,Default,Default,Advanced cost,Constrained,No policy,FT biofuels,2050,31.10467
h1r1b1n2c2p1,Default,Default,Default,Advanced cost,Constrained,No policy,FT biofuels CCS,2030,36.1756
h1r1b1n2c2p1,Default,Default,Default,Advanced cost,Constrained,No policy,FT biofuels CCS,2040,36.48357
h1r1b1n2c2p1,Default,Default,Default,Advanced cost,Constrained,No policy,FT biofuels CCS,2050,37.33514
h1r1b1n2c2p1,Default,Default,Default,Advanced cost,Constrained,No policy,LNG,2030,10.88183
h1r1b1n2c2p1,Default,Default,Default,Advanced cost,Constrained,No policy,LNG,2040,10.59645
h1r1b1n2c2p1,Default,Default,Default,Advanced cost,Constrained,No policy,LNG,2050,11.21376
h1r1b1n2c2p1,Default,Default,Default,Advanced cost,Constrained,No policy,ammonia,2030,40.01096
h1r1b1n2c2p1,Default,Default,Default,Advanced cost,Constrained,No policy,ammonia,2040,39.65908
h1r1b1n2c2p1,Default,Default,Default,Advanced cost,Constrained,No policy,ammonia,2050,39.61424
h1r1b1n2c2p1,Default,Default,Default,Advanced cost,Constrained,No policy,e-diesel,2030,83.27586
h1r1b1n2c2p1,Default,Default,Default,Advanced cost,Constrained,No policy,e-diesel,2040,79.49144
h1r1b1n2c2p1,Default,Default,Default,Advanced cost,Constrained,No policy,e-diesel,2050,79.66206
h1r1b1n2c2p1,Default,Default,Default,Advanced cost,Constrained,No policy,electricity,2030,40.85532
h1r1b1n2c2p1,Default,Default,Default,Advanced cost,Constrained,No policy,electricity,2040,37.23145
h1r1b1n2c2p1,Default,Default,Default,Advanced cost,Constrained,No policy,electricity,2050,36.7414
h1r1b1n2c2p1,Default,Default,Default,Advanced cost,Constrained,No policy,hydrogen,2030,41.7574
h1r1b1n2c2p1,Default,Default,Default,Advanced cost,Constrained,No policy,hydrogen,2040,39.63387
h1r1b1n2c2p1,Default,Default,Default,Advanced cost,Constrained,No policy,hydrogen,2050,38.55254
h1r1b1n2c2p1,Default,Default,Default,Advanced cost,Constrained,No policy,petroleum diesel,2030,28.24475
h1r1b1n2c2p1,Default,Default,Default,Advanced cost,Constrained,No policy,petroleum diesel,2040,26.99163
h1r1b1n2c2p1,Default,Default,Default,Advanced cost,Constrained,No policy,petroleum diesel,2050,26.42064
h1r1b1n2c2p1,Default,Default,Default,Advanced cost,Constrained,No policy,renewable diesel,2030,55.87596
h1r1b1n2c2p1,Default,Default,Default,Advanced cost,Constrained,No policy,renewable diesel,2040,48.697
h1r1b1n2c2p1,Default,Default,Default,Advanced cost,Constrained,No policy,renewable diesel,2050,49.71426
h1r1b1n2c2p3,Default,Default,Default,Advanced cost,Constrained,Net Zero by 2050,FT biofuels,2030,26.35581
h1r1b1n2c2p3,Default,Default,Default,Advanced cost,Constrained,Net Zero by 2050,FT biofuels,2040,22.96975
h1r1b1n2c2p3,Default,Default,Default,Advanced cost,Constrained,Net Zero by 2050,FT biofuels,2050,11.12283
h1r1b1n2c2p3,Default,Default,Default,Advanced cost,Constrained,Net Zero by 2050,FT biofuels CCS,2030,21.88644
h1r1b1n2c2p3,Default,Default,Default,Advanced cost,Constrained,Net Zero by 2050,FT biofuels CCS,2040,19.04734
h1r1b1n2c2p3,Default,Default,Default,Advanced cost,Constrained,Net Zero by 2050,FT biofuels CCS,2050,18.34239
h1r1b1n2c2p3,Default,Default,Default,Advanced cost,Constrained,Net Zero by 2050,LNG,2030,22.03082
h1r1b1n2c2p3,Default,Default,Default,Advanced cost,Constrained,Net Zero by 2050,LNG,2040,26.24237
h1r1b1n2c2p3,Default,Default,Default,Advanced cost,Constrained,Net Zero by 2050,LNG,2050,45.44297
h1r1b1n2c2p3,Default,Default,Default,Advanced cost,Constrained,Net Zero by 2050,ammonia,2030,44.78756
h1r1b1n2c2p3,Default,Default,Default,Advanced cost,Constrained,Net Zero by 2050,ammonia,2040,45.4822
h1r1b1n2c2p3,Default,Default,Default,Advanced cost,Constrained,Net Zero by 2050,ammonia,2050,46.094
h1r1b1n2c2p3,Default,Default,Default,Advanced cost,Constrained,Net Zero by 2050,e-diesel,2030,91.55758
h1r1b1n2c2p3,Default,Default,Default,Advanced cost,Constrained,Net Zero by 2050,e-diesel,2040,81.64338
h1r1b1n2c2p3,Default,Default,Default,Advanced cost,Constrained,Net Zero by 2050,e-diesel,2050,69.67832
h1r1b1n2c2p3,Default,Default,Default,Advanced cost,Constrained,Net Zero by 2050,electricity,2030,47.00068
h1r1b1n2c2p3,Default,Default,Default,Advanced cost,Constrained,Net Zero by 2050,electricity,2040,40.57336
h1r1b1n2c2p3,Default,Default,Default,Advanced cost,Constrained,Net Zero by 2050,electricity,2050,40.51142
h1r1b1n2c2p3,Default,Default,Default,Advanced cost,Constrained,Net Zero by 2050,hydrogen,2030,50.49433
h1r1b1n2c2p3,Default,Default,Default,Advanced cost,Constrained,Net Zero by 2050,hydrogen,2040,49.90376
h1r1b1n2c2p3,Default,Default,Default,Advanced cost,Constrained,Net Zero by 2050,hydrogen,2050,56.23861
h1r1b1n2c2p3,Default,Default,Default,Advanced cost,Constrained,Net Zero by 2050,petroleum diesel,2030,36.17762
h1r1b1n2c2p3,Default,Default,Default,Advanced cost,Constrained,Net Zero by 2050,petroleum diesel,2040,37.14597
h1r1b1n2c2p3,Default,Default,Default,Advanced cost,Constrained,Net Zero by 2050,petroleum diesel,2050,46.507
h1r1b1n2c2p3,Default,Default,Default,Advanced cost,Constrained,Net Zero by 2050,renewable diesel,2030,51.67126
h1r1b1n2c2p3,Default,Default,Default,Advanced cost,Constrained,Net Zero by 2050,renewable diesel,2040,44.89548
h1r1b1n2c2p3,Default,Default,Default,Advanced cost,Constrained,Net Zero by 2050,renewable diesel,2050,43.40968
h1r1b2n1c1p1,Default,Default,Constrained,Default,Default,No policy,FT biofuels,2030,32.09317
h1r1b2n1c1p1,Default,Default,Constrained,Default,Default,No policy,FT biofuels,2040,31.81246
h1r1b2n1c1p1,Default,Default,Constrained,Default,Default,No policy,FT biofuels,2050,31.60946
h1r1b2n1c1p1,Default,Default,Constrained,Default,Default,No policy,FT biofuels CCS,2030,35.79891
h1r1b2n1c1p1,Default,Default,Constrained,Default,Default,No policy,FT biofuels CCS,2040,35.41884
h1r1b2n1c1p1,Default,Default,Constrained,Default,Default,No policy,FT biofuels CCS,2050,35.28869
h1r1b2n1c1p1,Default,Default,Constrained,Default,Default,No policy,LNG,2030,10.89464
h1r1b2n1c1p1,Default,Default,Constrained,Default,Default,No policy,LNG,2040,10.7247
h1r1b2n1c1p1,Default,Default,Constrained,Default,Default,No policy,LNG,2050,11.38206
h1r1b2n1c1p1,Default,Default,Constrained,Default,Default,No policy,ammonia,2030,40.0463
h1r1b2n1c1p1,Default,Default,Constrained,Default,Default,No policy,ammonia,2040,39.92736
h1r1b2n1c1p1,Default,Default,Constrained,Default,Default,No policy,ammonia,2050,39.96232
h1r1b2n1c1p1,Default,Default,Constrained,Default,Default,No policy,e-diesel,2030,83.01176
h1r1b2n1c1p1,Default,Default,Constrained,Default,Default,No policy,e-diesel,2040,82.11496
h1r1b2n1c1p1,Default,Default,Constrained,Default,Default,No policy,e-diesel,2050,82.0686
h1r1b2n1c1p1,Default,Default,Constrained,Default,Default,No policy,electricity,2030,40.58172
h1r1b2n1c1p1,Default,Default,Constrained,Default,Default,No policy,electricity,2040,39.29542
h1r1b2n1c1p1,Default,Default,Constrained,Default,Default,No policy,electricity,2050,38.6099
h1r1b2n1c1p1,Default,Default,Constrained,Default,Default,No policy,hydrogen,2030,41.74032
h1r1b2n1c1p1,Default,Default,Constrained,Default,Default,No policy,hydrogen,2040,40.17519
h1r1b2n1c1p1,Default,Default,Constrained,Default,Default,No policy,hydrogen,2050,39.0925
h1r1b2n1c1p1,Default,Default,Constrained,Default,Default,No policy,petroleum diesel,2030,28.24236
h1r1b2n1c1p1,Default,Default,Constrained,Default,Default,No policy,petroleum diesel,2040,27.14507
h1r1b2n1c1p1,Default,Default,Constrained,Default,Default,No policy,petroleum diesel,2050,26.54091
h1r1b2n1c1p1,Default,Default,Constrained,Default,Default,No policy,renewable diesel,2030,55.85848
h1r1b2n1c1p1,Default,Default,Constrained,Default,Default,No policy,renewable diesel,2040,48.86648
h1r1b2n1c1p1,Default,Default,Constrained,Default,Default,No policy,renewable diesel,2050,49.68766
h1r1b2n1c1p2,Default,Default,Constrained,Default,Default,50 Percent by 2050,FT biofuels,2030,30.93641
h1r1b2n1c1p2,Default,Default,Constrained,Default,Default,50 Percent by 2050,FT biofuels,2040,29.81453
h1r1b2n1c1p2,Default,Default,Constrained,Default,Default,50 Percent by 2050,FT biofuels,2050,33.22268
h1r1b2n1c1p2,Default,Default,Constrained,Default,Default,50 Percent by 2050,FT biofuels CCS,2030,30.45923
h1r1b2n1c1p2,Default,Default,Constrained,Default,Default,50 Percent by 2050,FT biofuels CCS,2040,26.09515
h1r1b2n1c1p2,Default,Default,Constrained,Default,Default,50 Percent by 2050,FT biofuels CCS,2050,27.37024
h1r1b2n1c1p2,Default,Default,Constrained,Default,Default,50 Percent by 2050,LNG,2030,15.76006
h1r1b2n1c1p2,Default,Default,Constrained,Default,Default,50 Percent by 2050,LNG,2040,19.54708
h1r1b2n1c1p2,Default,Default,Constrained,Default,Default,50 Percent by 2050,LNG,2050,23.20789
h1r1b2n1c1p2,Default,Default,Constrained,Default,Default,50 Percent by 2050,ammonia,2030,45.2713
h1r1b2n1c1p2,Default,Default,Constrained,Default,Default,50 Percent by 2050,ammonia,2040,46.31136
h1r1b2n1c1p2,Default,Default,Constrained,Default,Default,50 Percent by 2050,ammonia,2050,45.79988
h1r1b2n1c1p2,Default,Default,Constrained,Default,Default,50 Percent by 2050,e-diesel,2030,88.67224
h1r1b2n1c1p2,Default,Default,Constrained,Default,Default,50 Percent by 2050,e-diesel,2040,88.72164
h1r1b2n1c1p2,Default,Default,Constrained,Default,Default,50 Percent by 2050,e-diesel,2050,86.72664
h1r1b2n1c1p2,Default,Default,Constrained,Default,Default,50 Percent by 2050,electricity,2030,44.32472
h1r1b2n1c1p2,Default,Default,Constrained,Default,Default,50 Percent by 2050,electricity,2040,45.68512
h1r1b2n1c1p2,Default,Default,Constrained,Default,Default,50 Percent by 2050,electricity,2050,46.32808
h1r1b2n1c1p2,Default,Default,Constrained,Default,Default,50 Percent by 2050,hydrogen,2030,45.97135
h1r1b2n1c1p2,Default,Default,Constrained,Default,Default,50 Percent by 2050,hydrogen,2040,46.79211
h1r1b2n1c1p2,Default,Default,Constrained,Default,Default,50 Percent by 2050,hydrogen,2050,46.96622
h1r1b2n1c1p2,Default,Default,Constrained,Default,Default,50 Percent by 2050,petroleum diesel,2030,31.63775
h1r1b2n1c1p2,Default,Default,Constrained,Default,Default,50 Percent by 2050,petroleum diesel,2040,32.52468
h1r1b2n1c1p2,Default,Default,Constrained,Default,Default,50 Percent by 2050,petroleum diesel,2050,32.84107
h1r1b2n1c1p2,Default,Default,Constrained,Default,Default,50 Percent by 2050,renewable diesel,2030,53.85588
h1r1b2n1c1p2,Default,Default,Constrained,Default,Default,50 Percent by 2050,renewable diesel,2040,45.33628
h1r1b2n1c1p2,Default,Default,Constrained,Default,Default,50 Percent by 2050,renewable diesel,2050,48.73576
h1r1b2n1c1p3,Default,Default,Constrained,Default,Default,Net Zero by 2050,FT biofuels,2030,26.82215
h1r1b2n1c1p3,Default,Default,Constrained,Default,Default,Net Zero by 2050,FT biofuels,2040,25.5026
h1r1b2n1c1p3,Default,Default,Constrained,Default,Default,Net Zero by 2050,FT biofuels,2050,20.02099
h1r1b2n1c1p3,Default,Default,Constrained,Default,Default,Net Zero by 2050,FT biofuels CCS,2030,21.05474
h1r1b2n1c1p3,Default,Default,Constrained,Default,Default,Net Zero by 2050,FT biofuels CCS,2040,17.05085
h1r1b2n1c1p3,Default,Default,Constrained,Default,Default,Net Zero by 2050,FT biofuels CCS,2050,5.01342
h1r1b2n1c1p3,Default,Default,Constrained,Default,Default,Net Zero by 2050,LNG,2030,21.94337
h1r1b2n1c1p3,Default,Default,Constrained,Default,Default,Net Zero by 2050,LNG,2040,25.27885
h1r1b2n1c1p3,Default,Default,Constrained,Default,Default,Net Zero by 2050,LNG,2050,33.93692
h1r1b2n1c1p3,Default,Default,Constrained,Default,Default,Net Zero by 2050,ammonia,2030,44.67394
h1r1b2n1c1p3,Default,Default,Constrained,Default,Default,Net Zero by 2050,ammonia,2040,44.5208
h1r1b2n1c1p3,Default,Default,Constrained,Default,Default,Net Zero by 2050,ammonia,2050,43.74104
h1r1b2n1c1p3,Default,Default,Constrained,Default,Default,Net Zero by 2050,e-diesel,2030,91.68222
h1r1b2n1c1p3,Default,Default,Constrained,Default,Default,Net Zero by 2050,e-diesel,2040,87.70742
h1r1b2n1c1p3,Default,Default,Constrained,Default,Default,Net Zero by 2050,e-diesel,2050,82.24835
h1r1b2n1c1p3,Default,Default,Constrained,Default,Default,Net Zero by 2050,electricity,2030,47.48632
h1r1b2n1c1p3,Default,Default,Constrained,Default,Default,Net Zero by 2050,electricity,2040,47.8211
h1r1b2n1c1p3,Default,Default,Constrained,Default,Default,Net Zero by 2050,electricity,2050,48.17032
h1r1b2n1c1p3,Default,Default,Constrained,Default,Default,Net Zero by 2050,hydrogen,2030,50.42314
h1r1b2n1c1p3,Default,Default,Constrained,Default,Default,Net Zero by 2050,hydrogen,2040,49.88412
h1r1b2n1c1p3,Default,Default,Constrained,Default,Default,Net Zero by 2050,hydrogen,2050,51.92095
h1r1b2n1c1p3,Default,Default,Constrained,Default,Default,Net Zero by 2050,petroleum diesel,2030,35.94124
h1r1b2n1c1p3,Default,Default,Constrained,Default,Default,Net Zero by 2050,petroleum diesel,2040,35.8282
h1r1b2n1c1p3,Default,Default,Constrained,Default,Default,Net Zero by 2050,petroleum diesel,2050,39.43369
h1r1b2n1c1p3,Default,Default,Constrained,Default,Default,Net Zero by 2050,renewable diesel,2030,52.1911
h1r1b2n1c1p3,Default,Default,Constrained,Default,Default,Net Zero by 2050,renewable diesel,2040,48.0453
h1r1b2n1c1p3,Default,Default,Constrained,Default,Default,Net Zero by 2050,renewable diesel,2050,45.73681
h1r1b2n1c2p1,Default,Default,Constrained,Default,Constrained,No policy,FT biofuels,2030,32.0647
h1r1b2n1c2p1,Default,Default,Constrained,Default,Constrained,No policy,FT biofuels,2040,31.72996
h1r1b2n1c2p1,Default,Default,Constrained,Default,Constrained,No policy,FT biofuels,2050,31.37265
h1r1b2n1c2p1,Default,Default,Constrained,Default,Constrained,No policy,FT biofuels CCS,2030,36.18728
h1r1b2n1c2p1,Default,Default,Constrained,Default,Constrained,No policy,FT biofuels CCS,2040,36.64026
h1r1b2n1c2p1,Default,Default,Constrained,Default,Constrained,No policy,FT biofuels CCS,2050,37.68778
h1r1b2n1c2p1,Default,Default,Constrained,Default,Constrained,No policy,LNG,2030,10.89536
h1r1b2n1c2p1,Default,Default,Constrained,Default,Constrained,No policy,LNG,2040,10.72634
h1r1b2n1c2p1,Default,Default,Constrained,Default,Constrained,No policy,LNG,2050,11.38723
h1r1b2n1c2p1,Default,Default,Constrained,Default,Constrained,No policy,ammonia,2030,40.02844
h1r1b2n1c2p1,Default,Default,Constrained,Default,Constrained,No policy,ammonia,2040,39.85174
h1r1b2n1c2p1,Default,Default,Constrained,Default,Constrained,No policy,ammonia,2050,39.8487
h1r1b2n1c2p1,Default,Default,Constrained,Default,Constrained,No policy,e-diesel,2030,82.98364
h1r1b2n1c2p1,Default,Default,Constrained,Default,Constrained,No policy,e-diesel,2040,82.03706
h1r1b2n1c2p1,Default,Default,Constrained,Default,Constrained,No policy,e-diesel,2050,81.99944
h1r1b2n1c2p1,Default,Default,Constrained,Default,Constrained,No policy,electricity,2030,40.57146
h1r1b2n1c2p1,Default,Default,Constrained,Default,Constrained,No policy,electricity,2040,39.26654
h1r1b2n1c2p1,Default,Default,Constrained,Default,Constrained,No policy,electricity,2050,38.56202
h1r1b2n1c2p1,Default,Default,Constrained,Default,Constrained,No policy,hydrogen,2030,41.73451
h1r1b2n1c2p1,Default,Default,Constrained,Default,Constrained,No policy,hydrogen,2040,40.16272
h1r1b2n1c2p1,Default,Default,Constrained,Default,Constrained,No policy,hydrogen,2050,39.0885
h1r1b2n1c2p1,Default,Default,Constrained,Default,Constrained,No policy,petroleum diesel,2030,28.24464
h1r1b2n1c2p1,Default,Default,Constrained,Default,Constrained,No policy,petroleum diesel,2040,27.17969
h1r1b2n1c2p1,Default,Default,Constrained,Default,Constrained,No policy,petroleum diesel,2050,26.64526
h1r1b2n1c2p1,Default,Default,Constrained,Default,Constrained,No policy,renewable diesel,2030,55.8733
h1r1b2n1c2p1,Default,Default,Constrained,Default,Constrained,No policy,renewable diesel,2040,48.94552
h1r1b2n1c2p1,Default,Default,Constrained,Default,Constrained,No policy,renewable diesel,2050,50.09046
h1r1b2n1c2p2,Default,Default,Constrained,Default,Constrained,50 Percent by 2050,FT biofuels,2030,30.67577
h1r1b2n1c2p2,Default,Default,Constrained,Default,Constrained,50 Percent by 2050,FT biofuels,2040,29.00874
h1r1b2n1c2p2,Default,Default,Constrained,Default,Constrained,50 Percent by 2050,FT biofuels,2050,30.82621
h1r1b2n1c2p2,Default,Default,Constrained,Default,Constrained,50 Percent by 2050,FT biofuels CCS,2030,30.61657
h1r1b2n1c2p2,Default,Default,Constrained,Default,Constrained,50 Percent by 2050,FT biofuels CCS,2040,27.15852
h1r1b2n1c2p2,Default,Default,Constrained,Default,Constrained,50 Percent by 2050,FT biofuels CCS,2050,28.54171
h1r1b2n1c2p2,Default,Default,Constrained,Default,Constrained,50 Percent by 2050,LNG,2030,15.92446
h1r1b2n1c2p2,Default,Default,Constrained,Default,Constrained,50 Percent by 2050,LNG,2040,20.42567
h1r1b2n1c2p2,Default,Default,Constrained,Default,Constrained,50 Percent by 2050,LNG,2050,25.63222
h1r1b2n1c2p2,Default,Default,Constrained,Default,Constrained,50 Percent by 2050,ammonia,2030,45.79532
h1r1b2n1c2p2,Default,Default,Constrained,Default,Constrained,50 Percent by 2050,ammonia,2040,48.20224
h1r1b2n1c2p2,Default,Default,Constrained,Default,Constrained,50 Percent by 2050,ammonia,2050,48.94438
h1r1b2n1c2p2,Default,Default,Constrained,Default,Constrained,50 Percent by 2050,e-diesel,2030,88.8231
h1r1b2n1c2p2,Default,Default,Constrained,Default,Constrained,50 Percent by 2050,e-diesel,2040,90.05848
h1r1b2n1c2p2,Default,Default,Constrained,Default,Constrained,50 Percent by 2050,e-diesel,2050,88.99448
h1r1b2n1c2p2,Default,Default,Constrained,Default,Constrained,50 Percent by 2050,electricity,2030,44.4049
h1r1b2n1c2p2,Default,Default,Constrained,Default,Constrained,50 Percent by 2050,electricity,2040,46.1985
h1r1b2n1c2p2,Default,Default,Constrained,Default,Constrained,50 Percent by 2050,electricity,2050,47.823
h1r1b2n1c2p2,Default,Default,Constrained,Default,Constrained,50 Percent by 2050,hydrogen,2030,46.11035
h1r1b2n1c2p2,Default,Default,Constrained,Default,Constrained,50 Percent by 2050,hydrogen,2040,47.62685
h1r1b2n1c2p2,Default,Default,Constrained,Default,Constrained,50 Percent by 2050,hydrogen,2050,48.8727
h1r1b2n1c2p2,Default,Default,Constrained,Default,Constrained,50 Percent by 2050,petroleum diesel,2030,31.76485
h1r1b2n1c2p2,Default,Default,Constrained,Default,Constrained,50 Percent by 2050,petroleum diesel,2040,33.10968
h1r1b2n1c2p2,Default,Default,Constrained,Default,Constrained,50 Percent by 2050,petroleum diesel,2050,34.34482
h1r1b2n1c2p2,Default,Default,Constrained,Default,Constrained,50 Percent by 2050,renewable diesel,2030,53.79774
h1r1b2n1c2p2,Default,Default,Constrained,Default,Constrained,50 Percent by 2050,renewable diesel,2040,45.03836
h1r1b2n1c2p2,Default,Default,Constrained,Default,Constrained,50 Percent by 2050,renewable diesel,2050,48.44164
h1r1b2n1c2p3,Default,Default,Constrained,Default,Constrained,Net Zero by 2050,FT biofuels,2030,26.26583
h1r1b2n1c2p3,Default,Default,Constrained,Default,Constrained,Net Zero by 2050,FT biofuels,2040,22.49748
h1r1b2n1c2p3,Default,Default,Constrained,Default,Constrained,Net Zero by 2050,FT biofuels,2050,9.24023
h1r1b2n1c2p3,Default,Default,Constrained,Default,Constrained,Net Zero by 2050,FT biofuels CCS,2030,21.65902
h1r1b2n1c2p3,Default,Default,Constrained,Default,Constrained,Net Zero by 2050,FT biofuels CCS,2040,17.74844
h1r1b2n1c2p3,Default,Default,Constrained,Default,Constrained,Net Zero by 2050,FT biofuels CCS,2050,19.54972
h1r1b2n1c2p3,Default,Default,Constrained,Default,Constrained,Net Zero by 2050,LNG,2030,22.56195
h1r1b2n1c2p3,Default,Default,Constrained,Default,Constrained,Net Zero by 2050,LNG,2040,29.46358
h1r1b2n1c2p3,Default,Default,Constrained,Default,Constrained,Net Zero by 2050,LNG,2050,51.08711
h1r1b2n1c2p3,Default,Default,Constrained,Default,Constrained,Net Zero by 2050,ammonia,2030,45.02088
h1r1b2n1c2p3,Default,Default,Constrained,Default,Constrained,Net Zero by 2050,ammonia,2040,46.30338
h1r1b2n1c2p3,Default,Default,Constrained,Default,Constrained,Net Zero by 2050,ammonia,2050,46.4018
h1r1b2n1c2p3,Default,Default,Constrained,Default,Constrained,Net Zero by 2050,e-diesel,2030,92.75534
h1r1b2n1c2p3,Default,Default,Constrained,Default,Constrained,Net Zero by 2050,e-diesel,2040,91.6009
h1r1b2n1c2p3,Default,Default,Constrained,Default,Constrained,Net Zero by 2050,e-diesel,2050,79.14792
h1r1b2n1c2p3,Default,Default,Constrained,Default,Constrained,Net Zero by 2050,electricity,2030,47.88266
h1r1b2n1c2p3,Default,Default,Constrained,Default,Constrained,Net Zero by 2050,electricity,2040,50.11706
h1r1b2n1c2p3,Default,Default,Constrained,Default,Constrained,Net Zero by 2050,electricity,2050,51.82288
h1r1b2n1c2p3,Default,Default,Constrained,Default,Constrained,Net Zero by 2050,hydrogen,2030,51.09261
h1r1b2n1c2p3,Default,Default,Constrained,Default,Constrained,Net Zero by 2050,hydrogen,2040,53.39755
h1r1b2n1c2p3,Default,Default,Constrained,Default,Constrained,Net Zero by 2050,hydrogen,2050,59.63359
h1r1b2n1c2p3,Default,Default,Constrained,Default,Constrained,Net Zero by 2050,petroleum diesel,2030,36.42397
h1r1b2n1c2p3,Default,Default,Constrained,Default,Constrained,Net Zero by 2050,petroleum diesel,2040,38.93354
h1r1b2n1c2p3,Default,Default,Constrained,Default,Constrained,Net Zero by 2050,petroleum diesel,2050,50.01092
h1r1b2n1c2p3,Default,Default,Constrained,Default,Constrained,Net Zero by 2050,renewable diesel,2030,51.7351
h1r1b2n1c2p3,Default,Default,Constrained,Default,Constrained,Net Zero by 2050,renewable diesel,2040,46.66818
h1r1b2n1c2p3,Default,Default,Constrained,Default,Constrained,Net Zero by 2050,renewable diesel,2050,44.9122
h1r1b2n2c1p1,Default,Default,Constrained,Advanced cost,Default,No policy,FT biofuels,2030,32.08477
h1r1b2n2c1p1,Default,Default,Constrained,Advanced cost,Default,No policy,FT biofuels,2040,31.69029
h1r1b2n2c1p1,Default,Default,Constrained,Advanced cost,Default,No policy,FT biofuels,2050,31.39693
h1r1b2n2c1p1,Default,Default,Constrained,Advanced cost,Default,No policy,FT biofuels CCS,2030,35.79088
h1r1b2n2c1p1,Default,Default,Constrained,Advanced cost,Default,No policy,FT biofuels CCS,2040,35.2814
h1r1b2n2c1p1,Default,Default,Constrained,Advanced cost,Default,No policy,FT biofuels CCS,2050,35.05171
h1r1b2n2c1p1,Default,Default,Constrained,Advanced cost,Default,No policy,LNG,2030,10.88153
h1r1b2n2c1p1,Default,Default,Constrained,Advanced cost,Default,No policy,LNG,2040,10.59463
h1r1b2n2c1p1,Default,Default,Constrained,Advanced cost,Default,No policy,LNG,2050,11.2084
h1r1b2n2c1p1,Default,Default,Constrained,Advanced cost,Default,No policy,ammonia,2030,40.0292
h1r1b2n2c1p1,Default,Default,Constrained,Advanced cost,Default,No policy,ammonia,2040,39.7347
h1r1b2n2c1p1,Default,Default,Constrained,Advanced cost,Default,No policy,ammonia,2050,39.72938
h1r1b2n2c1p1,Default,Default,Constrained,Advanced cost,Default,No policy,e-diesel,2030,83.30246
h1r1b2n2c1p1,Default,Default,Constrained,Advanced cost,Default,No policy,e-diesel,2040,79.55756
h1r1b2n2c1p1,Default,Default,Constrained,Advanced cost,Default,No policy,e-diesel,2050,79.71602
h1r1b2n2c1p1,Default,Default,Constrained,Advanced cost,Default,No policy,electricity,2030,40.86406
h1r1b2n2c1p1,Default,Default,Constrained,Advanced cost,Default,No policy,electricity,2040,37.2468
h1r1b2n2c1p1,Default,Default,Constrained,Advanced cost,Default,No policy,electricity,2050,36.76736
h1r1b2n2c1p1,Default,Default,Constrained,Advanced cost,Default,No policy,hydrogen,2030,41.76347
h1r1b2n2c1p1,Default,Default,Constrained,Advanced cost,Default,No policy,hydrogen,2040,39.64453
h1r1b2n2c1p1,Default,Default,Constrained,Advanced cost,Default,No policy,hydrogen,2050,38.55403
h1r1b2n2c1p1,Default,Default,Constrained,Advanced cost,Default,No policy,petroleum diesel,2030,28.24244
h1r1b2n2c1p1,Default,Default,Constrained,Advanced cost,Default,No policy,petroleum diesel,2040,26.95454
h1r1b2n2c1p1,Default,Default,Constrained,Advanced cost,Default,No policy,petroleum diesel,2050,26.31762
h1r1b2n2c1p1,Default,Default,Constrained,Advanced cost,Default,No policy,renewable diesel,2030,55.86114
h1r1b2n2c1p1,Default,Default,Constrained,Advanced cost,Default,No policy,renewable diesel,2040,48.61796
h1r1b2n2c1p1,Default,Default,Constrained,Advanced cost,Default,No policy,renewable diesel,2050,49.3088
h1r1b2n2c1p2,Default,Default,Constrained,Advanced cost,Default,50 Percent by 2050,FT biofuels,2030,31.15996
h1r1b2n2c1p2,Default,Default,Constrained,Advanced cost,Default,50 Percent by 2050,FT biofuels,2040,30.21802
h1r1b2n2c1p2,Default,Default,Constrained,Advanced cost,Default,50 Percent by 2050,FT biofuels,2050,32.05346
h1r1b2n2c1p2,Default,Default,Constrained,Advanced cost,Default,50 Percent by 2050,FT biofuels CCS,2030,31.10149
h1r1b2n2c1p2,Default,Default,Constrained,Advanced cost,Default,50 Percent by 2050,FT biofuels CCS,2040,28.35972
h1r1b2n2c1p2,Default,Default,Constrained,Advanced cost,Default,50 Percent by 2050,FT biofuels CCS,2050,28.15594
h1r1b2n2c1p2,Default,Default,Constrained,Advanced cost,Default,50 Percent by 2050,LNG,2030,15.25621
h1r1b2n2c1p2,Default,Default,Constrained,Advanced cost,Default,50 Percent by 2050,LNG,2040,17.00754
h1r1b2n2c1p2,Default,Default,Constrained,Advanced cost,Default,50 Percent by 2050,LNG,2050,20.4523
h1r1b2n2c1p2,Default,Default,Constrained,Advanced cost,Default,50 Percent by 2050,ammonia,2030,44.91296
h1r1b2n2c1p2,Default,Default,Constrained,Advanced cost,Default,50 Percent by 2050,ammonia,2040,44.93994
h1r1b2n2c1p2,Default,Default,Constrained,Advanced cost,Default,50 Percent by 2050,ammonia,2050,44.89624
h1r1b2n2c1p2,Default,Default,Constrained,Advanced cost,Default,50 Percent by 2050,e-diesel,2030,88.2303
h1r1b2n2c1p2,Default,Default,Constrained,Advanced cost,Default,50 Percent by 2050,e-diesel,2040,82.38666
h1r1b2n2c1p2,Default,Default,Constrained,Advanced cost,Default,50 Percent by 2050,e-diesel,2050,80.53036
h1r1b2n2c1p2,Default,Default,Constrained,Advanced cost,Default,50 Percent by 2050,electricity,2030,44.05226
h1r1b2n2c1p2,Default,Default,Constrained,Advanced cost,Default,50 Percent by 2050,electricity,2040,39.6492
h1r1b2n2c1p2,Default,Default,Constrained,Advanced cost,Default,50 Percent by 2050,electricity,2050,39.89468
h1r1b2n2c1p2,Default,Default,Constrained,Advanced cost,Default,50 Percent by 2050,hydrogen,2030,45.54948
h1r1b2n2c1p2,Default,Default,Constrained,Advanced cost,Default,50 Percent by 2050,hydrogen,2040,44.16987
h1r1b2n2c1p2,Default,Default,Constrained,Advanced cost,Default,50 Percent by 2050,hydrogen,2050,44.30697
h1r1b2n2c1p2,Default,Default,Constrained,Advanced cost,Default,50 Percent by 2050,petroleum diesel,2030,31.28621
h1r1b2n2c1p2,Default,Default,Constrained,Advanced cost,Default,50 Percent by 2050,petroleum diesel,2040,30.69716
h1r1b2n2c1p2,Default,Default,Constrained,Advanced cost,Default,50 Percent by 2050,petroleum diesel,2050,30.92418
h1r1b2n2c1p2,Default,Default,Constrained,Advanced cost,Default,50 Percent by 2050,renewable diesel,2030,54.06526
h1r1b2n2c1p2,Default,Default,Constrained,Advanced cost,Default,50 Percent by 2050,renewable diesel,2040,45.82914
h1r1b2n2c1p2,Default,Default,Constrained,Advanced cost,Default,50 Percent by 2050,renewable diesel,2050,47.94954
h1r1b2n2c1p3,Default,Default,Constrained,Advanced cost,Default,Net Zero by 2050,FT biofuels,2030,26.85213
h1r1b2n2c1p3,Default,Default,Constrained,Advanced cost,Default,Net Zero by 2050,FT biofuels,2040,25.43895
h1r1b2n2c1p3,Default,Default,Constrained,Advanced cost,Default,Net Zero by 2050,FT biofuels,2050,21.22524
h1r1b2n2c1p3,Default,Default,Constrained,Advanced cost,Default,Net Zero by 2050,FT biofuels CCS,2030,21.2655
h1r1b2n2c1p3,Default,Default,Constrained,Advanced cost,Default,Net Zero by 2050,FT biofuels CCS,2040,18.06316
h1r1b2n2c1p3,Default,Default,Constrained,Advanced cost,Default,Net Zero by 2050,FT biofuels CCS,2050,8.21315
h1r1b2n2c1p3,Default,Default,Constrained,Advanced cost,Default,Net Zero by 2050,LNG,2030,21.56353
h1r1b2n2c1p3,Default,Default,Constrained,Advanced cost,Default,Net Zero by 2050,LNG,2040,23.67442
h1r1b2n2c1p3,Default,Default,Constrained,Advanced cost,Default,Net Zero by 2050,LNG,2050,31.10972
h1r1b2n2c1p3,Default,Default,Constrained,Advanced cost,Default,Net Zero by 2050,ammonia,2030,44.50902
h1r1b2n2c1p3,Default,Default,Constrained,Advanced cost,Default,Net Zero by 2050,ammonia,2040,44.08114
h1r1b2n2c1p3,Default,Default,Constrained,Advanced cost,Default,Net Zero by 2050,ammonia,2050,43.29682
h1r1b2n2c1p3,Default,Default,Constrained,Advanced cost,Default,Net Zero by 2050,e-diesel,2030,90.76452
h1r1b2n2c1p3,Default,Default,Constrained,Advanced cost,Default,Net Zero by 2050,e-diesel,2040,79.90716
h1r1b2n2c1p3,Default,Default,Constrained,Advanced cost,Default,Net Zero by 2050,e-diesel,2050,74.56284
h1r1b2n2c1p3,Default,Default,Constrained,Advanced cost,Default,Net Zero by 2050,electricity,2030,46.76546
h1r1b2n2c1p3,Default,Default,Constrained,Advanced cost,Default,Net Zero by 2050,electricity,2040,40.508
h1r1b2n2c1p3,Default,Default,Constrained,Advanced cost,Default,Net Zero by 2050,electricity,2050,40.46126
h1r1b2n2c1p3,Default,Default,Constrained,Advanced cost,Default,Net Zero by 2050,hydrogen,2030,49.99457
h1r1b2n2c1p3,Default,Default,Constrained,Advanced cost,Default,Net Zero by 2050,hydrogen,2040,47.74561
h1r1b2n2c1p3,Default,Default,Constrained,Advanced cost,Default,Net Zero by 2050,hydrogen,2050,49.24077
h1r1b2n2c1p3,Default,Default,Constrained,Advanced cost,Default,Net Zero by 2050,petroleum diesel,2030,35.77088
h1r1b2n2c1p3,Default,Default,Constrained,Advanced cost,Default,Net Zero by 2050,petroleum diesel,2040,35.12819
h1r1b2n2c1p3,Default,Default,Constrained,Advanced cost,Default,Net Zero by 2050,petroleum diesel,2050,37.30003
h1r1b2n2c1p3,Default,Default,Constrained,Advanced cost,Default,Net Zero by 2050,renewable diesel,2030,52.098
h1r1b2n2c1p3,Default,Default,Constrained,Advanced cost,Default,Net Zero by 2050,renewable diesel,2040,46.21902
h1r1b2n2c1p3,Default,Default,Constrained,Advanced cost,Default,Net Zero by 2050,renewable diesel,2050,44.56716
h1r1b2n2c2p1,Default,Default,Constrained,Advanced cost,Constrained,No policy,FT biofuels,2030,32.05642
h1r1b2n2c2p1,Default,Default,Constrained,Advanced cost,Constrained,No policy,FT biofuels,2040,31.61053
h1r1b2n2c2p1,Default,Default,Constrained,Advanced cost,Constrained,No policy,FT biofuels,2050,31.16524
h1r1b2n2c2p1,Default,Default,Constrained,Advanced cost,Constrained,No policy,FT biofuels CCS,2030,36.17559
h1r1b2n2c2p1,Default,Default,Constrained,Advanced cost,Constrained,No policy,FT biofuels CCS,2040,36.48359
h1r1b2n2c2p1,Default,Default,Constrained,Advanced cost,Constrained,No policy,FT biofuels CCS,2050,37.39605
h1r1b2n2c2p1,Default,Default,Constrained,Advanced cost,Constrained,No policy,LNG,2030,10.88217
h1r1b2n2c2p1,Default,Default,Constrained,Advanced cost,Constrained,No policy,LNG,2040,10.59645
h1r1b2n2c2p1,Default,Default,Constrained,Advanced cost,Constrained,No policy,LNG,2050,11.2138
h1r1b2n2c2p1,Default,Default,Constrained,Advanced cost,Constrained,No policy,ammonia,2030,40.01134
h1r1b2n2c2p1,Default,Default,Constrained,Advanced cost,Constrained,No policy,ammonia,2040,39.65908
h1r1b2n2c2p1,Default,Default,Constrained,Advanced cost,Constrained,No policy,ammonia,2050,39.61386
h1r1b2n2c2p1,Default,Default,Constrained,Advanced cost,Constrained,No policy,e-diesel,2030,83.2751
h1r1b2n2c2p1,Default,Default,Constrained,Advanced cost,Constrained,No policy,e-diesel,2040,79.49144
h1r1b2n2c2p1,Default,Default,Constrained,Advanced cost,Constrained,No policy,e-diesel,2050,79.66054
h1r1b2n2c2p1,Default,Default,Constrained,Advanced cost,Constrained,No policy,electricity,2030,40.85456
h1r1b2n2c2p1,Default,Default,Constrained,Advanced cost,Constrained,No policy,electricity,2040,37.23149
h1r1b2n2c2p1,Default,Default,Constrained,Advanced cost,Constrained,No policy,electricity,2050,36.74079
h1r1b2n2c2p1,Default,Default,Constrained,Advanced cost,Constrained,No policy,hydrogen,2030,41.75743
h1r1b2n2c2p1,Default,Default,Constrained,Advanced cost,Constrained,No policy,hydrogen,2040,39.63387
h1r1b2n2c2p1,Default,Default,Constrained,Advanced cost,Constrained,No policy,hydrogen,2050,38.55243
h1r1b2n2c2p1,Default,Default,Constrained,Advanced cost,Constrained,No policy,petroleum diesel,2030,28.24475
h1r1b2n2c2p1,Default,Default,Constrained,Advanced cost,Constrained,No policy,petroleum diesel,2040,26.99163
h1r1b2n2c2p1,Default,Default,Constrained,Advanced cost,Constrained,No policy,petroleum diesel,2050,26.42288
h1r1b2n2c2p1,Default,Default,Constrained,Advanced cost,Constrained,No policy,renewable diesel,2030,55.87596
h1r1b2n2c2p1,Default,Default,Constrained,Advanced cost,Constrained,No policy,renewable diesel,2040,48.697
h1r1b2n2c2p1,Default,Default,Constrained,Advanced cost,Constrained,No policy,renewable diesel,2050,49.70286
h1r1b2n2c2p2,Default,Default,Constrained,Advanced cost,Constrained,50 Percent by 2050,FT biofuels,2030,30.90833
h1r1b2n2c2p2,Default,Default,Constrained,Advanced cost,Constrained,50 Percent by 2050,FT biofuels,2040,29.57088
h1r1b2n2c2p2,Default,Default,Constrained,Advanced cost,Constrained,50 Percent by 2050,FT biofuels,2050,30.28125
h1r1b2n2c2p2,Default,Default,Constrained,Advanced cost,Constrained,50 Percent by 2050,FT biofuels CCS,2030,31.24852
h1r1b2n2c2p2,Default,Default,Constrained,Advanced cost,Constrained,50 Percent by 2050,FT biofuels CCS,2040,29.31704
h1r1b2n2c2p2,Default,Default,Constrained,Advanced cost,Constrained,50 Percent by 2050,FT biofuels CCS,2050,30.1109
h1r1b2n2c2p2,Default,Default,Constrained,Advanced cost,Constrained,50 Percent by 2050,LNG,2030,15.40563
h1r1b2n2c2p2,Default,Default,Constrained,Advanced cost,Constrained,50 Percent by 2050,LNG,2040,17.55686
h1r1b2n2c2p2,Default,Default,Constrained,Advanced cost,Constrained,50 Percent by 2050,LNG,2050,21.74337
h1r1b2n2c2p2,Default,Default,Constrained,Advanced cost,Constrained,50 Percent by 2050,ammonia,2030,45.39366
h1r1b2n2c2p2,Default,Default,Constrained,Advanced cost,Constrained,50 Percent by 2050,ammonia,2040,46.23536
h1r1b2n2c2p2,Default,Default,Constrained,Advanced cost,Constrained,50 Percent by 2050,ammonia,2050,47.31532
h1r1b2n2c2p2,Default,Default,Constrained,Advanced cost,Constrained,50 Percent by 2050,e-diesel,2030,88.35418
h1r1b2n2c2p2,Default,Default,Constrained,Advanced cost,Constrained,50 Percent by 2050,e-diesel,2040,83.02278
h1r1b2n2c2p2,Default,Default,Constrained,Advanced cost,Constrained,50 Percent by 2050,e-diesel,2050,81.77296
h1r1b2n2c2p2,Default,Default,Constrained,Advanced cost,Constrained,50 Percent by 2050,electricity,2030,44.11914
h1r1b2n2c2p2,Default,Default,Constrained,Advanced cost,Constrained,50 Percent by 2050,electricity,2040,39.7974
h1r1b2n2c2p2,Default,Default,Constrained,Advanced cost,Constrained,50 Percent by 2050,electricity,2050,40.19678
h1r1b2n2c2p2,Default,Default,Constrained,Advanced cost,Constrained,50 Percent by 2050,hydrogen,2030,45.67278
h1r1b2n2c2p2,Default,Default,Constrained,Advanced cost,Constrained,50 Percent by 2050,hydrogen,2040,44.64846
h1r1b2n2c2p2,Default,Default,Constrained,Advanced cost,Constrained,50 Percent by 2050,hydrogen,2050,45.33689
h1r1b2n2c2p2,Default,Default,Constrained,Advanced cost,Constrained,50 Percent by 2050,petroleum diesel,2030,31.4018
h1r1b2n2c2p2,Default,Default,Constrained,Advanced cost,Constrained,50 Percent by 2050,petroleum diesel,2040,31.08221
h1r1b2n2c2p2,Default,Default,Constrained,Advanced cost,Constrained,50 Percent by 2050,petroleum diesel,2050,31.70654
h1r1b2n2c2p2,Default,Default,Constrained,Advanced cost,Constrained,50 Percent by 2050,renewable diesel,2030,54.01092
h1r1b2n2c2p2,Default,Default,Constrained,Advanced cost,Constrained,50 Percent by 2050,renewable diesel,2040,45.64484
h1r1b2n2c2p2,Default,Default,Constrained,Advanced cost,Constrained,50 Percent by 2050,renewable diesel,2050,47.79982
h1r1b2n2c2p3,Default,Default,Constrained,Advanced cost,Constrained,Net Zero by 2050,FT biofuels,2030,26.35581
h1r1b2n2c2p3,Default,Default,Constrained,Advanced cost,Constrained,Net Zero by 2050,FT biofuels,2040,23.17403
h1r1b2n2c2p3,Default,Default,Constrained,Advanced cost,Constrained,Net Zero by 2050,FT biofuels,2050,11.51962
h1r1b2n2c2p3,Default,Default,Constrained,Advanced cost,Constrained,Net Zero by 2050,FT biofuels CCS,2030,21.88644
h1r1b2n2c2p3,Default,Default,Constrained,Advanced cost,Constrained,Net Zero by 2050,FT biofuels CCS,2040,19.14094
h1r1b2n2c2p3,Default,Default,Constrained,Advanced cost,Constrained,Net Zero by 2050,FT biofuels CCS,2050,18.0776
h1r1b2n2c2p3,Default,Default,Constrained,Advanced cost,Constrained,Net Zero by 2050,LNG,2030,22.03082
h1r1b2n2c2p3,Default,Default,Constrained,Advanced cost,Constrained,Net Zero by 2050,LNG,2040,26.37812
h1r1b2n2c2p3,Default,Default,Constrained,Advanced cost,Constrained,Net Zero by 2050,LNG,2050,46.10798
h1r1b2n2c2p3,Default,Default,Constrained,Advanced cost,Constrained,Net Zero by 2050,ammonia,2030,44.78756
h1r1b2n2c2p3,Default,Default,Constrained,Advanced cost,Constrained,Net Zero by 2050,ammonia,2040,45.50424
h1r1b2n2c2p3,Default,Default,Constrained,Advanced cost,Constrained,Net Zero by 2050,ammonia,2050,46.12212
h1r1b2n2c2p3,Default,Default,Constrained,Advanced cost,Constrained,Net Zero by 2050,e-diesel,2030,91.55758
h1r1b2n2c2p3,Default,Default,Constrained,Advanced cost,Constrained,Net Zero by 2050,e-diesel,2040,81.57574
h1r1b2n2c2p3,Default,Default,Constrained,Advanced cost,Constrained,Net Zero by 2050,e-diesel,2050,69.2531
h1r1b2n2c2p3,Default,Default,Constrained,Advanced cost,Constrained,Net Zero by 2050,electricity,2030,47.00068
h1r1b2n2c2p3,Default,Default,Constrained,Advanced cost,Constrained,Net Zero by 2050,electricity,2040,40.57602
h1r1b2n2c2p3,Default,Default,Constrained,Advanced cost,Constrained,Net Zero by 2050,electricity,2050,40.48748
h1r1b2n2c2p3,Default,Default,Constrained,Advanced cost,Constrained,Net Zero by 2050,hydrogen,2030,50.49433
h1r1b2n2c2p3,Default,Default,Constrained,Advanced cost,Constrained,Net Zero by 2050,hydrogen,2040,49.97494
h1r1b2n2c2p3,Default,Default,Constrained,Advanced cost,Constrained,Net Zero by 2050,hydrogen,2050,56.45605
h1r1b2n2c2p3,Default,Default,Constrained,Advanced cost,Constrained,Net Zero by 2050,petroleum diesel,2030,36.17762
h1r1b2n2c2p3,Default,Default,Constrained,Advanced cost,Constrained,Net Zero by 2050,petroleum diesel,2040,37.26761
h1r1b2n2c2p3,Default,Default,Constrained,Advanced cost,Constrained,Net Zero by 2050,petroleum diesel,2050,47.03038
h1r1b2n2c2p3,Default,Default,Constrained,Advanced cost,Constrained,Net Zero by 2050,renewable diesel,2030,51.67126
h1r1b2n2c2p3,Default,Default,Constrained,Advanced cost,Constrained,Net Zero by 2050,renewable diesel,2040,44.7013
h1r1b2n2c2p3,Default,Default,Constrained,Advanced cost,Constrained,Net Zero by 2050,renewable diesel,2050,42.8754
h1r2b1n1c1p1,Default,Advanced cost,Default,Default,Default,No policy,FT biofuels,2030,31.98711
h1r2b1n1c1p1,Default,Advanced cost,Default,Default,Default,No policy,FT biofuels,2040,31.70602
h1r2b1n1c1p1,Default,Advanced cost,Default,Default,Default,No policy,FT biofuels,2050,31.27221
h1r2b1n1c1p1,Default,Advanced cost,Default,Default,Default,No policy,FT biofuels CCS,2030,35.68256
h1r2b1n1c1p1,Default,Advanced cost,Default,Default,Default,No policy,FT biofuels CCS,2040,35.30299
h1r2b1n1c1p1,Default,Advanced cost,Default,Default,Default,No policy,FT biofuels CCS,2050,34.93068
h1r2b1n1c1p1,Default,Advanced cost,Default,Default,Default,No policy,LNG,2030,10.82126
h1r2b1n1c1p1,Default,Advanced cost,Default,Default,Default,No policy,LNG,2040,10.65858
h1r2b1n1c1p1,Default,Advanced cost,Default,Default,Default,No policy,LNG,2050,11.27984
h1r2b1n1c1p1,Default,Advanced cost,Default,Default,Default,No policy,ammonia,2030,39.96004
h1r2b1n1c1p1,Default,Advanced cost,Default,Default,Default,No policy,ammonia,2040,39.79056
h1r2b1n1c1p1,Default,Advanced cost,Default,Default,Default,No policy,ammonia,2050,39.64084
h1r2b1n1c1p1,Default,Advanced cost,Default,Default,Default,No policy,e-diesel,2030,81.0255
h1r2b1n1c1p1,Default,Advanced cost,Default,Default,Default,No policy,e-diesel,2040,80.78496
h1r2b1n1c1p1,Default,Advanced cost,Default,Default,Default,No policy,e-diesel,2050,80.2655
h1r2b1n1c1p1,Default,Advanced cost,Default,Default,Default,No policy,electricity,2030,38.89072
h1r2b1n1c1p1,Default,Advanced cost,Default,Default,Default,No policy,electricity,2040,38.34162
h1r2b1n1c1p1,Default,Advanced cost,Default,Default,Default,No policy,electricity,2050,37.57991
h1r2b1n1c1p1,Default,Advanced cost,Default,Default,Default,No policy,hydrogen,2030,41.39042
h1r2b1n1c1p1,Default,Advanced cost,Default,Default,Default,No policy,hydrogen,2040,39.88924
h1r2b1n1c1p1,Default,Advanced cost,Default,Default,Default,No policy,hydrogen,2050,38.70821
h1r2b1n1c1p1,Default,Advanced cost,Default,Default,Default,No policy,petroleum diesel,2030,28.15861
h1r2b1n1c1p1,Default,Advanced cost,Default,Default,Default,No policy,petroleum diesel,2040,26.99167
h1r2b1n1c1p1,Default,Advanced cost,Default,Default,Default,No policy,petroleum diesel,2050,26.34228
h1r2b1n1c1p1,Default,Advanced cost,Default,Default,Default,No policy,renewable diesel,2030,55.72586
h1r2b1n1c1p1,Default,Advanced cost,Default,Default,Default,No policy,renewable diesel,2040,48.70194
h1r2b1n1c1p1,Default,Advanced cost,Default,Default,Default,No policy,renewable diesel,2050,49.38366
h1r2b1n1c1p2,Default,Advanced cost,Default,Default,Default,50 Percent by 2050,FT biofuels,2030,31.44549
h1r2b1n1c1p2,Default,Advanced cost,Default,Default,Default,50 Percent by 2050,FT biofuels,2040,29.1875
h1r2b1n1c1p2,Default,Advanced cost,Default,Default,Default,50 Percent by 2050,FT biofuels,2050,31.5378
h1r2b1n1c1p2,Default,Advanced cost,Default,Default,Default,50 Percent by 2050,FT biofuels CCS,2030,32.1079
h1r2b1n1c1p2,Default,Advanced cost,Default,Default,Default,50 Percent by 2050,FT biofuels CCS,2040,25.88032
h1r2b1n1c1p2,Default,Advanced cost,Default,Default,Default,50 Percent by 2050,FT biofuels CCS,2050,26.60485
h1r2b1n1c1p2,Default,Advanced cost,Default,Default,Default,50 Percent by 2050,LNG,2030,14.35264
h1r2b1n1c1p2,Default,Advanced cost,Default,Default,Default,50 Percent by 2050,LNG,2040,18.91104
h1r2b1n1c1p2,Default,Advanced cost,Default,Default,Default,50 Percent by 2050,LNG,2050,21.88498
h1r2b1n1c1p2,Default,Advanced cost,Default,Default,Default,50 Percent by 2050,ammonia,2030,44.21338
h1r2b1n1c1p2,Default,Advanced cost,Default,Default,Default,50 Percent by 2050,ammonia,2040,45.7159
h1r2b1n1c1p2,Default,Advanced cost,Default,Default,Default,50 Percent by 2050,ammonia,2050,44.79554
h1r2b1n1c1p2,Default,Advanced cost,Default,Default,Default,50 Percent by 2050,e-diesel,2030,85.02918
h1r2b1n1c1p2,Default,Advanced cost,Default,Default,Default,50 Percent by 2050,e-diesel,2040,86.41922
h1r2b1n1c1p2,Default,Advanced cost,Default,Default,Default,50 Percent by 2050,e-diesel,2050,83.37884
h1r2b1n1c1p2,Default,Advanced cost,Default,Default,Default,50 Percent by 2050,electricity,2030,41.49714
h1r2b1n1c1p2,Default,Advanced cost,Default,Default,Default,50 Percent by 2050,electricity,2040,44.14574
h1r2b1n1c1p2,Default,Advanced cost,Default,Default,Default,50 Percent by 2050,electricity,2050,43.82768
h1r2b1n1c1p2,Default,Advanced cost,Default,Default,Default,50 Percent by 2050,hydrogen,2030,44.44762
h1r2b1n1c1p2,Default,Advanced cost,Default,Default,Default,50 Percent by 2050,hydrogen,2040,45.95357
h1r2b1n1c1p2,Default,Advanced cost,Default,Default,Default,50 Percent by 2050,hydrogen,2050,45.54363
h1r2b1n1c1p2,Default,Advanced cost,Default,Default,Default,50 Percent by 2050,petroleum diesel,2030,30.61009
h1r2b1n1c1p2,Default,Advanced cost,Default,Default,Default,50 Percent by 2050,petroleum diesel,2040,31.99134
h1r2b1n1c1p2,Default,Advanced cost,Default,Default,Default,50 Percent by 2050,petroleum diesel,2050,31.7108
h1r2b1n1c1p2,Default,Advanced cost,Default,Default,Default,50 Percent by 2050,renewable diesel,2030,54.30694
h1r2b1n1c1p2,Default,Advanced cost,Default,Default,Default,50 Percent by 2050,renewable diesel,2040,45.4974
h1r2b1n1c1p2,Default,Advanced cost,Default,Default,Default,50 Percent by 2050,renewable diesel,2050,48.31054
h1r2b1n1c1p3,Default,Advanced cost,Default,Default,Default,Net Zero by 2050,FT biofuels,2030,26.8587
h1r2b1n1c1p3,Default,Advanced cost,Default,Default,Default,Net Zero by 2050,FT biofuels,2040,24.93001
h1r2b1n1c1p3,Default,Advanced cost,Default,Default,Default,Net Zero by 2050,FT biofuels,2050,19.57603
h1r2b1n1c1p3,Default,Advanced cost,Default,Default,Default,Net Zero by 2050,FT biofuels CCS,2030,21.46035
h1r2b1n1c1p3,Default,Advanced cost,Default,Default,Default,Net Zero by 2050,FT biofuels CCS,2040,16.84067
h1r2b1n1c1p3,Default,Advanced cost,Default,Default,Default,Net Zero by 2050,FT biofuels CCS,2050,5.39137
h1r2b1n1c1p3,Default,Advanced cost,Default,Default,Default,Net Zero by 2050,LNG,2030,21.41161
h1r2b1n1c1p3,Default,Advanced cost,Default,Default,Default,Net Zero by 2050,LNG,2040,24.76189
h1r2b1n1c1p3,Default,Advanced cost,Default,Default,Default,Net Zero by 2050,LNG,2050,32.75017
h1r2b1n1c1p3,Default,Advanced cost,Default,Default,Default,Net Zero by 2050,ammonia,2030,44.4828
h1r2b1n1c1p3,Default,Advanced cost,Default,Default,Default,Net Zero by 2050,ammonia,2040,44.2282
h1r2b1n1c1p3,Default,Advanced cost,Default,Default,Default,Net Zero by 2050,ammonia,2050,43.1319
h1r2b1n1c1p3,Default,Advanced cost,Default,Default,Default,Net Zero by 2050,e-diesel,2030,89.51774
h1r2b1n1c1p3,Default,Advanced cost,Default,Default,Default,Net Zero by 2050,e-diesel,2040,85.7432
h1r2b1n1c1p3,Default,Advanced cost,Default,Default,Default,Net Zero by 2050,e-diesel,2050,78.52281
h1r2b1n1c1p3,Default,Advanced cost,Default,Default,Default,Net Zero by 2050,electricity,2030,45.70754
h1r2b1n1c1p3,Default,Advanced cost,Default,Default,Default,Net Zero by 2050,electricity,2040,46.56368
h1r2b1n1c1p3,Default,Advanced cost,Default,Default,Default,Net Zero by 2050,electricity,2050,45.47992
h1r2b1n1c1p3,Default,Advanced cost,Default,Default,Default,Net Zero by 2050,hydrogen,2030,49.73378
h1r2b1n1c1p3,Default,Advanced cost,Default,Default,Default,Net Zero by 2050,hydrogen,2040,49.14516
h1r2b1n1c1p3,Default,Advanced cost,Default,Default,Default,Net Zero by 2050,hydrogen,2050,50.42387
h1r2b1n1c1p3,Default,Advanced cost,Default,Default,Default,Net Zero by 2050,petroleum diesel,2030,35.57202
h1r2b1n1c1p3,Default,Advanced cost,Default,Default,Default,Net Zero by 2050,petroleum diesel,2040,35.34384
h1r2b1n1c1p3,Default,Advanced cost,Default,Default,Default,Net Zero by 2050,petroleum diesel,2050,38.41681
h1r2b1n1c1p3,Default,Advanced cost,Default,Default,Default,Net Zero by 2050,renewable diesel,2030,52.01706
h1r2b1n1c1p3,Default,Advanced cost,Default,Default,Default,Net Zero by 2050,renewable diesel,2040,48.11028
h1r2b1n1c1p3,Default,Advanced cost,Default,Default,Default,Net Zero by 2050,renewable diesel,2050,45.58441
h1r2b1n1c2p1,Default,Advanced cost,Default,Default,Constrained,No policy,FT biofuels,2030,31.95944
h1r2b1n1c2p1,Default,Advanced cost,Default,Default,Constrained,No policy,FT biofuels,2040,31.62497
h1r2b1n1c2p1,Default,Advanced cost,Default,Default,Constrained,No policy,FT biofuels,2050,31.11087
h1r2b1n1c2p1,Default,Advanced cost,Default,Default,Constrained,No policy,FT biofuels CCS,2030,36.06722
h1r2b1n1c2p1,Default,Advanced cost,Default,Default,Constrained,No policy,FT biofuels CCS,2040,36.50754
h1r2b1n1c2p1,Default,Advanced cost,Default,Default,Constrained,No policy,FT biofuels CCS,2050,37.3687
h1r2b1n1c2p1,Default,Advanced cost,Default,Default,Constrained,No policy,LNG,2030,10.82153
h1r2b1n1c2p1,Default,Advanced cost,Default,Default,Constrained,No policy,LNG,2040,10.66006
h1r2b1n1c2p1,Default,Advanced cost,Default,Default,Constrained,No policy,LNG,2050,11.28471
h1r2b1n1c2p1,Default,Advanced cost,Default,Default,Constrained,No policy,ammonia,2030,39.94256
h1r2b1n1c2p1,Default,Advanced cost,Default,Default,Constrained,No policy,ammonia,2040,39.71684
h1r2b1n1c2p1,Default,Advanced cost,Default,Default,Constrained,No policy,ammonia,2050,39.5257
h1r2b1n1c2p1,Default,Advanced cost,Default,Default,Constrained,No policy,e-diesel,2030,81.00004
h1r2b1n1c2p1,Default,Advanced cost,Default,Default,Constrained,No policy,e-diesel,2040,80.71086
h1r2b1n1c2p1,Default,Advanced cost,Default,Default,Constrained,No policy,e-diesel,2050,80.18684
h1r2b1n1c2p1,Default,Advanced cost,Default,Default,Constrained,No policy,electricity,2030,38.88312
h1r2b1n1c2p1,Default,Advanced cost,Default,Default,Constrained,No policy,electricity,2040,38.316160000000004
h1r2b1n1c2p1,Default,Advanced cost,Default,Default,Constrained,No policy,electricity,2050,37.53826
h1r2b1n1c2p1,Default,Advanced cost,Default,Default,Constrained,No policy,hydrogen,2030,41.3846
h1r2b1n1c2p1,Default,Advanced cost,Default,Default,Constrained,No policy,hydrogen,2040,39.87705
h1r2b1n1c2p1,Default,Advanced cost,Default,Default,Constrained,No policy,hydrogen,2050,38.70202
h1r2b1n1c2p1,Default,Advanced cost,Default,Default,Constrained,No policy,petroleum diesel,2030,28.161
h1r2b1n1c2p1,Default,Advanced cost,Default,Default,Constrained,No policy,petroleum diesel,2040,27.02739
h1r2b1n1c2p1,Default,Advanced cost,Default,Default,Constrained,No policy,petroleum diesel,2050,26.45115
h1r2b1n1c2p1,Default,Advanced cost,Default,Default,Constrained,No policy,renewable diesel,2030,55.74068
h1r2b1n1c2p1,Default,Advanced cost,Default,Default,Constrained,No policy,renewable diesel,2040,48.77984
h1r2b1n1c2p1,Default,Advanced cost,Default,Default,Constrained,No policy,renewable diesel,2050,49.76138
h1r2b1n1c2p2,Default,Advanced cost,Default,Default,Constrained,50 Percent by 2050,FT biofuels,2030,31.21685
h1r2b1n1c2p2,Default,Advanced cost,Default,Default,Constrained,50 Percent by 2050,FT biofuels,2040,28.48704
h1r2b1n1c2p2,Default,Advanced cost,Default,Default,Constrained,50 Percent by 2050,FT biofuels,2050,29.25935
h1r2b1n1c2p2,Default,Advanced cost,Default,Default,Constrained,50 Percent by 2050,FT biofuels CCS,2030,32.25922
h1r2b1n1c2p2,Default,Advanced cost,Default,Default,Constrained,50 Percent by 2050,FT biofuels CCS,2040,26.86099
h1r2b1n1c2p2,Default,Advanced cost,Default,Default,Constrained,50 Percent by 2050,FT biofuels CCS,2050,28.19761
h1r2b1n1c2p2,Default,Advanced cost,Default,Default,Constrained,50 Percent by 2050,LNG,2030,14.48847
h1r2b1n1c2p2,Default,Advanced cost,Default,Default,Constrained,50 Percent by 2050,LNG,2040,19.67743
h1r2b1n1c2p2,Default,Advanced cost,Default,Default,Constrained,50 Percent by 2050,LNG,2050,23.89675
h1r2b1n1c2p2,Default,Advanced cost,Default,Default,Constrained,50 Percent by 2050,ammonia,2030,44.62644
h1r2b1n1c2p2,Default,Advanced cost,Default,Default,Constrained,50 Percent by 2050,ammonia,2040,47.29632
h1r2b1n1c2p2,Default,Advanced cost,Default,Default,Constrained,50 Percent by 2050,ammonia,2050,47.25946
h1r2b1n1c2p2,Default,Advanced cost,Default,Default,Constrained,50 Percent by 2050,e-diesel,2030,85.14166
h1r2b1n1c2p2,Default,Advanced cost,Default,Default,Constrained,50 Percent by 2050,e-diesel,2040,87.32666
h1r2b1n1c2p2,Default,Advanced cost,Default,Default,Constrained,50 Percent by 2050,e-diesel,2050,84.56786
h1r2b1n1c2p2,Default,Advanced cost,Default,Default,Constrained,50 Percent by 2050,electricity,2030,41.56668
h1r2b1n1c2p2,Default,Advanced cost,Default,Default,Constrained,50 Percent by 2050,electricity,2040,44.55234
h1r2b1n1c2p2,Default,Advanced cost,Default,Default,Constrained,50 Percent by 2050,electricity,2050,44.73094
h1r2b1n1c2p2,Default,Advanced cost,Default,Default,Constrained,50 Percent by 2050,hydrogen,2030,44.55848
h1r2b1n1c2p2,Default,Advanced cost,Default,Default,Constrained,50 Percent by 2050,hydrogen,2040,46.62941
h1r2b1n1c2p2,Default,Advanced cost,Default,Default,Constrained,50 Percent by 2050,hydrogen,2050,46.99224
h1r2b1n1c2p2,Default,Advanced cost,Default,Default,Constrained,50 Percent by 2050,petroleum diesel,2030,30.71535
h1r2b1n1c2p2,Default,Advanced cost,Default,Default,Constrained,50 Percent by 2050,petroleum diesel,2040,32.5351
h1r2b1n1c2p2,Default,Advanced cost,Default,Default,Constrained,50 Percent by 2050,petroleum diesel,2050,33.00212
h1r2b1n1c2p2,Default,Advanced cost,Default,Default,Constrained,50 Percent by 2050,renewable diesel,2030,54.25868
h1r2b1n1c2p2,Default,Advanced cost,Default,Default,Constrained,50 Percent by 2050,renewable diesel,2040,45.18618
h1r2b1n1c2p2,Default,Advanced cost,Default,Default,Constrained,50 Percent by 2050,renewable diesel,2050,47.94308
h1r2b1n1c2p3,Default,Advanced cost,Default,Default,Constrained,Net Zero by 2050,FT biofuels,2030,26.39214
h1r2b1n1c2p3,Default,Advanced cost,Default,Default,Constrained,Net Zero by 2050,FT biofuels,2040,22.57759
h1r2b1n1c2p3,Default,Advanced cost,Default,Default,Constrained,Net Zero by 2050,FT biofuels,2050,9.5768
h1r2b1n1c2p3,Default,Advanced cost,Default,Default,Constrained,Net Zero by 2050,FT biofuels CCS,2030,22.04377
h1r2b1n1c2p3,Default,Advanced cost,Default,Default,Constrained,Net Zero by 2050,FT biofuels CCS,2040,17.43632
h1r2b1n1c2p3,Default,Advanced cost,Default,Default,Constrained,Net Zero by 2050,FT biofuels CCS,2050,19.40596
h1r2b1n1c2p3,Default,Advanced cost,Default,Default,Constrained,Net Zero by 2050,LNG,2030,21.92018
h1r2b1n1c2p3,Default,Advanced cost,Default,Default,Constrained,Net Zero by 2050,LNG,2040,28.08353
h1r2b1n1c2p3,Default,Advanced cost,Default,Default,Constrained,Net Zero by 2050,LNG,2050,48.53716
h1r2b1n1c2p3,Default,Advanced cost,Default,Default,Constrained,Net Zero by 2050,ammonia,2030,44.77768
h1r2b1n1c2p3,Default,Advanced cost,Default,Default,Constrained,Net Zero by 2050,ammonia,2040,45.6494
h1r2b1n1c2p3,Default,Advanced cost,Default,Default,Constrained,Net Zero by 2050,ammonia,2050,45.43242
h1r2b1n1c2p3,Default,Advanced cost,Default,Default,Constrained,Net Zero by 2050,e-diesel,2030,90.40922
h1r2b1n1c2p3,Default,Advanced cost,Default,Default,Constrained,Net Zero by 2050,e-diesel,2040,88.16114
h1r2b1n1c2p3,Default,Advanced cost,Default,Default,Constrained,Net Zero by 2050,e-diesel,2050,72.7396
h1r2b1n1c2p3,Default,Advanced cost,Default,Default,Constrained,Net Zero by 2050,electricity,2030,46.05562
h1r2b1n1c2p3,Default,Advanced cost,Default,Default,Constrained,Net Zero by 2050,electricity,2040,48.21098
h1r2b1n1c2p3,Default,Advanced cost,Default,Default,Constrained,Net Zero by 2050,electricity,2050,47.14394
h1r2b1n1c2p3,Default,Advanced cost,Default,Default,Constrained,Net Zero by 2050,hydrogen,2030,50.28442
h1r2b1n1c2p3,Default,Advanced cost,Default,Default,Constrained,Net Zero by 2050,hydrogen,2040,51.76384
h1r2b1n1c2p3,Default,Advanced cost,Default,Default,Constrained,Net Zero by 2050,hydrogen,2050,56.46806
h1r2b1n1c2p3,Default,Advanced cost,Default,Default,Constrained,Net Zero by 2050,petroleum diesel,2030,35.96832
h1r2b1n1c2p3,Default,Advanced cost,Default,Default,Constrained,Net Zero by 2050,petroleum diesel,2040,37.85146
h1r2b1n1c2p3,Default,Advanced cost,Default,Default,Constrained,Net Zero by 2050,petroleum diesel,2050,48.28038
h1r2b1n1c2p3,Default,Advanced cost,Default,Default,Constrained,Net Zero by 2050,renewable diesel,2030,51.63554
h1r2b1n1c2p3,Default,Advanced cost,Default,Default,Constrained,Net Zero by 2050,renewable diesel,2040,46.80916
h1r2b1n1c2p3,Default,Advanced cost,Default,Default,Constrained,Net Zero by 2050,renewable diesel,2050,44.56146
h1r2b1n2c1p1,Default,Advanced cost,Default,Advanced cost,Default,No policy,FT biofuels,2030,31.9805
h1r2b1n2c1p1,Default,Advanced cost,Default,Advanced cost,Default,No policy,FT biofuels,2040,31.59658
h1r2b1n2c1p1,Default,Advanced cost,Default,Advanced cost,Default,No policy,FT biofuels,2050,31.14396
h1r2b1n2c1p1,Default,Advanced cost,Default,Advanced cost,Default,No policy,FT biofuels CCS,2030,35.67642
h1r2b1n2c1p1,Default,Advanced cost,Default,Advanced cost,Default,No policy,FT biofuels CCS,2040,35.17969
h1r2b1n2c1p1,Default,Advanced cost,Default,Advanced cost,Default,No policy,FT biofuels CCS,2050,34.78234
h1r2b1n2c1p1,Default,Advanced cost,Default,Advanced cost,Default,No policy,LNG,2030,10.81073
h1r2b1n2c1p1,Default,Advanced cost,Default,Advanced cost,Default,No policy,LNG,2040,10.53668
h1r2b1n2c1p1,Default,Advanced cost,Default,Advanced cost,Default,No policy,LNG,2050,11.12097
h1r2b1n2c1p1,Default,Advanced cost,Default,Advanced cost,Default,No policy,ammonia,2030,39.94598
h1r2b1n2c1p1,Default,Advanced cost,Default,Advanced cost,Default,No policy,ammonia,2040,39.61386
h1r2b1n2c1p1,Default,Advanced cost,Default,Advanced cost,Default,No policy,ammonia,2050,39.43526
h1r2b1n2c1p1,Default,Advanced cost,Default,Advanced cost,Default,No policy,e-diesel,2030,81.32684
h1r2b1n2c1p1,Default,Advanced cost,Default,Advanced cost,Default,No policy,e-diesel,2040,78.46088
h1r2b1n2c1p1,Default,Advanced cost,Default,Advanced cost,Default,No policy,e-diesel,2050,78.1698
h1r2b1n2c1p1,Default,Advanced cost,Default,Advanced cost,Default,No policy,electricity,2030,39.17876
h1r2b1n2c1p1,Default,Advanced cost,Default,Advanced cost,Default,No policy,electricity,2040,36.47191
h1r2b1n2c1p1,Default,Advanced cost,Default,Advanced cost,Default,No policy,electricity,2050,35.92505
h1r2b1n2c1p1,Default,Advanced cost,Default,Advanced cost,Default,No policy,hydrogen,2030,41.41731
h1r2b1n2c1p1,Default,Advanced cost,Default,Advanced cost,Default,No policy,hydrogen,2040,39.40598
h1r2b1n2c1p1,Default,Advanced cost,Default,Advanced cost,Default,No policy,hydrogen,2050,38.22679
h1r2b1n2c1p1,Default,Advanced cost,Default,Advanced cost,Default,No policy,petroleum diesel,2030,28.15956
h1r2b1n2c1p1,Default,Advanced cost,Default,Advanced cost,Default,No policy,petroleum diesel,2040,26.81975
h1r2b1n2c1p1,Default,Advanced cost,Default,Advanced cost,Default,No policy,petroleum diesel,2050,26.13564
h1r2b1n2c1p1,Default,Advanced cost,Default,Advanced cost,Default,No policy,renewable diesel,2030,55.73042
h1r2b1n2c1p1,Default,Advanced cost,Default,Advanced cost,Default,No policy,renewable diesel,2040,48.4766
h1r2b1n2c1p1,Default,Advanced cost,Default,Advanced cost,Default,No policy,renewable diesel,2050,49.039
h1r2b1n2c1p2,Default,Advanced cost,Default,Advanced cost,Default,50 Percent by 2050,FT biofuels,2030,31.66487
h1r2b1n2c1p2,Default,Advanced cost,Default,Advanced cost,Default,50 Percent by 2050,FT biofuels,2040,29.84326
h1r2b1n2c1p2,Default,Advanced cost,Default,Advanced cost,Default,50 Percent by 2050,FT biofuels,2050,30.97927
h1r2b1n2c1p2,Default,Advanced cost,Default,Advanced cost,Default,50 Percent by 2050,FT biofuels CCS,2030,32.7218
h1r2b1n2c1p2,Default,Advanced cost,Default,Advanced cost,Default,50 Percent by 2050,FT biofuels CCS,2040,28.23306
h1r2b1n2c1p2,Default,Advanced cost,Default,Advanced cost,Default,50 Percent by 2050,FT biofuels CCS,2050,27.54084
h1r2b1n2c1p2,Default,Advanced cost,Default,Advanced cost,Default,50 Percent by 2050,LNG,2030,13.88478
h1r2b1n2c1p2,Default,Advanced cost,Default,Advanced cost,Default,50 Percent by 2050,LNG,2040,16.61632
h1r2b1n2c1p2,Default,Advanced cost,Default,Advanced cost,Default,50 Percent by 2050,LNG,2050,19.76977
h1r2b1n2c1p2,Default,Advanced cost,Default,Advanced cost,Default,50 Percent by 2050,ammonia,2030,43.86378
h1r2b1n2c1p2,Default,Advanced cost,Default,Advanced cost,Default,50 Percent by 2050,ammonia,2040,44.49192
h1r2b1n2c1p2,Default,Advanced cost,Default,Advanced cost,Default,50 Percent by 2050,ammonia,2050,44.1028
h1r2b1n2c1p2,Default,Advanced cost,Default,Advanced cost,Default,50 Percent by 2050,e-diesel,2030,84.7229
h1r2b1n2c1p2,Default,Advanced cost,Default,Advanced cost,Default,50 Percent by 2050,e-diesel,2040,80.85032
h1r2b1n2c1p2,Default,Advanced cost,Default,Advanced cost,Default,50 Percent by 2050,e-diesel,2050,78.50458
h1r2b1n2c1p2,Default,Advanced cost,Default,Advanced cost,Default,50 Percent by 2050,electricity,2030,41.35426
h1r2b1n2c1p2,Default,Advanced cost,Default,Advanced cost,Default,50 Percent by 2050,electricity,2040,38.76494
h1r2b1n2c1p2,Default,Advanced cost,Default,Advanced cost,Default,50 Percent by 2050,electricity,2050,38.77862
h1r2b1n2c1p2,Default,Advanced cost,Default,Advanced cost,Default,50 Percent by 2050,hydrogen,2030,44.06662
h1r2b1n2c1p2,Default,Advanced cost,Default,Advanced cost,Default,50 Percent by 2050,hydrogen,2040,43.62907
h1r2b1n2c1p2,Default,Advanced cost,Default,Advanced cost,Default,50 Percent by 2050,hydrogen,2050,43.49961
h1r2b1n2c1p2,Default,Advanced cost,Default,Advanced cost,Default,50 Percent by 2050,petroleum diesel,2030,30.28288
h1r2b1n2c1p2,Default,Advanced cost,Default,Advanced cost,Default,50 Percent by 2050,petroleum diesel,2040,30.38801
h1r2b1n2c1p2,Default,Advanced cost,Default,Advanced cost,Default,50 Percent by 2050,petroleum diesel,2050,30.29532
h1r2b1n2c1p2,Default,Advanced cost,Default,Advanced cost,Default,50 Percent by 2050,renewable diesel,2030,54.52202
h1r2b1n2c1p2,Default,Advanced cost,Default,Advanced cost,Default,50 Percent by 2050,renewable diesel,2040,45.88196
h1r2b1n2c1p2,Default,Advanced cost,Default,Advanced cost,Default,50 Percent by 2050,renewable diesel,2050,47.6805
h1r2b1n2c1p3,Default,Advanced cost,Default,Advanced cost,Default,Net Zero by 2050,FT biofuels,2030,26.89256
h1r2b1n2c1p3,Default,Advanced cost,Default,Advanced cost,Default,Net Zero by 2050,FT biofuels,2040,25.01688
h1r2b1n2c1p3,Default,Advanced cost,Default,Advanced cost,Default,Net Zero by 2050,FT biofuels,2050,20.49769
h1r2b1n2c1p3,Default,Advanced cost,Default,Advanced cost,Default,Net Zero by 2050,FT biofuels CCS,2030,21.66871
h1r2b1n2c1p3,Default,Advanced cost,Default,Advanced cost,Default,Net Zero by 2050,FT biofuels CCS,2040,17.85542
h1r2b1n2c1p3,Default,Advanced cost,Default,Advanced cost,Default,Net Zero by 2050,FT biofuels CCS,2050,7.83459
h1r2b1n2c1p3,Default,Advanced cost,Default,Advanced cost,Default,Net Zero by 2050,LNG,2030,21.03238
h1r2b1n2c1p3,Default,Advanced cost,Default,Advanced cost,Default,Net Zero by 2050,LNG,2040,23.36146
h1r2b1n2c1p3,Default,Advanced cost,Default,Advanced cost,Default,Net Zero by 2050,LNG,2050,30.5678
h1r2b1n2c1p3,Default,Advanced cost,Default,Advanced cost,Default,Net Zero by 2050,ammonia,2030,44.30876
h1r2b1n2c1p3,Default,Advanced cost,Default,Advanced cost,Default,Net Zero by 2050,ammonia,2040,43.83946
h1r2b1n2c1p3,Default,Advanced cost,Default,Advanced cost,Default,Net Zero by 2050,ammonia,2050,42.78648
h1r2b1n2c1p3,Default,Advanced cost,Default,Advanced cost,Default,Net Zero by 2050,e-diesel,2030,88.69124
h1r2b1n2c1p3,Default,Advanced cost,Default,Advanced cost,Default,Net Zero by 2050,e-diesel,2040,78.64936
h1r2b1n2c1p3,Default,Advanced cost,Default,Advanced cost,Default,Net Zero by 2050,e-diesel,2050,72.55454
h1r2b1n2c1p3,Default,Advanced cost,Default,Advanced cost,Default,Net Zero by 2050,electricity,2030,45.07788
h1r2b1n2c1p3,Default,Advanced cost,Default,Advanced cost,Default,Net Zero by 2050,electricity,2040,39.89316
h1r2b1n2c1p3,Default,Advanced cost,Default,Advanced cost,Default,Net Zero by 2050,electricity,2050,39.45844
h1r2b1n2c1p3,Default,Advanced cost,Default,Advanced cost,Default,Net Zero by 2050,hydrogen,2030,49.3136
h1r2b1n2c1p3,Default,Advanced cost,Default,Advanced cost,Default,Net Zero by 2050,hydrogen,2040,47.25638
h1r2b1n2c1p3,Default,Advanced cost,Default,Advanced cost,Default,Net Zero by 2050,hydrogen,2050,48.39666
h1r2b1n2c1p3,Default,Advanced cost,Default,Advanced cost,Default,Net Zero by 2050,petroleum diesel,2030,35.40778
h1r2b1n2c1p3,Default,Advanced cost,Default,Advanced cost,Default,Net Zero by 2050,petroleum diesel,2040,34.80421
h1r2b1n2c1p3,Default,Advanced cost,Default,Advanced cost,Default,Net Zero by 2050,petroleum diesel,2050,36.75218
h1r2b1n2c1p3,Default,Advanced cost,Default,Advanced cost,Default,Net Zero by 2050,renewable diesel,2030,51.94372
h1r2b1n2c1p3,Default,Advanced cost,Default,Advanced cost,Default,Net Zero by 2050,renewable diesel,2040,46.29084
h1r2b1n2c1p3,Default,Advanced cost,Default,Advanced cost,Default,Net Zero by 2050,renewable diesel,2050,44.5436
h1r2b1n2c2p1,Default,Advanced cost,Default,Advanced cost,Constrained,No policy,FT biofuels,2030,31.95291
h1r2b1n2c2p1,Default,Advanced cost,Default,Advanced cost,Constrained,No policy,FT biofuels,2040,31.51796
h1r2b1n2c2p1,Default,Advanced cost,Default,Advanced cost,Constrained,No policy,FT biofuels,2050,30.98558
h1r2b1n2c2p1,Default,Advanced cost,Default,Advanced cost,Constrained,No policy,FT biofuels CCS,2030,36.05779
h1r2b1n2c2p1,Default,Advanced cost,Default,Advanced cost,Constrained,No policy,FT biofuels CCS,2040,36.36677
h1r2b1n2c2p1,Default,Advanced cost,Default,Advanced cost,Constrained,No policy,FT biofuels CCS,2050,37.16776
h1r2b1n2c2p1,Default,Advanced cost,Default,Advanced cost,Constrained,No policy,LNG,2030,10.811
h1r2b1n2c2p1,Default,Advanced cost,Default,Advanced cost,Constrained,No policy,LNG,2040,10.53831
h1r2b1n2c2p1,Default,Advanced cost,Default,Advanced cost,Constrained,No policy,LNG,2050,11.12606
h1r2b1n2c2p1,Default,Advanced cost,Default,Advanced cost,Constrained,No policy,ammonia,2030,39.9285
h1r2b1n2c2p1,Default,Advanced cost,Default,Advanced cost,Constrained,No policy,ammonia,2040,39.54052
h1r2b1n2c2p1,Default,Advanced cost,Default,Advanced cost,Constrained,No policy,ammonia,2050,39.31936
h1r2b1n2c2p1,Default,Advanced cost,Default,Advanced cost,Constrained,No policy,e-diesel,2030,81.30214
h1r2b1n2c2p1,Default,Advanced cost,Default,Advanced cost,Constrained,No policy,e-diesel,2040,78.39666
h1r2b1n2c2p1,Default,Advanced cost,Default,Advanced cost,Constrained,No policy,e-diesel,2050,78.10406
h1r2b1n2c2p1,Default,Advanced cost,Default,Advanced cost,Constrained,No policy,electricity,2030,39.17154
h1r2b1n2c2p1,Default,Advanced cost,Default,Advanced cost,Constrained,No policy,electricity,2040,36.45811
h1r2b1n2c2p1,Default,Advanced cost,Default,Advanced cost,Constrained,No policy,electricity,2050,35.90141
h1r2b1n2c2p1,Default,Advanced cost,Default,Advanced cost,Constrained,No policy,hydrogen,2030,41.4116
h1r2b1n2c2p1,Default,Advanced cost,Default,Advanced cost,Constrained,No policy,hydrogen,2040,39.39537
h1r2b1n2c2p1,Default,Advanced cost,Default,Advanced cost,Constrained,No policy,hydrogen,2050,38.22305
h1r2b1n2c2p1,Default,Advanced cost,Default,Advanced cost,Constrained,No policy,petroleum diesel,2030,28.16199
h1r2b1n2c2p1,Default,Advanced cost,Default,Advanced cost,Constrained,No policy,petroleum diesel,2040,26.85734
h1r2b1n2c2p1,Default,Advanced cost,Default,Advanced cost,Constrained,No policy,petroleum diesel,2050,26.25682
h1r2b1n2c2p1,Default,Advanced cost,Default,Advanced cost,Constrained,No policy,renewable diesel,2030,55.74562
h1r2b1n2c2p1,Default,Advanced cost,Default,Advanced cost,Constrained,No policy,renewable diesel,2040,48.55488
h1r2b1n2c2p1,Default,Advanced cost,Default,Advanced cost,Constrained,No policy,renewable diesel,2050,49.41064
h1r2b1n2c2p2,Default,Advanced cost,Default,Advanced cost,Constrained,50 Percent by 2050,FT biofuels,2030,31.44283
h1r2b1n2c2p2,Default,Advanced cost,Default,Advanced cost,Constrained,50 Percent by 2050,FT biofuels,2040,29.29466
h1r2b1n2c2p2,Default,Advanced cost,Default,Advanced cost,Constrained,50 Percent by 2050,FT biofuels,2050,29.28079
h1r2b1n2c2p2,Default,Advanced cost,Default,Advanced cost,Constrained,50 Percent by 2050,FT biofuels CCS,2030,32.8663
h1r2b1n2c2p2,Default,Advanced cost,Default,Advanced cost,Constrained,50 Percent by 2050,FT biofuels CCS,2040,29.13091
h1r2b1n2c2p2,Default,Advanced cost,Default,Advanced cost,Constrained,50 Percent by 2050,FT biofuels CCS,2050,29.37421
h1r2b1n2c2p2,Default,Advanced cost,Default,Advanced cost,Constrained,50 Percent by 2050,LNG,2030,14.01043
h1r2b1n2c2p2,Default,Advanced cost,Default,Advanced cost,Constrained,50 Percent by 2050,LNG,2040,17.12597
h1r2b1n2c2p2,Default,Advanced cost,Default,Advanced cost,Constrained,50 Percent by 2050,LNG,2050,20.9398
h1r2b1n2c2p2,Default,Advanced cost,Default,Advanced cost,Constrained,50 Percent by 2050,ammonia,2030,44.2453
h1r2b1n2c2p2,Default,Advanced cost,Default,Advanced cost,Constrained,50 Percent by 2050,ammonia,2040,45.6228
h1r2b1n2c2p2,Default,Advanced cost,Default,Advanced cost,Constrained,50 Percent by 2050,ammonia,2050,46.04308
h1r2b1n2c2p2,Default,Advanced cost,Default,Advanced cost,Constrained,50 Percent by 2050,e-diesel,2030,84.8198
h1r2b1n2c2p2,Default,Advanced cost,Default,Advanced cost,Constrained,50 Percent by 2050,e-diesel,2040,81.28504
h1r2b1n2c2p2,Default,Advanced cost,Default,Advanced cost,Constrained,50 Percent by 2050,e-diesel,2050,79.22506
h1r2b1n2c2p2,Default,Advanced cost,Default,Advanced cost,Constrained,50 Percent by 2050,electricity,2030,41.41544
h1r2b1n2c2p2,Default,Advanced cost,Default,Advanced cost,Constrained,50 Percent by 2050,electricity,2040,38.89794
h1r2b1n2c2p2,Default,Advanced cost,Default,Advanced cost,Constrained,50 Percent by 2050,electricity,2050,39.0431
h1r2b1n2c2p2,Default,Advanced cost,Default,Advanced cost,Constrained,50 Percent by 2050,hydrogen,2030,44.16792
h1r2b1n2c2p2,Default,Advanced cost,Default,Advanced cost,Constrained,50 Percent by 2050,hydrogen,2040,44.04322
h1r2b1n2c2p2,Default,Advanced cost,Default,Advanced cost,Constrained,50 Percent by 2050,hydrogen,2050,44.36125
h1r2b1n2c2p2,Default,Advanced cost,Default,Advanced cost,Constrained,50 Percent by 2050,petroleum diesel,2030,30.38038
h1r2b1n2c2p2,Default,Advanced cost,Default,Advanced cost,Constrained,50 Percent by 2050,petroleum diesel,2040,30.75262
h1r2b1n2c2p2,Default,Advanced cost,Default,Advanced cost,Constrained,50 Percent by 2050,petroleum diesel,2050,31.03168
h1r2b1n2c2p2,Default,Advanced cost,Default,Advanced cost,Constrained,50 Percent by 2050,renewable diesel,2030,54.47642
h1r2b1n2c2p2,Default,Advanced cost,Default,Advanced cost,Constrained,50 Percent by 2050,renewable diesel,2040,45.6741
h1r2b1n2c2p2,Default,Advanced cost,Default,Advanced cost,Constrained,50 Percent by 2050,renewable diesel,2050,47.47834
h1r2b1n2c2p3,Default,Advanced cost,Default,Advanced cost,Constrained,Net Zero by 2050,FT biofuels,2030,26.47631
h1r2b1n2c2p3,Default,Advanced cost,Default,Advanced cost,Constrained,Net Zero by 2050,FT biofuels,2040,22.96116
h1r2b1n2c2p3,Default,Advanced cost,Default,Advanced cost,Constrained,Net Zero by 2050,FT biofuels,2050,11.24941
h1r2b1n2c2p3,Default,Advanced cost,Default,Advanced cost,Constrained,Net Zero by 2050,FT biofuels CCS,2030,22.26676
h1r2b1n2c2p3,Default,Advanced cost,Default,Advanced cost,Constrained,Net Zero by 2050,FT biofuels CCS,2040,18.96067
h1r2b1n2c2p3,Default,Advanced cost,Default,Advanced cost,Constrained,Net Zero by 2050,FT biofuels CCS,2050,18.01358
h1r2b1n2c2p3,Default,Advanced cost,Default,Advanced cost,Constrained,Net Zero by 2050,LNG,2030,21.42348
h1r2b1n2c2p3,Default,Advanced cost,Default,Advanced cost,Constrained,Net Zero by 2050,LNG,2040,26.03604
h1r2b1n2c2p3,Default,Advanced cost,Default,Advanced cost,Constrained,Net Zero by 2050,LNG,2050,44.93967
h1r2b1n2c2p3,Default,Advanced cost,Default,Advanced cost,Constrained,Net Zero by 2050,ammonia,2030,44.55044
h1r2b1n2c2p3,Default,Advanced cost,Default,Advanced cost,Constrained,Net Zero by 2050,ammonia,2040,45.1573
h1r2b1n2c2p3,Default,Advanced cost,Default,Advanced cost,Constrained,Net Zero by 2050,ammonia,2050,45.21202
h1r2b1n2c2p3,Default,Advanced cost,Default,Advanced cost,Constrained,Net Zero by 2050,e-diesel,2030,89.36992
h1r2b1n2c2p3,Default,Advanced cost,Default,Advanced cost,Constrained,Net Zero by 2050,e-diesel,2040,79.63546
h1r2b1n2c2p3,Default,Advanced cost,Default,Advanced cost,Constrained,Net Zero by 2050,e-diesel,2050,66.1162
h1r2b1n2c2p3,Default,Advanced cost,Default,Advanced cost,Constrained,Net Zero by 2050,electricity,2030,45.29904
h1r2b1n2c2p3,Default,Advanced cost,Default,Advanced cost,Constrained,Net Zero by 2050,electricity,2040,39.9855
h1r2b1n2c2p3,Default,Advanced cost,Default,Advanced cost,Constrained,Net Zero by 2050,electricity,2050,39.44552
h1r2b1n2c2p3,Default,Advanced cost,Default,Advanced cost,Constrained,Net Zero by 2050,hydrogen,2030,49.73515
h1r2b1n2c2p3,Default,Advanced cost,Default,Advanced cost,Constrained,Net Zero by 2050,hydrogen,2040,49.2864
h1r2b1n2c2p3,Default,Advanced cost,Default,Advanced cost,Constrained,Net Zero by 2050,hydrogen,2050,54.41441
h1r2b1n2c2p3,Default,Advanced cost,Default,Advanced cost,Constrained,Net Zero by 2050,petroleum diesel,2030,35.7418
h1r2b1n2c2p3,Default,Advanced cost,Default,Advanced cost,Constrained,Net Zero by 2050,petroleum diesel,2040,36.9406
h1r2b1n2c2p3,Default,Advanced cost,Default,Advanced cost,Constrained,Net Zero by 2050,petroleum diesel,2050,46.11085
h1r2b1n2c2p3,Default,Advanced cost,Default,Advanced cost,Constrained,Net Zero by 2050,renewable diesel,2030,51.58956
h1r2b1n2c2p3,Default,Advanced cost,Default,Advanced cost,Constrained,Net Zero by 2050,renewable diesel,2040,44.63062
h1r2b1n2c2p3,Default,Advanced cost,Default,Advanced cost,Constrained,Net Zero by 2050,renewable diesel,2050,42.77774
h1r2b2n1c1p1,Default,Advanced cost,Constrained,Default,Default,No policy,FT biofuels,2030,31.98711
h1r2b2n1c1p1,Default,Advanced cost,Constrained,Default,Default,No policy,FT biofuels,2040,31.70602
h1r2b2n1c1p1,Default,Advanced cost,Constrained,Default,Default,No policy,FT biofuels,2050,31.41046
h1r2b2n1c1p1,Default,Advanced cost,Constrained,Default,Default,No policy,FT biofuels CCS,2030,35.68256
h1r2b2n1c1p1,Default,Advanced cost,Constrained,Default,Default,No policy,FT biofuels CCS,2040,35.30299
h1r2b2n1c1p1,Default,Advanced cost,Constrained,Default,Default,No policy,FT biofuels CCS,2050,35.07286
h1r2b2n1c1p1,Default,Advanced cost,Constrained,Default,Default,No policy,LNG,2030,10.82126
h1r2b2n1c1p1,Default,Advanced cost,Constrained,Default,Default,No policy,LNG,2040,10.65858
h1r2b2n1c1p1,Default,Advanced cost,Constrained,Default,Default,No policy,LNG,2050,11.27992
h1r2b2n1c1p1,Default,Advanced cost,Constrained,Default,Default,No policy,ammonia,2030,39.96004
h1r2b2n1c1p1,Default,Advanced cost,Constrained,Default,Default,No policy,ammonia,2040,39.79056
h1r2b2n1c1p1,Default,Advanced cost,Constrained,Default,Default,No policy,ammonia,2050,39.64008
h1r2b2n1c1p1,Default,Advanced cost,Constrained,Default,Default,No policy,e-diesel,2030,81.0255
h1r2b2n1c1p1,Default,Advanced cost,Constrained,Default,Default,No policy,e-diesel,2040,80.78496
h1r2b2n1c1p1,Default,Advanced cost,Constrained,Default,Default,No policy,e-diesel,2050,80.26246
h1r2b2n1c1p1,Default,Advanced cost,Constrained,Default,Default,No policy,electricity,2030,38.89072
h1r2b2n1c1p1,Default,Advanced cost,Constrained,Default,Default,No policy,electricity,2040,38.34162
h1r2b2n1c1p1,Default,Advanced cost,Constrained,Default,Default,No policy,electricity,2050,37.57885
h1r2b2n1c1p1,Default,Advanced cost,Constrained,Default,Default,No policy,hydrogen,2030,41.39042
h1r2b2n1c1p1,Default,Advanced cost,Constrained,Default,Default,No policy,hydrogen,2040,39.88924
h1r2b2n1c1p1,Default,Advanced cost,Constrained,Default,Default,No policy,hydrogen,2050,38.70797
h1r2b2n1c1p1,Default,Advanced cost,Constrained,Default,Default,No policy,petroleum diesel,2030,28.15861
h1r2b2n1c1p1,Default,Advanced cost,Constrained,Default,Default,No policy,petroleum diesel,2040,26.99167
h1r2b2n1c1p1,Default,Advanced cost,Constrained,Default,Default,No policy,petroleum diesel,2050,26.34768
h1r2b2n1c1p1,Default,Advanced cost,Constrained,Default,Default,No policy,renewable diesel,2030,55.72586
h1r2b2n1c1p1,Default,Advanced cost,Constrained,Default,Default,No policy,renewable diesel,2040,48.70194
h1r2b2n1c1p1,Default,Advanced cost,Constrained,Default,Default,No policy,renewable diesel,2050,49.35478
h1r2b2n1c1p2,Default,Advanced cost,Constrained,Default,Default,50 Percent by 2050,FT biofuels,2030,31.44549
h1r2b2n1c1p2,Default,Advanced cost,Constrained,Default,Default,50 Percent by 2050,FT biofuels,2040,29.64604
h1r2b2n1c1p2,Default,Advanced cost,Constrained,Default,Default,50 Percent by 2050,FT biofuels,2050,32.17407
h1r2b2n1c1p2,Default,Advanced cost,Constrained,Default,Default,50 Percent by 2050,FT biofuels CCS,2030,32.1079
h1r2b2n1c1p2,Default,Advanced cost,Constrained,Default,Default,50 Percent by 2050,FT biofuels CCS,2040,26.29626
h1r2b2n1c1p2,Default,Advanced cost,Constrained,Default,Default,50 Percent by 2050,FT biofuels CCS,2050,27.0816
h1r2b2n1c1p2,Default,Advanced cost,Constrained,Default,Default,50 Percent by 2050,LNG,2030,14.35264
h1r2b2n1c1p2,Default,Advanced cost,Constrained,Default,Default,50 Percent by 2050,LNG,2040,18.97721
h1r2b2n1c1p2,Default,Advanced cost,Constrained,Default,Default,50 Percent by 2050,LNG,2050,22.1031
h1r2b2n1c1p2,Default,Advanced cost,Constrained,Default,Default,50 Percent by 2050,ammonia,2030,44.21338
h1r2b2n1c1p2,Default,Advanced cost,Constrained,Default,Default,50 Percent by 2050,ammonia,2040,45.74212
h1r2b2n1c1p2,Default,Advanced cost,Constrained,Default,Default,50 Percent by 2050,ammonia,2050,44.8286
h1r2b2n1c1p2,Default,Advanced cost,Constrained,Default,Default,50 Percent by 2050,e-diesel,2030,85.02918
h1r2b2n1c1p2,Default,Advanced cost,Constrained,Default,Default,50 Percent by 2050,e-diesel,2040,86.4196
h1r2b2n1c1p2,Default,Advanced cost,Constrained,Default,Default,50 Percent by 2050,e-diesel,2050,83.31994
h1r2b2n1c1p2,Default,Advanced cost,Constrained,Default,Default,50 Percent by 2050,electricity,2030,41.49714
h1r2b2n1c1p2,Default,Advanced cost,Constrained,Default,Default,50 Percent by 2050,electricity,2040,44.17462
h1r2b2n1c1p2,Default,Advanced cost,Constrained,Default,Default,50 Percent by 2050,electricity,2050,43.8938
h1r2b2n1c1p2,Default,Advanced cost,Constrained,Default,Default,50 Percent by 2050,hydrogen,2030,44.44762
h1r2b2n1c1p2,Default,Advanced cost,Constrained,Default,Default,50 Percent by 2050,hydrogen,2040,45.99572
h1r2b2n1c1p2,Default,Advanced cost,Constrained,Default,Default,50 Percent by 2050,hydrogen,2050,45.65711
h1r2b2n1c1p2,Default,Advanced cost,Constrained,Default,Default,50 Percent by 2050,petroleum diesel,2030,30.61009
h1r2b2n1c1p2,Default,Advanced cost,Constrained,Default,Default,50 Percent by 2050,petroleum diesel,2040,32.04547
h1r2b2n1c1p2,Default,Advanced cost,Constrained,Default,Default,50 Percent by 2050,petroleum diesel,2050,31.90656
h1r2b2n1c1p2,Default,Advanced cost,Constrained,Default,Default,50 Percent by 2050,renewable diesel,2030,54.30694
h1r2b2n1c1p2,Default,Advanced cost,Constrained,Default,Default,50 Percent by 2050,renewable diesel,2040,45.29068
h1r2b2n1c1p2,Default,Advanced cost,Constrained,Default,Default,50 Percent by 2050,renewable diesel,2050,48.18286
h1r2b2n1c1p3,Default,Advanced cost,Constrained,Default,Default,Net Zero by 2050,FT biofuels,2030,26.8587
h1r2b2n1c1p3,Default,Advanced cost,Constrained,Default,Default,Net Zero by 2050,FT biofuels,2040,25.37385
h1r2b2n1c1p3,Default,Advanced cost,Constrained,Default,Default,Net Zero by 2050,FT biofuels,2050,20.33849
h1r2b2n1c1p3,Default,Advanced cost,Constrained,Default,Default,Net Zero by 2050,FT biofuels CCS,2030,21.46035
h1r2b2n1c1p3,Default,Advanced cost,Constrained,Default,Default,Net Zero by 2050,FT biofuels CCS,2040,17.02268
h1r2b2n1c1p3,Default,Advanced cost,Constrained,Default,Default,Net Zero by 2050,FT biofuels CCS,2050,6.01787
h1r2b2n1c1p3,Default,Advanced cost,Constrained,Default,Default,Net Zero by 2050,LNG,2030,21.41161
h1r2b2n1c1p3,Default,Advanced cost,Constrained,Default,Default,Net Zero by 2050,LNG,2040,25.08955
h1r2b2n1c1p3,Default,Advanced cost,Constrained,Default,Default,Net Zero by 2050,LNG,2050,32.95075
h1r2b2n1c1p3,Default,Advanced cost,Constrained,Default,Default,Net Zero by 2050,ammonia,2030,44.4828
h1r2b2n1c1p3,Default,Advanced cost,Constrained,Default,Default,Net Zero by 2050,ammonia,2040,44.27266
h1r2b2n1c1p3,Default,Advanced cost,Constrained,Default,Default,Net Zero by 2050,ammonia,2050,43.14444
h1r2b2n1c1p3,Default,Advanced cost,Constrained,Default,Default,Net Zero by 2050,e-diesel,2030,89.51774
h1r2b2n1c1p3,Default,Advanced cost,Constrained,Default,Default,Net Zero by 2050,e-diesel,2040,85.6691
h1r2b2n1c1p3,Default,Advanced cost,Constrained,Default,Default,Net Zero by 2050,e-diesel,2050,78.4069
h1r2b2n1c1p3,Default,Advanced cost,Constrained,Default,Default,Net Zero by 2050,electricity,2030,45.70754
h1r2b2n1c1p3,Default,Advanced cost,Constrained,Default,Default,Net Zero by 2050,electricity,2040,46.6583
h1r2b2n1c1p3,Default,Advanced cost,Constrained,Default,Default,Net Zero by 2050,electricity,2050,45.48638
h1r2b2n1c1p3,Default,Advanced cost,Constrained,Default,Default,Net Zero by 2050,hydrogen,2030,49.73378
h1r2b2n1c1p3,Default,Advanced cost,Constrained,Default,Default,Net Zero by 2050,hydrogen,2040,49.31049
h1r2b2n1c1p3,Default,Advanced cost,Constrained,Default,Default,Net Zero by 2050,hydrogen,2050,50.49075
h1r2b2n1c1p3,Default,Advanced cost,Constrained,Default,Default,Net Zero by 2050,petroleum diesel,2030,35.57206
h1r2b2n1c1p3,Default,Advanced cost,Constrained,Default,Default,Net Zero by 2050,petroleum diesel,2040,35.65092
h1r2b2n1c1p3,Default,Advanced cost,Constrained,Default,Default,Net Zero by 2050,petroleum diesel,2050,38.61013
h1r2b2n1c1p3,Default,Advanced cost,Constrained,Default,Default,Net Zero by 2050,renewable diesel,2030,52.01706
h1r2b2n1c1p3,Default,Advanced cost,Constrained,Default,Default,Net Zero by 2050,renewable diesel,2040,47.64858
h1r2b2n1c1p3,Default,Advanced cost,Constrained,Default,Default,Net Zero by 2050,renewable diesel,2050,45.14322
h1r2b2n1c2p1,Default,Advanced cost,Constrained,Default,Constrained,No policy,FT biofuels,2030,31.95944
h1r2b2n1c2p1,Default,Advanced cost,Constrained,Default,Constrained,No policy,FT biofuels,2040,31.62497
h1r2b2n1c2p1,Default,Advanced cost,Constrained,Default,Constrained,No policy,FT biofuels,2050,31.17653
h1r2b2n1c2p1,Default,Advanced cost,Constrained,Default,Constrained,No policy,FT biofuels CCS,2030,36.06722
h1r2b2n1c2p1,Default,Advanced cost,Constrained,Default,Constrained,No policy,FT biofuels CCS,2040,36.50754
h1r2b2n1c2p1,Default,Advanced cost,Constrained,Default,Constrained,No policy,FT biofuels CCS,2050,37.43473
h1r2b2n1c2p1,Default,Advanced cost,Constrained,Default,Constrained,No policy,LNG,2030,10.82153
h1r2b2n1c2p1,Default,Advanced cost,Constrained,Default,Constrained,No policy,LNG,2040,10.66006
h1r2b2n1c2p1,Default,Advanced cost,Constrained,Default,Constrained,No policy,LNG,2050,11.28475
h1r2b2n1c2p1,Default,Advanced cost,Constrained,Default,Constrained,No policy,ammonia,2030,39.94256
h1r2b2n1c2p1,Default,Advanced cost,Constrained,Default,Constrained,No policy,ammonia,2040,39.71684
h1r2b2n1c2p1,Default,Advanced cost,Constrained,Default,Constrained,No policy,ammonia,2050,39.52532
h1r2b2n1c2p1,Default,Advanced cost,Constrained,Default,Constrained,No policy,e-diesel,2030,81.00004
h1r2b2n1c2p1,Default,Advanced cost,Constrained,Default,Constrained,No policy,e-diesel,2040,80.71086
h1r2b2n1c2p1,Default,Advanced cost,Constrained,Default,Constrained,No policy,e-diesel,2050,80.18532
h1r2b2n1c2p1,Default,Advanced cost,Constrained,Default,Constrained,No policy,electricity,2030,38.88312
h1r2b2n1c2p1,Default,Advanced cost,Constrained,Default,Constrained,No policy,electricity,2040,38.316160000000004
h1r2b2n1c2p1,Default,Advanced cost,Constrained,Default,Constrained,No policy,electricity,2050,37.53777
h1r2b2n1c2p1,Default,Advanced cost,Constrained,Default,Constrained,No policy,hydrogen,2030,41.3846
h1r2b2n1c2p1,Default,Advanced cost,Constrained,Default,Constrained,No policy,hydrogen,2040,39.87705
h1r2b2n1c2p1,Default,Advanced cost,Constrained,Default,Constrained,No policy,hydrogen,2050,38.70193
h1r2b2n1c2p1,Default,Advanced cost,Constrained,Default,Constrained,No policy,petroleum diesel,2030,28.161
h1r2b2n1c2p1,Default,Advanced cost,Constrained,Default,Constrained,No policy,petroleum diesel,2040,27.02739
h1r2b2n1c2p1,Default,Advanced cost,Constrained,Default,Constrained,No policy,petroleum diesel,2050,26.45359
h1r2b2n1c2p1,Default,Advanced cost,Constrained,Default,Constrained,No policy,renewable diesel,2030,55.74068
h1r2b2n1c2p1,Default,Advanced cost,Constrained,Default,Constrained,No policy,renewable diesel,2040,48.77984
h1r2b2n1c2p1,Default,Advanced cost,Constrained,Default,Constrained,No policy,renewable diesel,2050,49.74884
h1r2b2n1c2p2,Default,Advanced cost,Constrained,Default,Constrained,50 Percent by 2050,FT biofuels,2030,31.21685
h1r2b2n1c2p2,Default,Advanced cost,Constrained,Default,Constrained,50 Percent by 2050,FT biofuels,2040,28.87491
h1r2b2n1c2p2,Default,Advanced cost,Constrained,Default,Constrained,50 Percent by 2050,FT biofuels,2050,29.75544
h1r2b2n1c2p2,Default,Advanced cost,Constrained,Default,Constrained,50 Percent by 2050,FT biofuels CCS,2030,32.25922
h1r2b2n1c2p2,Default,Advanced cost,Constrained,Default,Constrained,50 Percent by 2050,FT biofuels CCS,2040,27.20821
h1r2b2n1c2p2,Default,Advanced cost,Constrained,Default,Constrained,50 Percent by 2050,FT biofuels CCS,2050,28.58197
h1r2b2n1c2p2,Default,Advanced cost,Constrained,Default,Constrained,50 Percent by 2050,LNG,2030,14.48846
h1r2b2n1c2p2,Default,Advanced cost,Constrained,Default,Constrained,50 Percent by 2050,LNG,2040,19.72856
h1r2b2n1c2p2,Default,Advanced cost,Constrained,Default,Constrained,50 Percent by 2050,LNG,2050,24.0481
h1r2b2n1c2p2,Default,Advanced cost,Constrained,Default,Constrained,50 Percent by 2050,ammonia,2030,44.62644
h1r2b2n1c2p2,Default,Advanced cost,Constrained,Default,Constrained,50 Percent by 2050,ammonia,2040,47.32026
h1r2b2n1c2p2,Default,Advanced cost,Constrained,Default,Constrained,50 Percent by 2050,ammonia,2050,47.29252
h1r2b2n1c2p2,Default,Advanced cost,Constrained,Default,Constrained,50 Percent by 2050,e-diesel,2030,85.14166
h1r2b2n1c2p2,Default,Advanced cost,Constrained,Default,Constrained,50 Percent by 2050,e-diesel,2040,87.32666
h1r2b2n1c2p2,Default,Advanced cost,Constrained,Default,Constrained,50 Percent by 2050,e-diesel,2050,84.53366
h1r2b2n1c2p2,Default,Advanced cost,Constrained,Default,Constrained,50 Percent by 2050,electricity,2030,41.56668
h1r2b2n1c2p2,Default,Advanced cost,Constrained,Default,Constrained,50 Percent by 2050,electricity,2040,44.57362
h1r2b2n1c2p2,Default,Advanced cost,Constrained,Default,Constrained,50 Percent by 2050,electricity,2050,44.77768
h1r2b2n1c2p2,Default,Advanced cost,Constrained,Default,Constrained,50 Percent by 2050,hydrogen,2030,44.55848
h1r2b2n1c2p2,Default,Advanced cost,Constrained,Default,Constrained,50 Percent by 2050,hydrogen,2040,46.66206
h1r2b2n1c2p2,Default,Advanced cost,Constrained,Default,Constrained,50 Percent by 2050,hydrogen,2050,47.07325
h1r2b2n1c2p2,Default,Advanced cost,Constrained,Default,Constrained,50 Percent by 2050,petroleum diesel,2030,30.71534
h1r2b2n1c2p2,Default,Advanced cost,Constrained,Default,Constrained,50 Percent by 2050,petroleum diesel,2040,32.57685
h1r2b2n1c2p2,Default,Advanced cost,Constrained,Default,Constrained,50 Percent by 2050,petroleum diesel,2050,33.1379
h1r2b2n1c2p2,Default,Advanced cost,Constrained,Default,Constrained,50 Percent by 2050,renewable diesel,2030,54.25868
h1r2b2n1c2p2,Default,Advanced cost,Constrained,Default,Constrained,50 Percent by 2050,renewable diesel,2040,45.01822
h1r2b2n1c2p2,Default,Advanced cost,Constrained,Default,Constrained,50 Percent by 2050,renewable diesel,2050,47.84124
h1r2b2n1c2p3,Default,Advanced cost,Constrained,Default,Constrained,Net Zero by 2050,FT biofuels,2030,26.39214
h1r2b2n1c2p3,Default,Advanced cost,Constrained,Default,Constrained,Net Zero by 2050,FT biofuels,2040,22.95717
h1r2b2n1c2p3,Default,Advanced cost,Constrained,Default,Constrained,Net Zero by 2050,FT biofuels,2050,9.9123
h1r2b2n1c2p3,Default,Advanced cost,Constrained,Default,Constrained,Net Zero by 2050,FT biofuels CCS,2030,22.04378
h1r2b2n1c2p3,Default,Advanced cost,Constrained,Default,Constrained,Net Zero by 2050,FT biofuels CCS,2040,17.5764
h1r2b2n1c2p3,Default,Advanced cost,Constrained,Default,Constrained,Net Zero by 2050,FT biofuels CCS,2050,19.02644
h1r2b2n1c2p3,Default,Advanced cost,Constrained,Default,Constrained,Net Zero by 2050,LNG,2030,21.92018
h1r2b2n1c2p3,Default,Advanced cost,Constrained,Default,Constrained,Net Zero by 2050,LNG,2040,28.37948
h1r2b2n1c2p3,Default,Advanced cost,Constrained,Default,Constrained,Net Zero by 2050,LNG,2050,49.27407
h1r2b2n1c2p3,Default,Advanced cost,Constrained,Default,Constrained,Net Zero by 2050,ammonia,2030,44.77768
h1r2b2n1c2p3,Default,Advanced cost,Constrained,Default,Constrained,Net Zero by 2050,ammonia,2040,45.68892
h1r2b2n1c2p3,Default,Advanced cost,Constrained,Default,Constrained,Net Zero by 2050,ammonia,2050,45.45028
h1r2b2n1c2p3,Default,Advanced cost,Constrained,Default,Constrained,Net Zero by 2050,e-diesel,2030,90.40922
h1r2b2n1c2p3,Default,Advanced cost,Constrained,Default,Constrained,Net Zero by 2050,e-diesel,2040,88.08134
h1r2b2n1c2p3,Default,Advanced cost,Constrained,Default,Constrained,Net Zero by 2050,e-diesel,2050,72.27106
h1r2b2n1c2p3,Default,Advanced cost,Constrained,Default,Constrained,Net Zero by 2050,electricity,2030,46.05562
h1r2b2n1c2p3,Default,Advanced cost,Constrained,Default,Constrained,Net Zero by 2050,electricity,2040,48.28812
h1r2b2n1c2p3,Default,Advanced cost,Constrained,Default,Constrained,Net Zero by 2050,electricity,2050,47.14128
h1r2b2n1c2p3,Default,Advanced cost,Constrained,Default,Constrained,Net Zero by 2050,hydrogen,2030,50.28443
h1r2b2n1c2p3,Default,Advanced cost,Constrained,Default,Constrained,Net Zero by 2050,hydrogen,2040,51.91341
h1r2b2n1c2p3,Default,Advanced cost,Constrained,Default,Constrained,Net Zero by 2050,hydrogen,2050,56.6263
h1r2b2n1c2p3,Default,Advanced cost,Constrained,Default,Constrained,Net Zero by 2050,petroleum diesel,2030,35.96832
h1r2b2n1c2p3,Default,Advanced cost,Constrained,Default,Constrained,Net Zero by 2050,petroleum diesel,2040,38.11693
h1r2b2n1c2p3,Default,Advanced cost,Constrained,Default,Constrained,Net Zero by 2050,petroleum diesel,2050,48.86529
h1r2b2n1c2p3,Default,Advanced cost,Constrained,Default,Constrained,Net Zero by 2050,renewable diesel,2030,51.63554
h1r2b2n1c2p3,Default,Advanced cost,Constrained,Default,Constrained,Net Zero by 2050,renewable diesel,2040,46.455
h1r2b2n1c2p3,Default,Advanced cost,Constrained,Default,Constrained,Net Zero by 2050,renewable diesel,2050,43.83034
h1r2b2n2c1p1,Default,Advanced cost,Constrained,Advanced cost,Default,No policy,FT biofuels,2030,31.9805
h1r2b2n2c1p1,Default,Advanced cost,Constrained,Advanced cost,Default,No policy,FT biofuels,2040,31.59658
h1r2b2n2c1p1,Default,Advanced cost,Constrained,Advanced cost,Default,No policy,FT biofuels,2050,31.22787
h1r2b2n2c1p1,Default,Advanced cost,Constrained,Advanced cost,Default,No policy,FT biofuels CCS,2030,35.67642
h1r2b2n2c1p1,Default,Advanced cost,Constrained,Advanced cost,Default,No policy,FT biofuels CCS,2040,35.17969
h1r2b2n2c1p1,Default,Advanced cost,Constrained,Advanced cost,Default,No policy,FT biofuels CCS,2050,34.86861
h1r2b2n2c1p1,Default,Advanced cost,Constrained,Advanced cost,Default,No policy,LNG,2030,10.81073
h1r2b2n2c1p1,Default,Advanced cost,Constrained,Advanced cost,Default,No policy,LNG,2040,10.53668
h1r2b2n2c1p1,Default,Advanced cost,Constrained,Advanced cost,Default,No policy,LNG,2050,11.121
h1r2b2n2c1p1,Default,Advanced cost,Constrained,Advanced cost,Default,No policy,ammonia,2030,39.94598
h1r2b2n2c1p1,Default,Advanced cost,Constrained,Advanced cost,Default,No policy,ammonia,2040,39.61386
h1r2b2n2c1p1,Default,Advanced cost,Constrained,Advanced cost,Default,No policy,ammonia,2050,39.43526
h1r2b2n2c1p1,Default,Advanced cost,Constrained,Advanced cost,Default,No policy,e-diesel,2030,81.32684
h1r2b2n2c1p1,Default,Advanced cost,Constrained,Advanced cost,Default,No policy,e-diesel,2040,78.46088
h1r2b2n2c1p1,Default,Advanced cost,Constrained,Advanced cost,Default,No policy,e-diesel,2050,78.1679
h1r2b2n2c1p1,Default,Advanced cost,Constrained,Advanced cost,Default,No policy,electricity,2030,39.17876
h1r2b2n2c1p1,Default,Advanced cost,Constrained,Advanced cost,Default,No policy,electricity,2040,36.47191
h1r2b2n2c1p1,Default,Advanced cost,Constrained,Advanced cost,Default,No policy,electricity,2050,35.92425
h1r2b2n2c1p1,Default,Advanced cost,Constrained,Advanced cost,Default,No policy,hydrogen,2030,41.41731
h1r2b2n2c1p1,Default,Advanced cost,Constrained,Advanced cost,Default,No policy,hydrogen,2040,39.40598
h1r2b2n2c1p1,Default,Advanced cost,Constrained,Advanced cost,Default,No policy,hydrogen,2050,38.22659
h1r2b2n2c1p1,Default,Advanced cost,Constrained,Advanced cost,Default,No policy,petroleum diesel,2030,28.15956
h1r2b2n2c1p1,Default,Advanced cost,Constrained,Advanced cost,Default,No policy,petroleum diesel,2040,26.81975
h1r2b2n2c1p1,Default,Advanced cost,Constrained,Advanced cost,Default,No policy,petroleum diesel,2050,26.13917
h1r2b2n2c1p1,Default,Advanced cost,Constrained,Advanced cost,Default,No policy,renewable diesel,2030,55.73042
h1r2b2n2c1p1,Default,Advanced cost,Constrained,Advanced cost,Default,No policy,renewable diesel,2040,48.4766
h1r2b2n2c1p1,Default,Advanced cost,Constrained,Advanced cost,Default,No policy,renewable diesel,2050,49.0219
h1r2b2n2c1p2,Default,Advanced cost,Constrained,Advanced cost,Default,50 Percent by 2050,FT biofuels,2030,31.66487
h1r2b2n2c1p2,Default,Advanced cost,Constrained,Advanced cost,Default,50 Percent by 2050,FT biofuels,2040,30.08631
h1r2b2n2c1p2,Default,Advanced cost,Constrained,Advanced cost,Default,50 Percent by 2050,FT biofuels,2050,31.44394
h1r2b2n2c1p2,Default,Advanced cost,Constrained,Advanced cost,Default,50 Percent by 2050,FT biofuels CCS,2030,32.7218
h1r2b2n2c1p2,Default,Advanced cost,Constrained,Advanced cost,Default,50 Percent by 2050,FT biofuels CCS,2040,28.46544
h1r2b2n2c1p2,Default,Advanced cost,Constrained,Advanced cost,Default,50 Percent by 2050,FT biofuels CCS,2050,27.91657
h1r2b2n2c1p2,Default,Advanced cost,Constrained,Advanced cost,Default,50 Percent by 2050,LNG,2030,13.88478
h1r2b2n2c1p2,Default,Advanced cost,Constrained,Advanced cost,Default,50 Percent by 2050,LNG,2040,16.63689
h1r2b2n2c1p2,Default,Advanced cost,Constrained,Advanced cost,Default,50 Percent by 2050,LNG,2050,19.89406
h1r2b2n2c1p2,Default,Advanced cost,Constrained,Advanced cost,Default,50 Percent by 2050,ammonia,2030,43.86378
h1r2b2n2c1p2,Default,Advanced cost,Constrained,Advanced cost,Default,50 Percent by 2050,ammonia,2040,44.5018
h1r2b2n2c1p2,Default,Advanced cost,Constrained,Advanced cost,Default,50 Percent by 2050,ammonia,2050,44.1256
h1r2b2n2c1p2,Default,Advanced cost,Constrained,Advanced cost,Default,50 Percent by 2050,e-diesel,2030,84.7229
h1r2b2n2c1p2,Default,Advanced cost,Constrained,Advanced cost,Default,50 Percent by 2050,e-diesel,2040,80.84348
h1r2b2n2c1p2,Default,Advanced cost,Constrained,Advanced cost,Default,50 Percent by 2050,e-diesel,2050,78.4472
h1r2b2n2c1p2,Default,Advanced cost,Constrained,Advanced cost,Default,50 Percent by 2050,electricity,2030,41.35426
h1r2b2n2c1p2,Default,Advanced cost,Constrained,Advanced cost,Default,50 Percent by 2050,electricity,2040,38.76684
h1r2b2n2c1p2,Default,Advanced cost,Constrained,Advanced cost,Default,50 Percent by 2050,electricity,2050,38.79496
h1r2b2n2c1p2,Default,Advanced cost,Constrained,Advanced cost,Default,50 Percent by 2050,hydrogen,2030,44.06662
h1r2b2n2c1p2,Default,Advanced cost,Constrained,Advanced cost,Default,50 Percent by 2050,hydrogen,2040,43.64173
h1r2b2n2c1p2,Default,Advanced cost,Constrained,Advanced cost,Default,50 Percent by 2050,hydrogen,2050,43.56397
h1r2b2n2c1p2,Default,Advanced cost,Constrained,Advanced cost,Default,50 Percent by 2050,petroleum diesel,2030,30.28288
h1r2b2n2c1p2,Default,Advanced cost,Constrained,Advanced cost,Default,50 Percent by 2050,petroleum diesel,2040,30.40629
h1r2b2n2c1p2,Default,Advanced cost,Constrained,Advanced cost,Default,50 Percent by 2050,petroleum diesel,2050,30.41294
h1r2b2n2c1p2,Default,Advanced cost,Constrained,Advanced cost,Default,50 Percent by 2050,renewable diesel,2030,54.52202
h1r2b2n2c1p2,Default,Advanced cost,Constrained,Advanced cost,Default,50 Percent by 2050,renewable diesel,2040,45.78962
h1r2b2n2c1p2,Default,Advanced cost,Constrained,Advanced cost,Default,50 Percent by 2050,renewable diesel,2050,47.5646
h1r2b2n2c1p3,Default,Advanced cost,Constrained,Advanced cost,Default,Net Zero by 2050,FT biofuels,2030,26.89256
h1r2b2n2c1p3,Default,Advanced cost,Constrained,Advanced cost,Default,Net Zero by 2050,FT biofuels,2040,25.31541
h1r2b2n2c1p3,Default,Advanced cost,Constrained,Advanced cost,Default,Net Zero by 2050,FT biofuels,2050,21.25899
h1r2b2n2c1p3,Default,Advanced cost,Constrained,Advanced cost,Default,Net Zero by 2050,FT biofuels CCS,2030,21.66871
h1r2b2n2c1p3,Default,Advanced cost,Constrained,Advanced cost,Default,Net Zero by 2050,FT biofuels CCS,2040,17.99685
h1r2b2n2c1p3,Default,Advanced cost,Constrained,Advanced cost,Default,Net Zero by 2050,FT biofuels CCS,2050,8.48269
h1r2b2n2c1p3,Default,Advanced cost,Constrained,Advanced cost,Default,Net Zero by 2050,LNG,2030,21.03235
h1r2b2n2c1p3,Default,Advanced cost,Constrained,Advanced cost,Default,Net Zero by 2050,LNG,2040,23.55659
h1r2b2n2c1p3,Default,Advanced cost,Constrained,Advanced cost,Default,Net Zero by 2050,LNG,2050,30.73785
h1r2b2n2c1p3,Default,Advanced cost,Constrained,Advanced cost,Default,Net Zero by 2050,ammonia,2030,44.30876
h1r2b2n2c1p3,Default,Advanced cost,Constrained,Advanced cost,Default,Net Zero by 2050,ammonia,2040,43.86796
h1r2b2n2c1p3,Default,Advanced cost,Constrained,Advanced cost,Default,Net Zero by 2050,ammonia,2050,42.79712
h1r2b2n2c1p3,Default,Advanced cost,Constrained,Advanced cost,Default,Net Zero by 2050,e-diesel,2030,88.69124
h1r2b2n2c1p3,Default,Advanced cost,Constrained,Advanced cost,Default,Net Zero by 2050,e-diesel,2040,78.55588
h1r2b2n2c1p3,Default,Advanced cost,Constrained,Advanced cost,Default,Net Zero by 2050,e-diesel,2050,72.4356
h1r2b2n2c1p3,Default,Advanced cost,Constrained,Advanced cost,Default,Net Zero by 2050,electricity,2030,45.07788
h1r2b2n2c1p3,Default,Advanced cost,Constrained,Advanced cost,Default,Net Zero by 2050,electricity,2040,39.9095
h1r2b2n2c1p3,Default,Advanced cost,Constrained,Advanced cost,Default,Net Zero by 2050,electricity,2050,39.4497
h1r2b2n2c1p3,Default,Advanced cost,Constrained,Advanced cost,Default,Net Zero by 2050,hydrogen,2030,49.3136
h1r2b2n2c1p3,Default,Advanced cost,Constrained,Advanced cost,Default,Net Zero by 2050,hydrogen,2040,47.35057
h1r2b2n2c1p3,Default,Advanced cost,Constrained,Advanced cost,Default,Net Zero by 2050,hydrogen,2050,48.4553
h1r2b2n2c1p3,Default,Advanced cost,Constrained,Advanced cost,Default,Net Zero by 2050,petroleum diesel,2030,35.40771
h1r2b2n2c1p3,Default,Advanced cost,Constrained,Advanced cost,Default,Net Zero by 2050,petroleum diesel,2040,34.9873
h1r2b2n2c1p3,Default,Advanced cost,Constrained,Advanced cost,Default,Net Zero by 2050,petroleum diesel,2050,36.91276
h1r2b2n2c1p3,Default,Advanced cost,Constrained,Advanced cost,Default,Net Zero by 2050,renewable diesel,2030,51.94372
h1r2b2n2c1p3,Default,Advanced cost,Constrained,Advanced cost,Default,Net Zero by 2050,renewable diesel,2040,45.99672
h1r2b2n2c1p3,Default,Advanced cost,Constrained,Advanced cost,Default,Net Zero by 2050,renewable diesel,2050,44.19704
h1r2b2n2c2p1,Default,Advanced cost,Constrained,Advanced cost,Constrained,No policy,FT biofuels,2030,31.95291
h1r2b2n2c2p1,Default,Advanced cost,Constrained,Advanced cost,Constrained,No policy,FT biofuels,2040,31.51796
h1r2b2n2c2p1,Default,Advanced cost,Constrained,Advanced cost,Constrained,No policy,FT biofuels,2050,30.99937
h1r2b2n2c2p1,Default,Advanced cost,Constrained,Advanced cost,Constrained,No policy,FT biofuels CCS,2030,36.05779
h1r2b2n2c2p1,Default,Advanced cost,Constrained,Advanced cost,Constrained,No policy,FT biofuels CCS,2040,36.36677
h1r2b2n2c2p1,Default,Advanced cost,Constrained,Advanced cost,Constrained,No policy,FT biofuels CCS,2050,37.18163
h1r2b2n2c2p1,Default,Advanced cost,Constrained,Advanced cost,Constrained,No policy,LNG,2030,10.811
h1r2b2n2c2p1,Default,Advanced cost,Constrained,Advanced cost,Constrained,No policy,LNG,2040,10.53831
h1r2b2n2c2p1,Default,Advanced cost,Constrained,Advanced cost,Constrained,No policy,LNG,2050,11.12606
h1r2b2n2c2p1,Default,Advanced cost,Constrained,Advanced cost,Constrained,No policy,ammonia,2030,39.9285
h1r2b2n2c2p1,Default,Advanced cost,Constrained,Advanced cost,Constrained,No policy,ammonia,2040,39.54052
h1r2b2n2c2p1,Default,Advanced cost,Constrained,Advanced cost,Constrained,No policy,ammonia,2050,39.31936
h1r2b2n2c2p1,Default,Advanced cost,Constrained,Advanced cost,Constrained,No policy,e-diesel,2030,81.30214
h1r2b2n2c2p1,Default,Advanced cost,Constrained,Advanced cost,Constrained,No policy,e-diesel,2040,78.39666
h1r2b2n2c2p1,Default,Advanced cost,Constrained,Advanced cost,Constrained,No policy,e-diesel,2050,78.10368
h1r2b2n2c2p1,Default,Advanced cost,Constrained,Advanced cost,Constrained,No policy,electricity,2030,39.17154
h1r2b2n2c2p1,Default,Advanced cost,Constrained,Advanced cost,Constrained,No policy,electricity,2040,36.45811
h1r2b2n2c2p1,Default,Advanced cost,Constrained,Advanced cost,Constrained,No policy,electricity,2050,35.9013
h1r2b2n2c2p1,Default,Advanced cost,Constrained,Advanced cost,Constrained,No policy,hydrogen,2030,41.4116
h1r2b2n2c2p1,Default,Advanced cost,Constrained,Advanced cost,Constrained,No policy,hydrogen,2040,39.39537
h1r2b2n2c2p1,Default,Advanced cost,Constrained,Advanced cost,Constrained,No policy,hydrogen,2050,38.22303
h1r2b2n2c2p1,Default,Advanced cost,Constrained,Advanced cost,Constrained,No policy,petroleum diesel,2030,28.16199
h1r2b2n2c2p1,Default,Advanced cost,Constrained,Advanced cost,Constrained,No policy,petroleum diesel,2040,26.85734
h1r2b2n2c2p1,Default,Advanced cost,Constrained,Advanced cost,Constrained,No policy,petroleum diesel,2050,26.25732
h1r2b2n2c2p1,Default,Advanced cost,Constrained,Advanced cost,Constrained,No policy,renewable diesel,2030,55.74562
h1r2b2n2c2p1,Default,Advanced cost,Constrained,Advanced cost,Constrained,No policy,renewable diesel,2040,48.55488
h1r2b2n2c2p1,Default,Advanced cost,Constrained,Advanced cost,Constrained,No policy,renewable diesel,2050,49.40798
h1r2b2n2c2p2,Default,Advanced cost,Constrained,Advanced cost,Constrained,50 Percent by 2050,FT biofuels,2030,31.44283
h1r2b2n2c2p2,Default,Advanced cost,Constrained,Advanced cost,Constrained,50 Percent by 2050,FT biofuels,2040,29.46429
h1r2b2n2c2p2,Default,Advanced cost,Constrained,Advanced cost,Constrained,50 Percent by 2050,FT biofuels,2050,29.74036
h1r2b2n2c2p2,Default,Advanced cost,Constrained,Advanced cost,Constrained,50 Percent by 2050,FT biofuels CCS,2030,32.8663
h1r2b2n2c2p2,Default,Advanced cost,Constrained,Advanced cost,Constrained,50 Percent by 2050,FT biofuels CCS,2040,29.29027
h1r2b2n2c2p2,Default,Advanced cost,Constrained,Advanced cost,Constrained,50 Percent by 2050,FT biofuels CCS,2050,29.72432
h1r2b2n2c2p2,Default,Advanced cost,Constrained,Advanced cost,Constrained,50 Percent by 2050,LNG,2030,14.01043
h1r2b2n2c2p2,Default,Advanced cost,Constrained,Advanced cost,Constrained,50 Percent by 2050,LNG,2040,17.13993
h1r2b2n2c2p2,Default,Advanced cost,Constrained,Advanced cost,Constrained,50 Percent by 2050,LNG,2050,21.03172
h1r2b2n2c2p2,Default,Advanced cost,Constrained,Advanced cost,Constrained,50 Percent by 2050,ammonia,2030,44.2453
h1r2b2n2c2p2,Default,Advanced cost,Constrained,Advanced cost,Constrained,50 Percent by 2050,ammonia,2040,45.6304
h1r2b2n2c2p2,Default,Advanced cost,Constrained,Advanced cost,Constrained,50 Percent by 2050,ammonia,2050,46.06398
h1r2b2n2c2p2,Default,Advanced cost,Constrained,Advanced cost,Constrained,50 Percent by 2050,e-diesel,2030,84.8198
h1r2b2n2c2p2,Default,Advanced cost,Constrained,Advanced cost,Constrained,50 Percent by 2050,e-diesel,2040,81.28086
h1r2b2n2c2p2,Default,Advanced cost,Constrained,Advanced cost,Constrained,50 Percent by 2050,e-diesel,2050,79.18098
h1r2b2n2c2p2,Default,Advanced cost,Constrained,Advanced cost,Constrained,50 Percent by 2050,electricity,2030,41.41544
h1r2b2n2c2p2,Default,Advanced cost,Constrained,Advanced cost,Constrained,50 Percent by 2050,electricity,2040,38.8987
h1r2b2n2c2p2,Default,Advanced cost,Constrained,Advanced cost,Constrained,50 Percent by 2050,electricity,2050,39.05222
h1r2b2n2c2p2,Default,Advanced cost,Constrained,Advanced cost,Constrained,50 Percent by 2050,hydrogen,2030,44.16792
h1r2b2n2c2p2,Default,Advanced cost,Constrained,Advanced cost,Constrained,50 Percent by 2050,hydrogen,2040,44.05195
h1r2b2n2c2p2,Default,Advanced cost,Constrained,Advanced cost,Constrained,50 Percent by 2050,hydrogen,2050,44.4092
h1r2b2n2c2p2,Default,Advanced cost,Constrained,Advanced cost,Constrained,50 Percent by 2050,petroleum diesel,2030,30.38038
h1r2b2n2c2p2,Default,Advanced cost,Constrained,Advanced cost,Constrained,50 Percent by 2050,petroleum diesel,2040,30.76485
h1r2b2n2c2p2,Default,Advanced cost,Constrained,Advanced cost,Constrained,50 Percent by 2050,petroleum diesel,2050,31.12019
h1r2b2n2c2p2,Default,Advanced cost,Constrained,Advanced cost,Constrained,50 Percent by 2050,renewable diesel,2030,54.47642
h1r2b2n2c2p2,Default,Advanced cost,Constrained,Advanced cost,Constrained,50 Percent by 2050,renewable diesel,2040,45.61102
h1r2b2n2c2p2,Default,Advanced cost,Constrained,Advanced cost,Constrained,50 Percent by 2050,renewable diesel,2050,47.38486
h1r2b2n2c2p3,Default,Advanced cost,Constrained,Advanced cost,Constrained,Net Zero by 2050,FT biofuels,2030,26.47631
h1r2b2n2c2p3,Default,Advanced cost,Constrained,Advanced cost,Constrained,Net Zero by 2050,FT biofuels,2040,23.13668
h1r2b2n2c2p3,Default,Advanced cost,Constrained,Advanced cost,Constrained,Net Zero by 2050,FT biofuels,2050,11.64715
h1r2b2n2c2p3,Default,Advanced cost,Constrained,Advanced cost,Constrained,Net Zero by 2050,FT biofuels CCS,2030,22.26676
h1r2b2n2c2p3,Default,Advanced cost,Constrained,Advanced cost,Constrained,Net Zero by 2050,FT biofuels CCS,2040,19.03314
h1r2b2n2c2p3,Default,Advanced cost,Constrained,Advanced cost,Constrained,Net Zero by 2050,FT biofuels CCS,2050,17.75493
h1r2b2n2c2p3,Default,Advanced cost,Constrained,Advanced cost,Constrained,Net Zero by 2050,LNG,2030,21.42348
h1r2b2n2c2p3,Default,Advanced cost,Constrained,Advanced cost,Constrained,Net Zero by 2050,LNG,2040,26.14689
h1r2b2n2c2p3,Default,Advanced cost,Constrained,Advanced cost,Constrained,Net Zero by 2050,LNG,2050,45.563720000000004
h1r2b2n2c2p3,Default,Advanced cost,Constrained,Advanced cost,Constrained,Net Zero by 2050,ammonia,2030,44.55044
h1r2b2n2c2p3,Default,Advanced cost,Constrained,Advanced cost,Constrained,Net Zero by 2050,ammonia,2040,45.17364
h1r2b2n2c2p3,Default,Advanced cost,Constrained,Advanced cost,Constrained,Net Zero by 2050,ammonia,2050,45.23178
h1r2b2n2c2p3,Default,Advanced cost,Constrained,Advanced cost,Constrained,Net Zero by 2050,e-diesel,2030,89.36992
h1r2b2n2c2p3,Default,Advanced cost,Constrained,Advanced cost,Constrained,Net Zero by 2050,e-diesel,2040,79.57466
h1r2b2n2c2p3,Default,Advanced cost,Constrained,Advanced cost,Constrained,Net Zero by 2050,e-diesel,2050,65.69782
h1r2b2n2c2p3,Default,Advanced cost,Constrained,Advanced cost,Constrained,Net Zero by 2050,electricity,2030,45.29904
h1r2b2n2c2p3,Default,Advanced cost,Constrained,Advanced cost,Constrained,Net Zero by 2050,electricity,2040,39.98892
h1r2b2n2c2p3,Default,Advanced cost,Constrained,Advanced cost,Constrained,Net Zero by 2050,electricity,2050,39.42158
h1r2b2n2c2p3,Default,Advanced cost,Constrained,Advanced cost,Constrained,Net Zero by 2050,hydrogen,2030,49.73515
h1r2b2n2c2p3,Default,Advanced cost,Constrained,Advanced cost,Constrained,Net Zero by 2050,hydrogen,2040,49.34059
h1r2b2n2c2p3,Default,Advanced cost,Constrained,Advanced cost,Constrained,Net Zero by 2050,hydrogen,2050,54.57573
h1r2b2n2c2p3,Default,Advanced cost,Constrained,Advanced cost,Constrained,Net Zero by 2050,petroleum diesel,2030,35.7418
h1r2b2n2c2p3,Default,Advanced cost,Constrained,Advanced cost,Constrained,Net Zero by 2050,petroleum diesel,2040,37.03972
h1r2b2n2c2p3,Default,Advanced cost,Constrained,Advanced cost,Constrained,Net Zero by 2050,petroleum diesel,2050,46.60172
h1r2b2n2c2p3,Default,Advanced cost,Constrained,Advanced cost,Constrained,Net Zero by 2050,renewable diesel,2030,51.58956
h1r2b2n2c2p3,Default,Advanced cost,Constrained,Advanced cost,Constrained,Net Zero by 2050,renewable diesel,2040,44.46988
h1r2b2n2c2p3,Default,Advanced cost,Constrained,Advanced cost,Constrained,Net Zero by 2050,renewable diesel,2050,42.27994
h1r3b1n1c1p1,Default,Constrained,Default,Default,Default,No policy,FT biofuels,2030,32.17186
h1r3b1n1c1p1,Default,Constrained,Default,Default,Default,No policy,FT biofuels,2040,31.94975
h1r3b1n1c1p1,Default,Constrained,Default,Default,Default,No policy,FT biofuels,2050,31.59677
h1r3b1n1c1p1,Default,Constrained,Default,Default,Default,No policy,FT biofuels CCS,2030,35.88538
h1r3b1n1c1p1,Default,Constrained,Default,Default,Default,No policy,FT biofuels CCS,2040,35.56957
h1r3b1n1c1p1,Default,Constrained,Default,Default,Default,No policy,FT biofuels CCS,2050,35.29228
h1r3b1n1c1p1,Default,Constrained,Default,Default,Default,No policy,LNG,2030,10.92865
h1r3b1n1c1p1,Default,Constrained,Default,Default,Default,No policy,LNG,2040,10.80256
h1r3b1n1c1p1,Default,Constrained,Default,Default,Default,No policy,LNG,2050,11.49287
h1r3b1n1c1p1,Default,Constrained,Default,Default,Default,No policy,ammonia,2030,40.09608
h1r3b1n1c1p1,Default,Constrained,Default,Default,Default,No policy,ammonia,2040,40.04896
h1r3b1n1c1p1,Default,Constrained,Default,Default,Default,No policy,ammonia,2050,40.10064
h1r3b1n1c1p1,Default,Constrained,Default,Default,Default,No policy,e-diesel,2030,84.54506
h1r3b1n1c1p1,Default,Constrained,Default,Default,Default,No policy,e-diesel,2040,84.25854
h1r3b1n1c1p1,Default,Constrained,Default,Default,Default,No policy,e-diesel,2050,84.497559999999993
h1r3b1n1c1p1,Default,Constrained,Default,Default,Default,No policy,electricity,2030,41.8969
h1r3b1n1c1p1,Default,Constrained,Default,Default,Default,No policy,electricity,2040,41.08028
h1r3b1n1c1p1,Default,Constrained,Default,Default,Default,No policy,electricity,2050,40.6676
h1r3b1n1c1p1,Default,Constrained,Default,Default,Default,No policy,hydrogen,2030,41.98978
h1r3b1n1c1p1,Default,Constrained,Default,Default,Default,No policy,hydrogen,2040,40.58993
h1r3b1n1c1p1,Default,Constrained,Default,Default,Default,No policy,hydrogen,2050,39.58335
h1r3b1n1c1p1,Default,Constrained,Default,Default,Default,No policy,petroleum diesel,2030,28.3268
h1r3b1n1c1p1,Default,Constrained,Default,Default,Default,No policy,petroleum diesel,2040,27.36969
h1r3b1n1c1p1,Default,Constrained,Default,Default,Default,No policy,petroleum diesel,2050,26.79357
h1r3b1n1c1p1,Default,Constrained,Default,Default,Default,No policy,renewable diesel,2030,55.9531
h1r3b1n1c1p1,Default,Constrained,Default,Default,Default,No policy,renewable diesel,2040,49.0751
h1r3b1n1c1p1,Default,Constrained,Default,Default,Default,No policy,renewable diesel,2050,50.13454
h1r3b1n1c1p2,Default,Constrained,Default,Default,Default,50 Percent by 2050,FT biofuels,2030,30.66957
h1r3b1n1c1p2,Default,Constrained,Default,Default,Default,50 Percent by 2050,FT biofuels,2040,29.43928
h1r3b1n1c1p2,Default,Constrained,Default,Default,Default,50 Percent by 2050,FT biofuels,2050,33.40405
h1r3b1n1c1p2,Default,Constrained,Default,Default,Default,50 Percent by 2050,FT biofuels CCS,2030,29.42451
h1r3b1n1c1p2,Default,Constrained,Default,Default,Default,50 Percent by 2050,FT biofuels CCS,2040,25.19438
h1r3b1n1c1p2,Default,Constrained,Default,Default,Default,50 Percent by 2050,FT biofuels CCS,2050,27.14084
h1r3b1n1c1p2,Default,Constrained,Default,Default,Default,50 Percent by 2050,LNG,2030,16.72212
h1r3b1n1c1p2,Default,Constrained,Default,Default,Default,50 Percent by 2050,LNG,2040,20.32993
h1r3b1n1c1p2,Default,Constrained,Default,Default,Default,50 Percent by 2050,LNG,2050,23.83166
h1r3b1n1c1p2,Default,Constrained,Default,Default,Default,50 Percent by 2050,ammonia,2030,45.97658
h1r3b1n1c1p2,Default,Constrained,Default,Default,Default,50 Percent by 2050,ammonia,2040,46.72062
h1r3b1n1c1p2,Default,Constrained,Default,Default,Default,50 Percent by 2050,ammonia,2050,46.01686
h1r3b1n1c1p2,Default,Constrained,Default,Default,Default,50 Percent by 2050,e-diesel,2030,91.9467
h1r3b1n1c1p2,Default,Constrained,Default,Default,Default,50 Percent by 2050,e-diesel,2040,91.85436
h1r3b1n1c1p2,Default,Constrained,Default,Default,Default,50 Percent by 2050,e-diesel,2050,89.44592
h1r3b1n1c1p2,Default,Constrained,Default,Default,Default,50 Percent by 2050,electricity,2030,47.0554
h1r3b1n1c1p2,Default,Constrained,Default,Default,Default,50 Percent by 2050,electricity,2040,48.64722
h1r3b1n1c1p2,Default,Constrained,Default,Default,Default,50 Percent by 2050,electricity,2050,48.98808
h1r3b1n1c1p2,Default,Constrained,Default,Default,Default,50 Percent by 2050,hydrogen,2030,47.10398
h1r3b1n1c1p2,Default,Constrained,Default,Default,Default,50 Percent by 2050,hydrogen,2040,47.78041
h1r3b1n1c1p2,Default,Constrained,Default,Default,Default,50 Percent by 2050,hydrogen,2050,47.76621
h1r3b1n1c1p2,Default,Constrained,Default,Default,Default,50 Percent by 2050,petroleum diesel,2030,32.35796
h1r3b1n1c1p2,Default,Constrained,Default,Default,Default,50 Percent by 2050,petroleum diesel,2040,33.16983
h1r3b1n1c1p2,Default,Constrained,Default,Default,Default,50 Percent by 2050,petroleum diesel,2050,33.4488
h1r3b1n1c1p2,Default,Constrained,Default,Default,Default,50 Percent by 2050,renewable diesel,2030,53.6275
h1r3b1n1c1p2,Default,Constrained,Default,Default,Default,50 Percent by 2050,renewable diesel,2040,46.05524
h1r3b1n1c1p2,Default,Constrained,Default,Default,Default,50 Percent by 2050,renewable diesel,2050,49.47904
h1r3b1n1c1p3,Default,Constrained,Default,Default,Default,Net Zero by 2050,FT biofuels,2030,26.771
h1r3b1n1c1p3,Default,Constrained,Default,Default,Default,Net Zero by 2050,FT biofuels,2040,25.13077
h1r3b1n1c1p3,Default,Constrained,Default,Default,Default,Net Zero by 2050,FT biofuels,2050,18.9295
h1r3b1n1c1p3,Default,Constrained,Default,Default,Default,Net Zero by 2050,FT biofuels CCS,2030,20.5951
h1r3b1n1c1p3,Default,Constrained,Default,Default,Default,Net Zero by 2050,FT biofuels CCS,2040,16.78665
h1r3b1n1c1p3,Default,Constrained,Default,Default,Default,Net Zero by 2050,FT biofuels CCS,2050,3.12095
h1r3b1n1c1p3,Default,Constrained,Default,Default,Default,Net Zero by 2050,LNG,2030,22.51077
h1r3b1n1c1p3,Default,Constrained,Default,Default,Default,Net Zero by 2050,LNG,2040,25.22407
h1r3b1n1c1p3,Default,Constrained,Default,Default,Default,Net Zero by 2050,LNG,2050,35.03024
h1r3b1n1c1p3,Default,Constrained,Default,Default,Default,Net Zero by 2050,ammonia,2030,44.85254
h1r3b1n1c1p3,Default,Constrained,Default,Default,Default,Net Zero by 2050,ammonia,2040,44.60136
h1r3b1n1c1p3,Default,Constrained,Default,Default,Default,Net Zero by 2050,ammonia,2050,44.35702
h1r3b1n1c1p3,Default,Constrained,Default,Default,Default,Net Zero by 2050,e-diesel,2030,94.12106
h1r3b1n1c1p3,Default,Constrained,Default,Default,Default,Net Zero by 2050,e-diesel,2040,90.12498
h1r3b1n1c1p3,Default,Constrained,Default,Default,Default,Net Zero by 2050,e-diesel,2050,87.68879
h1r3b1n1c1p3,Default,Constrained,Default,Default,Default,Net Zero by 2050,electricity,2030,49.76404
h1r3b1n1c1p3,Default,Constrained,Default,Default,Default,Net Zero by 2050,electricity,2040,49.86512
h1r3b1n1c1p3,Default,Constrained,Default,Default,Default,Net Zero by 2050,electricity,2050,51.99426
h1r3b1n1c1p3,Default,Constrained,Default,Default,Default,Net Zero by 2050,hydrogen,2030,51.11723
h1r3b1n1c1p3,Default,Constrained,Default,Default,Default,Net Zero by 2050,hydrogen,2040,50.23709
h1r3b1n1c1p3,Default,Constrained,Default,Default,Default,Net Zero by 2050,hydrogen,2050,53.70101
h1r3b1n1c1p3,Default,Constrained,Default,Default,Default,Net Zero by 2050,petroleum diesel,2030,36.31716
h1r3b1n1c1p3,Default,Constrained,Default,Default,Default,Net Zero by 2050,petroleum diesel,2040,35.71751
h1r3b1n1c1p3,Default,Constrained,Default,Default,Default,Net Zero by 2050,petroleum diesel,2050,40.31162
h1r3b1n1c1p3,Default,Constrained,Default,Default,Default,Net Zero by 2050,renewable diesel,2030,52.48902
h1r3b1n1c1p3,Default,Constrained,Default,Default,Default,Net Zero by 2050,renewable diesel,2040,49.11006
h1r3b1n1c1p3,Default,Constrained,Default,Default,Default,Net Zero by 2050,renewable diesel,2050,46.90757
h1r3b1n1c2p1,Default,Constrained,Default,Default,Constrained,No policy,FT biofuels,2030,32.14241
h1r3b1n1c2p1,Default,Constrained,Default,Default,Constrained,No policy,FT biofuels,2040,31.86551
h1r3b1n1c2p1,Default,Constrained,Default,Default,Constrained,No policy,FT biofuels,2050,31.42934
h1r3b1n1c2p1,Default,Constrained,Default,Default,Constrained,No policy,FT biofuels CCS,2030,36.27434
h1r3b1n1c2p1,Default,Constrained,Default,Default,Constrained,No policy,FT biofuels CCS,2040,36.80447
h1r3b1n1c2p1,Default,Constrained,Default,Default,Constrained,No policy,FT biofuels CCS,2050,37.81237
h1r3b1n1c2p1,Default,Constrained,Default,Default,Constrained,No policy,LNG,2030,10.92895
h1r3b1n1c2p1,Default,Constrained,Default,Default,Constrained,No policy,LNG,2040,10.80439
h1r3b1n1c2p1,Default,Constrained,Default,Default,Constrained,No policy,LNG,2050,11.49857
h1r3b1n1c2p1,Default,Constrained,Default,Default,Constrained,No policy,ammonia,2030,40.07784
h1r3b1n1c2p1,Default,Constrained,Default,Default,Constrained,No policy,ammonia,2040,39.97372
h1r3b1n1c2p1,Default,Constrained,Default,Default,Constrained,No policy,ammonia,2050,39.98816
h1r3b1n1c2p1,Default,Constrained,Default,Default,Constrained,No policy,e-diesel,2030,84.5158
h1r3b1n1c2p1,Default,Constrained,Default,Default,Constrained,No policy,e-diesel,2040,84.17304
h1r3b1n1c2p1,Default,Constrained,Default,Default,Constrained,No policy,e-diesel,2050,84.41244
h1r3b1n1c2p1,Default,Constrained,Default,Default,Constrained,No policy,electricity,2030,41.88512
h1r3b1n1c2p1,Default,Constrained,Default,Default,Constrained,No policy,electricity,2040,41.04266
h1r3b1n1c2p1,Default,Constrained,Default,Default,Constrained,No policy,electricity,2050,40.603
h1r3b1n1c2p1,Default,Constrained,Default,Default,Constrained,No policy,hydrogen,2030,41.9833
h1r3b1n1c2p1,Default,Constrained,Default,Default,Constrained,No policy,hydrogen,2040,40.5768
h1r3b1n1c2p1,Default,Constrained,Default,Default,Constrained,No policy,hydrogen,2050,39.57753
h1r3b1n1c2p1,Default,Constrained,Default,Default,Constrained,No policy,petroleum diesel,2030,28.33003
h1r3b1n1c2p1,Default,Constrained,Default,Default,Constrained,No policy,petroleum diesel,2040,27.40731
h1r3b1n1c2p1,Default,Constrained,Default,Default,Constrained,No policy,petroleum diesel,2050,26.90176
h1r3b1n1c2p1,Default,Constrained,Default,Default,Constrained,No policy,renewable diesel,2030,55.96792
h1r3b1n1c2p1,Default,Constrained,Default,Default,Constrained,No policy,renewable diesel,2040,49.15452
h1r3b1n1c2p1,Default,Constrained,Default,Default,Constrained,No policy,renewable diesel,2050,50.5248
h1r3b1n1c2p2,Default,Constrained,Default,Default,Constrained,50 Percent by 2050,FT biofuels,2030,30.37146
h1r3b1n1c2p2,Default,Constrained,Default,Default,Constrained,50 Percent by 2050,FT biofuels,2040,28.34827
h1r3b1n1c2p2,Default,Constrained,Default,Default,Constrained,50 Percent by 2050,FT biofuels,2050,30.98987
h1r3b1n1c2p2,Default,Constrained,Default,Default,Constrained,50 Percent by 2050,FT biofuels CCS,2030,29.57208
h1r3b1n1c2p2,Default,Constrained,Default,Default,Constrained,50 Percent by 2050,FT biofuels CCS,2040,26.1818
h1r3b1n1c2p2,Default,Constrained,Default,Default,Constrained,50 Percent by 2050,FT biofuels CCS,2050,28.05167
h1r3b1n1c2p2,Default,Constrained,Default,Default,Constrained,50 Percent by 2050,LNG,2030,16.91886
h1r3b1n1c2p2,Default,Constrained,Default,Default,Constrained,50 Percent by 2050,LNG,2040,21.41202
h1r3b1n1c2p2,Default,Constrained,Default,Default,Constrained,50 Percent by 2050,LNG,2050,26.5961
h1r3b1n1c2p2,Default,Constrained,Default,Default,Constrained,50 Percent by 2050,ammonia,2030,46.6013
h1r3b1n1c2p2,Default,Constrained,Default,Default,Constrained,50 Percent by 2050,ammonia,2040,48.8566
h1r3b1n1c2p2,Default,Constrained,Default,Default,Constrained,50 Percent by 2050,ammonia,2050,49.24952
h1r3b1n1c2p2,Default,Constrained,Default,Default,Constrained,50 Percent by 2050,e-diesel,2030,92.15038
h1r3b1n1c2p2,Default,Constrained,Default,Default,Constrained,50 Percent by 2050,e-diesel,2040,93.41426
h1r3b1n1c2p2,Default,Constrained,Default,Default,Constrained,50 Percent by 2050,e-diesel,2050,91.62522
h1r3b1n1c2p2,Default,Constrained,Default,Default,Constrained,50 Percent by 2050,electricity,2030,47.16484
h1r3b1n1c2p2,Default,Constrained,Default,Default,Constrained,50 Percent by 2050,electricity,2040,49.30842
h1r3b1n1c2p2,Default,Constrained,Default,Default,Constrained,50 Percent by 2050,electricity,2050,50.63462
h1r3b1n1c2p2,Default,Constrained,Default,Default,Constrained,50 Percent by 2050,hydrogen,2030,47.27457
h1r3b1n1c2p2,Default,Constrained,Default,Default,Constrained,50 Percent by 2050,hydrogen,2040,48.79209
h1r3b1n1c2p2,Default,Constrained,Default,Default,Constrained,50 Percent by 2050,hydrogen,2050,49.85077
h1r3b1n1c2p2,Default,Constrained,Default,Default,Constrained,50 Percent by 2050,petroleum diesel,2030,32.50805
h1r3b1n1c2p2,Default,Constrained,Default,Default,Constrained,50 Percent by 2050,petroleum diesel,2040,33.88719
h1r3b1n1c2p2,Default,Constrained,Default,Default,Constrained,50 Percent by 2050,petroleum diesel,2050,35.14315
h1r3b1n1c2p2,Default,Constrained,Default,Default,Constrained,50 Percent by 2050,renewable diesel,2030,53.55948
h1r3b1n1c2p2,Default,Constrained,Default,Default,Constrained,50 Percent by 2050,renewable diesel,2040,45.58138
h1r3b1n1c2p2,Default,Constrained,Default,Default,Constrained,50 Percent by 2050,renewable diesel,2050,49.11614
h1r3b1n1c2p3,Default,Constrained,Default,Default,Constrained,Net Zero by 2050,FT biofuels,2030,26.10813
h1r3b1n1c2p3,Default,Constrained,Default,Default,Constrained,Net Zero by 2050,FT biofuels,2040,21.2819
h1r3b1n1c2p3,Default,Constrained,Default,Default,Constrained,Net Zero by 2050,FT biofuels,2050,7.85918
h1r3b1n1c2p3,Default,Constrained,Default,Default,Constrained,Net Zero by 2050,FT biofuels CCS,2030,21.14513
h1r3b1n1c2p3,Default,Constrained,Default,Default,Constrained,Net Zero by 2050,FT biofuels CCS,2040,18.00489
h1r3b1n1c2p3,Default,Constrained,Default,Default,Constrained,Net Zero by 2050,FT biofuels CCS,2050,20.69536
h1r3b1n1c2p3,Default,Constrained,Default,Default,Constrained,Net Zero by 2050,LNG,2030,23.27292
h1r3b1n1c2p3,Default,Constrained,Default,Default,Constrained,Net Zero by 2050,LNG,2040,30.75484
h1r3b1n1c2p3,Default,Constrained,Default,Default,Constrained,Net Zero by 2050,LNG,2050,53.93282
h1r3b1n1c2p3,Default,Constrained,Default,Default,Constrained,Net Zero by 2050,ammonia,2030,45.25192
h1r3b1n1c2p3,Default,Constrained,Default,Default,Constrained,Net Zero by 2050,ammonia,2040,46.7514
h1r3b1n1c2p3,Default,Constrained,Default,Default,Constrained,Net Zero by 2050,ammonia,2050,48.22732
h1r3b1n1c2p3,Default,Constrained,Default,Default,Constrained,Net Zero by 2050,e-diesel,2030,95.33364
h1r3b1n1c2p3,Default,Constrained,Default,Default,Constrained,Net Zero by 2050,e-diesel,2040,94.30384
h1r3b1n1c2p3,Default,Constrained,Default,Default,Constrained,Net Zero by 2050,e-diesel,2050,108.5603
h1r3b1n1c2p3,Default,Constrained,Default,Default,Constrained,Net Zero by 2050,electricity,2030,50.2531
h1r3b1n1c2p3,Default,Constrained,Default,Default,Constrained,Net Zero by 2050,electricity,2040,52.59618
h1r3b1n1c2p3,Default,Constrained,Default,Default,Constrained,Net Zero by 2050,electricity,2050,59.31192
h1r3b1n1c2p3,Default,Constrained,Default,Default,Constrained,Net Zero by 2050,hydrogen,2030,51.91033
h1r3b1n1c2p3,Default,Constrained,Default,Default,Constrained,Net Zero by 2050,hydrogen,2040,54.63208
h1r3b1n1c2p3,Default,Constrained,Default,Default,Constrained,Net Zero by 2050,hydrogen,2050,70.12779
h1r3b1n1c2p3,Default,Constrained,Default,Default,Constrained,Net Zero by 2050,petroleum diesel,2030,36.91574
h1r3b1n1c2p3,Default,Constrained,Default,Default,Constrained,Net Zero by 2050,petroleum diesel,2040,39.87793
h1r3b1n1c2p3,Default,Constrained,Default,Default,Constrained,Net Zero by 2050,petroleum diesel,2050,51.71652
h1r3b1n1c2p3,Default,Constrained,Default,Default,Constrained,Net Zero by 2050,renewable diesel,2030,51.8909
h1r3b1n1c2p3,Default,Constrained,Default,Default,Constrained,Net Zero by 2050,renewable diesel,2040,46.9927
h1r3b1n1c2p3,Default,Constrained,Default,Default,Constrained,Net Zero by 2050,renewable diesel,2050,49.31754
h1r3b1n2c1p1,Default,Constrained,Default,Advanced cost,Default,No policy,FT biofuels,2030,32.1613
h1r3b1n2c1p1,Default,Constrained,Default,Advanced cost,Default,No policy,FT biofuels,2040,31.8071
h1r3b1n2c1p1,Default,Constrained,Default,Advanced cost,Default,No policy,FT biofuels,2050,31.42057
h1r3b1n2c1p1,Default,Constrained,Default,Advanced cost,Default,No policy,FT biofuels CCS,2030,35.87483
h1r3b1n2c1p1,Default,Constrained,Default,Advanced cost,Default,No policy,FT biofuels CCS,2040,35.40807
h1r3b1n2c1p1,Default,Constrained,Default,Advanced cost,Default,No policy,FT biofuels CCS,2050,35.089
h1r3b1n2c1p1,Default,Constrained,Default,Advanced cost,Default,No policy,LNG,2030,10.91311
h1r3b1n2c1p1,Default,Constrained,Default,Advanced cost,Default,No policy,LNG,2040,10.65315
h1r3b1n2c1p1,Default,Constrained,Default,Advanced cost,Default,No policy,LNG,2050,11.29618
h1r3b1n2c1p1,Default,Constrained,Default,Advanced cost,Default,No policy,ammonia,2030,40.07632
h1r3b1n2c1p1,Default,Constrained,Default,Advanced cost,Default,No policy,ammonia,2040,39.82818
h1r3b1n2c1p1,Default,Constrained,Default,Advanced cost,Default,No policy,ammonia,2050,39.8392
h1r3b1n2c1p1,Default,Constrained,Default,Advanced cost,Default,No policy,e-diesel,2030,84.77192
h1r3b1n2c1p1,Default,Constrained,Default,Advanced cost,Default,No policy,e-diesel,2040,80.98712
h1r3b1n2c1p1,Default,Constrained,Default,Advanced cost,Default,No policy,e-diesel,2050,81.65668
h1r3b1n2c1p1,Default,Constrained,Default,Advanced cost,Default,No policy,electricity,2030,42.12604
h1r3b1n2c1p1,Default,Constrained,Default,Advanced cost,Default,No policy,electricity,2040,38.43092
h1r3b1n2c1p1,Default,Constrained,Default,Advanced cost,Default,No policy,electricity,2050,38.4199
h1r3b1n2c1p1,Default,Constrained,Default,Advanced cost,Default,No policy,hydrogen,2030,42.00145
h1r3b1n2c1p1,Default,Constrained,Default,Advanced cost,Default,No policy,hydrogen,2040,39.92507
h1r3b1n2c1p1,Default,Constrained,Default,Advanced cost,Default,No policy,hydrogen,2050,38.94113
h1r3b1n2c1p1,Default,Constrained,Default,Advanced cost,Default,No policy,petroleum diesel,2030,28.32201
h1r3b1n2c1p1,Default,Constrained,Default,Advanced cost,Default,No policy,petroleum diesel,2040,27.12417
h1r3b1n2c1p1,Default,Constrained,Default,Advanced cost,Default,No policy,petroleum diesel,2050,26.52921
h1r3b1n2c1p1,Default,Constrained,Default,Advanced cost,Default,No policy,renewable diesel,2030,55.95158
h1r3b1n2c1p1,Default,Constrained,Default,Advanced cost,Default,No policy,renewable diesel,2040,48.7711
h1r3b1n2c1p1,Default,Constrained,Default,Advanced cost,Default,No policy,renewable diesel,2050,49.67968
h1r3b1n2c1p2,Default,Constrained,Default,Advanced cost,Default,50 Percent by 2050,FT biofuels,2030,30.91733
h1r3b1n2c1p2,Default,Constrained,Default,Advanced cost,Default,50 Percent by 2050,FT biofuels,2040,29.85307
h1r3b1n2c1p2,Default,Constrained,Default,Advanced cost,Default,50 Percent by 2050,FT biofuels,2050,32.06881
h1r3b1n2c1p2,Default,Constrained,Default,Advanced cost,Default,50 Percent by 2050,FT biofuels CCS,2030,30.14805
h1r3b1n2c1p2,Default,Constrained,Default,Advanced cost,Default,50 Percent by 2050,FT biofuels CCS,2040,27.59021
h1r3b1n2c1p2,Default,Constrained,Default,Advanced cost,Default,50 Percent by 2050,FT biofuels CCS,2050,27.7132
h1r3b1n2c1p2,Default,Constrained,Default,Advanced cost,Default,50 Percent by 2050,LNG,2030,16.14189
h1r3b1n2c1p2,Default,Constrained,Default,Advanced cost,Default,50 Percent by 2050,LNG,2040,17.5718
h1r3b1n2c1p2,Default,Constrained,Default,Advanced cost,Default,50 Percent by 2050,LNG,2050,21.09096
h1r3b1n2c1p2,Default,Constrained,Default,Advanced cost,Default,50 Percent by 2050,ammonia,2030,45.57948
h1r3b1n2c1p2,Default,Constrained,Default,Advanced cost,Default,50 Percent by 2050,ammonia,2040,45.26826
h1r3b1n2c1p2,Default,Constrained,Default,Advanced cost,Default,50 Percent by 2050,ammonia,2050,45.09688
h1r3b1n2c1p2,Default,Constrained,Default,Advanced cost,Default,50 Percent by 2050,e-diesel,2030,91.16428
h1r3b1n2c1p2,Default,Constrained,Default,Advanced cost,Default,50 Percent by 2050,e-diesel,2040,84.07348
h1r3b1n2c1p2,Default,Constrained,Default,Advanced cost,Default,50 Percent by 2050,e-diesel,2050,82.45012
h1r3b1n2c1p2,Default,Constrained,Default,Advanced cost,Default,50 Percent by 2050,electricity,2030,46.4702
h1r3b1n2c1p2,Default,Constrained,Default,Advanced cost,Default,50 Percent by 2050,electricity,2040,41.23912
h1r3b1n2c1p2,Default,Constrained,Default,Advanced cost,Default,50 Percent by 2050,electricity,2050,41.8969
h1r3b1n2c1p2,Default,Constrained,Default,Advanced cost,Default,50 Percent by 2050,hydrogen,2030,46.58527
h1r3b1n2c1p2,Default,Constrained,Default,Advanced cost,Default,50 Percent by 2050,hydrogen,2040,44.79588
h1r3b1n2c1p2,Default,Constrained,Default,Advanced cost,Default,50 Percent by 2050,hydrogen,2050,44.99
h1r3b1n2c1p2,Default,Constrained,Default,Advanced cost,Default,50 Percent by 2050,petroleum diesel,2030,31.95175
h1r3b1n2c1p2,Default,Constrained,Default,Advanced cost,Default,50 Percent by 2050,petroleum diesel,2040,31.17513
h1r3b1n2c1p2,Default,Constrained,Default,Advanced cost,Default,50 Percent by 2050,petroleum diesel,2050,31.48112
h1r3b1n2c1p2,Default,Constrained,Default,Advanced cost,Default,50 Percent by 2050,renewable diesel,2030,53.84372
h1r3b1n2c1p2,Default,Constrained,Default,Advanced cost,Default,50 Percent by 2050,renewable diesel,2040,45.92034
h1r3b1n2c1p2,Default,Constrained,Default,Advanced cost,Default,50 Percent by 2050,renewable diesel,2050,48.41048
h1r3b1n2c1p3,Default,Constrained,Default,Advanced cost,Default,Net Zero by 2050,FT biofuels,2030,26.79749
h1r3b1n2c1p3,Default,Constrained,Default,Advanced cost,Default,Net Zero by 2050,FT biofuels,2040,25.20133
h1r3b1n2c1p3,Default,Constrained,Default,Advanced cost,Default,Net Zero by 2050,FT biofuels,2050,20.35782
h1r3b1n2c1p3,Default,Constrained,Default,Advanced cost,Default,Net Zero by 2050,FT biofuels CCS,2030,20.82868
h1r3b1n2c1p3,Default,Constrained,Default,Advanced cost,Default,Net Zero by 2050,FT biofuels CCS,2040,17.89262
h1r3b1n2c1p3,Default,Constrained,Default,Advanced cost,Default,Net Zero by 2050,FT biofuels CCS,2050,7.16109
h1r3b1n2c1p3,Default,Constrained,Default,Advanced cost,Default,Net Zero by 2050,LNG,2030,22.19697
h1r3b1n2c1p3,Default,Constrained,Default,Advanced cost,Default,Net Zero by 2050,LNG,2040,23.64369
h1r3b1n2c1p3,Default,Constrained,Default,Advanced cost,Default,Net Zero by 2050,LNG,2050,31.37587
h1r3b1n2c1p3,Default,Constrained,Default,Advanced cost,Default,Net Zero by 2050,ammonia,2030,44.75336
h1r3b1n2c1p3,Default,Constrained,Default,Advanced cost,Default,Net Zero by 2050,ammonia,2040,44.14232
h1r3b1n2c1p3,Default,Constrained,Default,Advanced cost,Default,Net Zero by 2050,ammonia,2050,43.37472
h1r3b1n2c1p3,Default,Constrained,Default,Advanced cost,Default,Net Zero by 2050,e-diesel,2030,93.11748
h1r3b1n2c1p3,Default,Constrained,Default,Advanced cost,Default,Net Zero by 2050,e-diesel,2040,81.22614
h1r3b1n2c1p3,Default,Constrained,Default,Advanced cost,Default,Net Zero by 2050,e-diesel,2050,76.22268
h1r3b1n2c1p3,Default,Constrained,Default,Advanced cost,Default,Net Zero by 2050,electricity,2030,48.85394
h1r3b1n2c1p3,Default,Constrained,Default,Advanced cost,Default,Net Zero by 2050,electricity,2040,41.62482
h1r3b1n2c1p3,Default,Constrained,Default,Advanced cost,Default,Net Zero by 2050,electricity,2050,42.05194
h1r3b1n2c1p3,Default,Constrained,Default,Advanced cost,Default,Net Zero by 2050,hydrogen,2030,50.76709
h1r3b1n2c1p3,Default,Constrained,Default,Advanced cost,Default,Net Zero by 2050,hydrogen,2040,47.93312
h1r3b1n2c1p3,Default,Constrained,Default,Advanced cost,Default,Net Zero by 2050,hydrogen,2050,49.62007
h1r3b1n2c1p3,Default,Constrained,Default,Advanced cost,Default,Net Zero by 2050,petroleum diesel,2030,36.14011
h1r3b1n2c1p3,Default,Constrained,Default,Advanced cost,Default,Net Zero by 2050,petroleum diesel,2040,35.1069
h1r3b1n2c1p3,Default,Constrained,Default,Advanced cost,Default,Net Zero by 2050,petroleum diesel,2050,37.62631
h1r3b1n2c1p3,Default,Constrained,Default,Advanced cost,Default,Net Zero by 2050,renewable diesel,2030,52.30852
h1r3b1n2c1p3,Default,Constrained,Default,Advanced cost,Default,Net Zero by 2050,renewable diesel,2040,46.88934
h1r3b1n2c1p3,Default,Constrained,Default,Advanced cost,Default,Net Zero by 2050,renewable diesel,2050,45.30588
h1r3b1n2c2p1,Default,Constrained,Default,Advanced cost,Constrained,No policy,FT biofuels,2030,32.13193
h1r3b1n2c2p1,Default,Constrained,Default,Advanced cost,Constrained,No policy,FT biofuels,2040,31.72582
h1r3b1n2c2p1,Default,Constrained,Default,Advanced cost,Constrained,No policy,FT biofuels,2050,31.25808
h1r3b1n2c2p1,Default,Constrained,Default,Advanced cost,Constrained,No policy,FT biofuels CCS,2030,36.26009
h1r3b1n2c2p1,Default,Constrained,Default,Advanced cost,Constrained,No policy,FT biofuels CCS,2040,36.62023
h1r3b1n2c2p1,Default,Constrained,Default,Advanced cost,Constrained,No policy,FT biofuels CCS,2050,37.54149
h1r3b1n2c2p1,Default,Constrained,Default,Advanced cost,Constrained,No policy,LNG,2030,10.91341
h1r3b1n2c2p1,Default,Constrained,Default,Advanced cost,Constrained,No policy,LNG,2040,10.65512
h1r3b1n2c2p1,Default,Constrained,Default,Advanced cost,Constrained,No policy,LNG,2050,11.30204
h1r3b1n2c2p1,Default,Constrained,Default,Advanced cost,Constrained,No policy,ammonia,2030,40.0577
h1r3b1n2c2p1,Default,Constrained,Default,Advanced cost,Constrained,No policy,ammonia,2040,39.75294
h1r3b1n2c2p1,Default,Constrained,Default,Advanced cost,Constrained,No policy,ammonia,2050,39.72482
h1r3b1n2c2p1,Default,Constrained,Default,Advanced cost,Constrained,No policy,e-diesel,2030,84.74342
h1r3b1n2c2p1,Default,Constrained,Default,Advanced cost,Constrained,No policy,e-diesel,2040,80.91796
h1r3b1n2c2p1,Default,Constrained,Default,Advanced cost,Constrained,No policy,e-diesel,2050,81.59132
h1r3b1n2c2p1,Default,Constrained,Default,Advanced cost,Constrained,No policy,electricity,2030,42.11464
h1r3b1n2c2p1,Default,Constrained,Default,Advanced cost,Constrained,No policy,electricity,2040,38.41154
h1r3b1n2c2p1,Default,Constrained,Default,Advanced cost,Constrained,No policy,electricity,2050,38.38266
h1r3b1n2c2p1,Default,Constrained,Default,Advanced cost,Constrained,No policy,hydrogen,2030,41.99521
h1r3b1n2c2p1,Default,Constrained,Default,Advanced cost,Constrained,No policy,hydrogen,2040,39.91437
h1r3b1n2c2p1,Default,Constrained,Default,Advanced cost,Constrained,No policy,hydrogen,2050,38.93844
h1r3b1n2c2p1,Default,Constrained,Default,Advanced cost,Constrained,No policy,petroleum diesel,2030,28.32535
h1r3b1n2c2p1,Default,Constrained,Default,Advanced cost,Constrained,No policy,petroleum diesel,2040,27.16137
h1r3b1n2c2p1,Default,Constrained,Default,Advanced cost,Constrained,No policy,petroleum diesel,2050,26.63872
h1r3b1n2c2p1,Default,Constrained,Default,Advanced cost,Constrained,No policy,renewable diesel,2030,55.96678
h1r3b1n2c2p1,Default,Constrained,Default,Advanced cost,Constrained,No policy,renewable diesel,2040,48.8509
h1r3b1n2c2p1,Default,Constrained,Default,Advanced cost,Constrained,No policy,renewable diesel,2050,50.06348
h1r3b1n2c2p2,Default,Constrained,Default,Advanced cost,Constrained,50 Percent by 2050,FT biofuels,2030,30.63176
h1r3b1n2c2p2,Default,Constrained,Default,Advanced cost,Constrained,50 Percent by 2050,FT biofuels,2040,29.22531
h1r3b1n2c2p2,Default,Constrained,Default,Advanced cost,Constrained,50 Percent by 2050,FT biofuels,2050,30.14601
h1r3b1n2c2p2,Default,Constrained,Default,Advanced cost,Constrained,50 Percent by 2050,FT biofuels CCS,2030,30.28427
h1r3b1n2c2p2,Default,Constrained,Default,Advanced cost,Constrained,50 Percent by 2050,FT biofuels CCS,2040,28.71225
h1r3b1n2c2p2,Default,Constrained,Default,Advanced cost,Constrained,50 Percent by 2050,FT biofuels CCS,2050,29.81506
h1r3b1n2c2p2,Default,Constrained,Default,Advanced cost,Constrained,50 Percent by 2050,LNG,2030,16.31551
h1r3b1n2c2p2,Default,Constrained,Default,Advanced cost,Constrained,50 Percent by 2050,LNG,2040,18.18929
h1r3b1n2c2p2,Default,Constrained,Default,Advanced cost,Constrained,50 Percent by 2050,LNG,2050,22.61701
h1r3b1n2c2p2,Default,Constrained,Default,Advanced cost,Constrained,50 Percent by 2050,ammonia,2030,46.14606
h1r3b1n2c2p2,Default,Constrained,Default,Advanced cost,Constrained,50 Percent by 2050,ammonia,2040,46.69174
h1r3b1n2c2p2,Default,Constrained,Default,Advanced cost,Constrained,50 Percent by 2050,ammonia,2050,47.6976
h1r3b1n2c2p2,Default,Constrained,Default,Advanced cost,Constrained,50 Percent by 2050,e-diesel,2030,91.32578
h1r3b1n2c2p2,Default,Constrained,Default,Advanced cost,Constrained,50 Percent by 2050,e-diesel,2040,84.8084
h1r3b1n2c2p2,Default,Constrained,Default,Advanced cost,Constrained,50 Percent by 2050,e-diesel,2050,83.6456
h1r3b1n2c2p2,Default,Constrained,Default,Advanced cost,Constrained,50 Percent by 2050,electricity,2030,46.55684
h1r3b1n2c2p2,Default,Constrained,Default,Advanced cost,Constrained,50 Percent by 2050,electricity,2040,41.41696
h1r3b1n2c2p2,Default,Constrained,Default,Advanced cost,Constrained,50 Percent by 2050,electricity,2050,42.20736
h1r3b1n2c2p2,Default,Constrained,Default,Advanced cost,Constrained,50 Percent by 2050,hydrogen,2030,46.73193
h1r3b1n2c2p2,Default,Constrained,Default,Advanced cost,Constrained,50 Percent by 2050,hydrogen,2040,45.340089999999996
h1r3b1n2c2p2,Default,Constrained,Default,Advanced cost,Constrained,50 Percent by 2050,hydrogen,2050,46.16405
h1r3b1n2c2p2,Default,Constrained,Default,Advanced cost,Constrained,50 Percent by 2050,petroleum diesel,2030,32.08501
h1r3b1n2c2p2,Default,Constrained,Default,Advanced cost,Constrained,50 Percent by 2050,petroleum diesel,2040,31.57717
h1r3b1n2c2p2,Default,Constrained,Default,Advanced cost,Constrained,50 Percent by 2050,petroleum diesel,2050,32.39951
h1r3b1n2c2p2,Default,Constrained,Default,Advanced cost,Constrained,50 Percent by 2050,renewable diesel,2030,53.7814
h1r3b1n2c2p2,Default,Constrained,Default,Advanced cost,Constrained,50 Percent by 2050,renewable diesel,2040,45.6703
h1r3b1n2c2p2,Default,Constrained,Default,Advanced cost,Constrained,50 Percent by 2050,renewable diesel,2050,48.1783
h1r3b1n2c2p3,Default,Constrained,Default,Advanced cost,Constrained,Net Zero by 2050,FT biofuels,2030,26.22589
h1r3b1n2c2p3,Default,Constrained,Default,Advanced cost,Constrained,Net Zero by 2050,FT biofuels,2040,23.04187
h1r3b1n2c2p3,Default,Constrained,Default,Advanced cost,Constrained,Net Zero by 2050,FT biofuels,2050,10.89198
h1r3b1n2c2p3,Default,Constrained,Default,Advanced cost,Constrained,Net Zero by 2050,FT biofuels CCS,2030,21.44129
h1r3b1n2c2p3,Default,Constrained,Default,Advanced cost,Constrained,Net Zero by 2050,FT biofuels CCS,2040,19.02263
h1r3b1n2c2p3,Default,Constrained,Default,Advanced cost,Constrained,Net Zero by 2050,FT biofuels CCS,2050,18.86575
h1r3b1n2c2p3,Default,Constrained,Default,Advanced cost,Constrained,Net Zero by 2050,LNG,2030,22.81033
h1r3b1n2c2p3,Default,Constrained,Default,Advanced cost,Constrained,Net Zero by 2050,LNG,2040,26.43501
h1r3b1n2c2p3,Default,Constrained,Default,Advanced cost,Constrained,Net Zero by 2050,LNG,2050,46.1878
h1r3b1n2c2p3,Default,Constrained,Default,Advanced cost,Constrained,Net Zero by 2050,ammonia,2030,45.10068
h1r3b1n2c2p3,Default,Constrained,Default,Advanced cost,Constrained,Net Zero by 2050,ammonia,2040,45.57264
h1r3b1n2c2p3,Default,Constrained,Default,Advanced cost,Constrained,Net Zero by 2050,ammonia,2050,46.9623
h1r3b1n2c2p3,Default,Constrained,Default,Advanced cost,Constrained,Net Zero by 2050,e-diesel,2030,94.08572
h1r3b1n2c2p3,Default,Constrained,Default,Advanced cost,Constrained,Net Zero by 2050,e-diesel,2040,82.71536
h1r3b1n2c2p3,Default,Constrained,Default,Advanced cost,Constrained,Net Zero by 2050,e-diesel,2050,75.2457
h1r3b1n2c2p3,Default,Constrained,Default,Advanced cost,Constrained,Net Zero by 2050,electricity,2030,49.15756
h1r3b1n2c2p3,Default,Constrained,Default,Advanced cost,Constrained,Net Zero by 2050,electricity,2040,41.64192
h1r3b1n2c2p3,Default,Constrained,Default,Advanced cost,Constrained,Net Zero by 2050,electricity,2050,42.46804
h1r3b1n2c2p3,Default,Constrained,Default,Advanced cost,Constrained,Net Zero by 2050,hydrogen,2030,51.42003
h1r3b1n2c2p3,Default,Constrained,Default,Advanced cost,Constrained,Net Zero by 2050,hydrogen,2040,50.17654
h1r3b1n2c2p3,Default,Constrained,Default,Advanced cost,Constrained,Net Zero by 2050,hydrogen,2050,58.55749
h1r3b1n2c2p3,Default,Constrained,Default,Advanced cost,Constrained,Net Zero by 2050,petroleum diesel,2030,36.62602
h1r3b1n2c2p3,Default,Constrained,Default,Advanced cost,Constrained,Net Zero by 2050,petroleum diesel,2040,37.341
h1r3b1n2c2p3,Default,Constrained,Default,Advanced cost,Constrained,Net Zero by 2050,petroleum diesel,2050,47.09202
h1r3b1n2c2p3,Default,Constrained,Default,Advanced cost,Constrained,Net Zero by 2050,renewable diesel,2030,51.82022
h1r3b1n2c2p3,Default,Constrained,Default,Advanced cost,Constrained,Net Zero by 2050,renewable diesel,2040,45.25078
h1r3b1n2c2p3,Default,Constrained,Default,Advanced cost,Constrained,Net Zero by 2050,renewable diesel,2050,44.3213
h1r3b2n1c1p1,Default,Constrained,Constrained,Default,Default,No policy,FT biofuels,2030,32.17186
h1r3b2n1c1p1,Default,Constrained,Constrained,Default,Default,No policy,FT biofuels,2040,31.94975
h1r3b2n1c1p1,Default,Constrained,Constrained,Default,Default,No policy,FT biofuels,2050,31.85293
h1r3b2n1c1p1,Default,Constrained,Constrained,Default,Default,No policy,FT biofuels CCS,2030,35.88538
h1r3b2n1c1p1,Default,Constrained,Constrained,Default,Default,No policy,FT biofuels CCS,2040,35.56957
h1r3b2n1c1p1,Default,Constrained,Constrained,Default,Default,No policy,FT biofuels CCS,2050,35.55556
h1r3b2n1c1p1,Default,Constrained,Constrained,Default,Default,No policy,LNG,2030,10.92865
h1r3b2n1c1p1,Default,Constrained,Constrained,Default,Default,No policy,LNG,2040,10.80256
h1r3b2n1c1p1,Default,Constrained,Constrained,Default,Default,No policy,LNG,2050,11.49302
h1r3b2n1c1p1,Default,Constrained,Constrained,Default,Default,No policy,ammonia,2030,40.09608
h1r3b2n1c1p1,Default,Constrained,Constrained,Default,Default,No policy,ammonia,2040,40.04896
h1r3b2n1c1p1,Default,Constrained,Constrained,Default,Default,No policy,ammonia,2050,40.09988
h1r3b2n1c1p1,Default,Constrained,Constrained,Default,Default,No policy,e-diesel,2030,84.54506
h1r3b2n1c1p1,Default,Constrained,Constrained,Default,Default,No policy,e-diesel,2040,84.25854
h1r3b2n1c1p1,Default,Constrained,Constrained,Default,Default,No policy,e-diesel,2050,84.4911
h1r3b2n1c1p1,Default,Constrained,Constrained,Default,Default,No policy,electricity,2030,41.8969
h1r3b2n1c1p1,Default,Constrained,Constrained,Default,Default,No policy,electricity,2040,41.08028
h1r3b2n1c1p1,Default,Constrained,Constrained,Default,Default,No policy,electricity,2050,40.66494
h1r3b2n1c1p1,Default,Constrained,Constrained,Default,Default,No policy,hydrogen,2030,41.98978
h1r3b2n1c1p1,Default,Constrained,Constrained,Default,Default,No policy,hydrogen,2040,40.58993
h1r3b2n1c1p1,Default,Constrained,Constrained,Default,Default,No policy,hydrogen,2050,39.58293
h1r3b2n1c1p1,Default,Constrained,Constrained,Default,Default,No policy,petroleum diesel,2030,28.3268
h1r3b2n1c1p1,Default,Constrained,Constrained,Default,Default,No policy,petroleum diesel,2040,27.36969
h1r3b2n1c1p1,Default,Constrained,Constrained,Default,Default,No policy,petroleum diesel,2050,26.80406
h1r3b2n1c1p1,Default,Constrained,Constrained,Default,Default,No policy,renewable diesel,2030,55.9531
h1r3b2n1c1p1,Default,Constrained,Constrained,Default,Default,No policy,renewable diesel,2040,49.0751
h1r3b2n1c1p1,Default,Constrained,Constrained,Default,Default,No policy,renewable diesel,2050,50.0783
h1r3b2n1c1p2,Default,Constrained,Constrained,Default,Default,50 Percent by 2050,FT biofuels,2030,30.66957
h1r3b2n1c1p2,Default,Constrained,Constrained,Default,Default,50 Percent by 2050,FT biofuels,2040,29.98523
h1r3b2n1c1p2,Default,Constrained,Constrained,Default,Default,50 Percent by 2050,FT biofuels,2050,34.20179
h1r3b2n1c1p2,Default,Constrained,Constrained,Default,Default,50 Percent by 2050,FT biofuels CCS,2030,29.42451
h1r3b2n1c1p2,Default,Constrained,Constrained,Default,Default,50 Percent by 2050,FT biofuels CCS,2040,25.6615
h1r3b2n1c1p2,Default,Constrained,Constrained,Default,Default,50 Percent by 2050,FT biofuels CCS,2050,27.71621
h1r3b2n1c1p2,Default,Constrained,Constrained,Default,Default,50 Percent by 2050,LNG,2030,16.72212
h1r3b2n1c1p2,Default,Constrained,Constrained,Default,Default,50 Percent by 2050,LNG,2040,20.44126
h1r3b2n1c1p2,Default,Constrained,Constrained,Default,Default,50 Percent by 2050,LNG,2050,24.1328
h1r3b2n1c1p2,Default,Constrained,Constrained,Default,Default,50 Percent by 2050,ammonia,2030,45.97658
h1r3b2n1c1p2,Default,Constrained,Constrained,Default,Default,50 Percent by 2050,ammonia,2040,46.75672
h1r3b2n1c1p2,Default,Constrained,Constrained,Default,Default,50 Percent by 2050,ammonia,2050,46.0579
h1r3b2n1c1p2,Default,Constrained,Constrained,Default,Default,50 Percent by 2050,e-diesel,2030,91.9467
h1r3b2n1c1p2,Default,Constrained,Constrained,Default,Default,50 Percent by 2050,e-diesel,2040,91.84448
h1r3b2n1c1p2,Default,Constrained,Constrained,Default,Default,50 Percent by 2050,e-diesel,2050,89.35016
h1r3b2n1c1p2,Default,Constrained,Constrained,Default,Default,50 Percent by 2050,electricity,2030,47.0554
h1r3b2n1c1p2,Default,Constrained,Constrained,Default,Default,50 Percent by 2050,electricity,2040,48.68712
h1r3b2n1c1p2,Default,Constrained,Constrained,Default,Default,50 Percent by 2050,electricity,2050,49.06674
h1r3b2n1c1p2,Default,Constrained,Constrained,Default,Default,50 Percent by 2050,hydrogen,2030,47.10398
h1r3b2n1c1p2,Default,Constrained,Constrained,Default,Default,50 Percent by 2050,hydrogen,2040,47.84804
h1r3b2n1c1p2,Default,Constrained,Constrained,Default,Default,50 Percent by 2050,hydrogen,2050,47.919
h1r3b2n1c1p2,Default,Constrained,Constrained,Default,Default,50 Percent by 2050,petroleum diesel,2030,32.35796
h1r3b2n1c1p2,Default,Constrained,Constrained,Default,Default,50 Percent by 2050,petroleum diesel,2040,33.26048
h1r3b2n1c1p2,Default,Constrained,Constrained,Default,Default,50 Percent by 2050,petroleum diesel,2050,33.71145
h1r3b2n1c1p2,Default,Constrained,Constrained,Default,Default,50 Percent by 2050,renewable diesel,2030,53.6275
h1r3b2n1c1p2,Default,Constrained,Constrained,Default,Default,50 Percent by 2050,renewable diesel,2040,45.7026
h1r3b2n1c1p2,Default,Constrained,Constrained,Default,Default,50 Percent by 2050,renewable diesel,2050,49.35478
h1r3b2n1c1p3,Default,Constrained,Constrained,Default,Default,Net Zero by 2050,FT biofuels,2030,26.771
h1r3b2n1c1p3,Default,Constrained,Constrained,Default,Default,Net Zero by 2050,FT biofuels,2040,25.64677
h1r3b2n1c1p3,Default,Constrained,Constrained,Default,Default,Net Zero by 2050,FT biofuels,2050,19.57683
h1r3b2n1c1p3,Default,Constrained,Constrained,Default,Default,Net Zero by 2050,FT biofuels CCS,2030,20.5951
h1r3b2n1c1p3,Default,Constrained,Constrained,Default,Default,Net Zero by 2050,FT biofuels CCS,2040,17.01333
h1r3b2n1c1p3,Default,Constrained,Constrained,Default,Default,Net Zero by 2050,FT biofuels CCS,2050,3.6247
h1r3b2n1c1p3,Default,Constrained,Constrained,Default,Default,Net Zero by 2050,LNG,2030,22.51077
h1r3b2n1c1p3,Default,Constrained,Constrained,Default,Default,Net Zero by 2050,LNG,2040,25.58641
h1r3b2n1c1p3,Default,Constrained,Constrained,Default,Default,Net Zero by 2050,LNG,2050,35.24039
h1r3b2n1c1p3,Default,Constrained,Constrained,Default,Default,Net Zero by 2050,ammonia,2030,44.85254
h1r3b2n1c1p3,Default,Constrained,Constrained,Default,Default,Net Zero by 2050,ammonia,2040,44.65076
h1r3b2n1c1p3,Default,Constrained,Constrained,Default,Default,Net Zero by 2050,ammonia,2050,44.39882
h1r3b2n1c1p3,Default,Constrained,Constrained,Default,Default,Net Zero by 2050,e-diesel,2030,94.12106
h1r3b2n1c1p3,Default,Constrained,Constrained,Default,Default,Net Zero by 2050,e-diesel,2040,89.99236
h1r3b2n1c1p3,Default,Constrained,Constrained,Default,Default,Net Zero by 2050,e-diesel,2050,87.81761
h1r3b2n1c1p3,Default,Constrained,Constrained,Default,Default,Net Zero by 2050,electricity,2030,49.76404
h1r3b2n1c1p3,Default,Constrained,Constrained,Default,Default,Net Zero by 2050,electricity,2040,49.91832
h1r3b2n1c1p3,Default,Constrained,Constrained,Default,Default,Net Zero by 2050,electricity,2050,52.12384
h1r3b2n1c1p3,Default,Constrained,Constrained,Default,Default,Net Zero by 2050,hydrogen,2030,51.11723
h1r3b2n1c1p3,Default,Constrained,Constrained,Default,Default,Net Zero by 2050,hydrogen,2040,50.41665
h1r3b2n1c1p3,Default,Constrained,Constrained,Default,Default,Net Zero by 2050,hydrogen,2050,53.84648
h1r3b2n1c1p3,Default,Constrained,Constrained,Default,Default,Net Zero by 2050,petroleum diesel,2030,36.31716
h1r3b2n1c1p3,Default,Constrained,Constrained,Default,Default,Net Zero by 2050,petroleum diesel,2040,36.07377
h1r3b2n1c1p3,Default,Constrained,Constrained,Default,Default,Net Zero by 2050,petroleum diesel,2050,40.50924
h1r3b2n1c1p3,Default,Constrained,Constrained,Default,Default,Net Zero by 2050,renewable diesel,2030,52.48902
h1r3b2n1c1p3,Default,Constrained,Constrained,Default,Default,Net Zero by 2050,renewable diesel,2040,48.54576
h1r3b2n1c1p3,Default,Constrained,Constrained,Default,Default,Net Zero by 2050,renewable diesel,2050,46.55151
h1r3b2n1c2p1,Default,Constrained,Constrained,Default,Constrained,No policy,FT biofuels,2030,32.14241
h1r3b2n1c2p1,Default,Constrained,Constrained,Default,Constrained,No policy,FT biofuels,2040,31.86555
h1r3b2n1c2p1,Default,Constrained,Constrained,Default,Constrained,No policy,FT biofuels,2050,31.62178
h1r3b2n1c2p1,Default,Constrained,Constrained,Default,Constrained,No policy,FT biofuels CCS,2030,36.27434
h1r3b2n1c2p1,Default,Constrained,Constrained,Default,Constrained,No policy,FT biofuels CCS,2040,36.80447
h1r3b2n1c2p1,Default,Constrained,Constrained,Default,Constrained,No policy,FT biofuels CCS,2050,38.00565
h1r3b2n1c2p1,Default,Constrained,Constrained,Default,Constrained,No policy,LNG,2030,10.92895
h1r3b2n1c2p1,Default,Constrained,Constrained,Default,Constrained,No policy,LNG,2040,10.80439
h1r3b2n1c2p1,Default,Constrained,Constrained,Default,Constrained,No policy,LNG,2050,11.49872
h1r3b2n1c2p1,Default,Constrained,Constrained,Default,Constrained,No policy,ammonia,2030,40.07784
h1r3b2n1c2p1,Default,Constrained,Constrained,Default,Constrained,No policy,ammonia,2040,39.97372
h1r3b2n1c2p1,Default,Constrained,Constrained,Default,Constrained,No policy,ammonia,2050,39.98778
h1r3b2n1c2p1,Default,Constrained,Constrained,Default,Constrained,No policy,e-diesel,2030,84.5158
h1r3b2n1c2p1,Default,Constrained,Constrained,Default,Constrained,No policy,e-diesel,2040,84.17304
h1r3b2n1c2p1,Default,Constrained,Constrained,Default,Constrained,No policy,e-diesel,2050,84.40826
h1r3b2n1c2p1,Default,Constrained,Constrained,Default,Constrained,No policy,electricity,2030,41.88512
h1r3b2n1c2p1,Default,Constrained,Constrained,Default,Constrained,No policy,electricity,2040,41.04266
h1r3b2n1c2p1,Default,Constrained,Constrained,Default,Constrained,No policy,electricity,2050,40.6011
h1r3b2n1c2p1,Default,Constrained,Constrained,Default,Constrained,No policy,hydrogen,2030,41.9833
h1r3b2n1c2p1,Default,Constrained,Constrained,Default,Constrained,No policy,hydrogen,2040,40.5768
h1r3b2n1c2p1,Default,Constrained,Constrained,Default,Constrained,No policy,hydrogen,2050,39.57708
h1r3b2n1c2p1,Default,Constrained,Constrained,Default,Constrained,No policy,petroleum diesel,2030,28.33003
h1r3b2n1c2p1,Default,Constrained,Constrained,Default,Constrained,No policy,petroleum diesel,2040,27.40731
h1r3b2n1c2p1,Default,Constrained,Constrained,Default,Constrained,No policy,petroleum diesel,2050,26.90894
h1r3b2n1c2p1,Default,Constrained,Constrained,Default,Constrained,No policy,renewable diesel,2030,55.96792
h1r3b2n1c2p1,Default,Constrained,Constrained,Default,Constrained,No policy,renewable diesel,2040,49.15452
h1r3b2n1c2p1,Default,Constrained,Constrained,Default,Constrained,No policy,renewable diesel,2050,50.48756
h1r3b2n1c2p2,Default,Constrained,Constrained,Default,Constrained,50 Percent by 2050,FT biofuels,2030,30.37146
h1r3b2n1c2p2,Default,Constrained,Constrained,Default,Constrained,50 Percent by 2050,FT biofuels,2040,29.00677
h1r3b2n1c2p2,Default,Constrained,Constrained,Default,Constrained,50 Percent by 2050,FT biofuels,2050,31.7194
h1r3b2n1c2p2,Default,Constrained,Constrained,Default,Constrained,50 Percent by 2050,FT biofuels CCS,2030,29.57208
h1r3b2n1c2p2,Default,Constrained,Constrained,Default,Constrained,50 Percent by 2050,FT biofuels CCS,2040,26.75524
h1r3b2n1c2p2,Default,Constrained,Constrained,Default,Constrained,50 Percent by 2050,FT biofuels CCS,2050,28.61557
h1r3b2n1c2p2,Default,Constrained,Constrained,Default,Constrained,50 Percent by 2050,LNG,2030,16.91886
h1r3b2n1c2p2,Default,Constrained,Constrained,Default,Constrained,50 Percent by 2050,LNG,2040,21.51445
h1r3b2n1c2p2,Default,Constrained,Constrained,Default,Constrained,50 Percent by 2050,LNG,2050,26.82176
h1r3b2n1c2p2,Default,Constrained,Constrained,Default,Constrained,50 Percent by 2050,ammonia,2030,46.6013
h1r3b2n1c2p2,Default,Constrained,Constrained,Default,Constrained,50 Percent by 2050,ammonia,2040,48.90296
h1r3b2n1c2p2,Default,Constrained,Constrained,Default,Constrained,50 Percent by 2050,ammonia,2050,49.2936
h1r3b2n1c2p2,Default,Constrained,Constrained,Default,Constrained,50 Percent by 2050,e-diesel,2030,92.15038
h1r3b2n1c2p2,Default,Constrained,Constrained,Default,Constrained,50 Percent by 2050,e-diesel,2040,93.4097
h1r3b2n1c2p2,Default,Constrained,Constrained,Default,Constrained,50 Percent by 2050,e-diesel,2050,91.5686
h1r3b2n1c2p2,Default,Constrained,Constrained,Default,Constrained,50 Percent by 2050,electricity,2030,47.16484
h1r3b2n1c2p2,Default,Constrained,Constrained,Default,Constrained,50 Percent by 2050,electricity,2040,49.34566
h1r3b2n1c2p2,Default,Constrained,Constrained,Default,Constrained,50 Percent by 2050,electricity,2050,50.70226
h1r3b2n1c2p2,Default,Constrained,Constrained,Default,Constrained,50 Percent by 2050,hydrogen,2030,47.27457
h1r3b2n1c2p2,Default,Constrained,Constrained,Default,Constrained,50 Percent by 2050,hydrogen,2040,48.85748
h1r3b2n1c2p2,Default,Constrained,Constrained,Default,Constrained,50 Percent by 2050,hydrogen,2050,49.96941
h1r3b2n1c2p2,Default,Constrained,Constrained,Default,Constrained,50 Percent by 2050,petroleum diesel,2030,32.50805
h1r3b2n1c2p2,Default,Constrained,Constrained,Default,Constrained,50 Percent by 2050,petroleum diesel,2040,33.97765
h1r3b2n1c2p2,Default,Constrained,Constrained,Default,Constrained,50 Percent by 2050,petroleum diesel,2050,35.34183
h1r3b2n1c2p2,Default,Constrained,Constrained,Default,Constrained,50 Percent by 2050,renewable diesel,2030,53.55948
h1r3b2n1c2p2,Default,Constrained,Constrained,Default,Constrained,50 Percent by 2050,renewable diesel,2040,45.22456
h1r3b2n1c2p2,Default,Constrained,Constrained,Default,Constrained,50 Percent by 2050,renewable diesel,2050,49.03216
h1r3b2n1c2p3,Default,Constrained,Constrained,Default,Constrained,Net Zero by 2050,FT biofuels,2030,26.10813
h1r3b2n1c2p3,Default,Constrained,Constrained,Default,Constrained,Net Zero by 2050,FT biofuels,2040,21.79916
h1r3b2n1c2p3,Default,Constrained,Constrained,Default,Constrained,Net Zero by 2050,FT biofuels,2050,7.98194
h1r3b2n1c2p3,Default,Constrained,Constrained,Default,Constrained,Net Zero by 2050,FT biofuels CCS,2030,21.14513
h1r3b2n1c2p3,Default,Constrained,Constrained,Default,Constrained,Net Zero by 2050,FT biofuels CCS,2040,18.09937
h1r3b2n1c2p3,Default,Constrained,Constrained,Default,Constrained,Net Zero by 2050,FT biofuels CCS,2050,20.63312
h1r3b2n1c2p3,Default,Constrained,Constrained,Default,Constrained,Net Zero by 2050,LNG,2030,23.27292
h1r3b2n1c2p3,Default,Constrained,Constrained,Default,Constrained,Net Zero by 2050,LNG,2040,30.96468
h1r3b2n1c2p3,Default,Constrained,Constrained,Default,Constrained,Net Zero by 2050,LNG,2050,54.2918
h1r3b2n1c2p3,Default,Constrained,Constrained,Default,Constrained,Net Zero by 2050,ammonia,2030,45.25192
h1r3b2n1c2p3,Default,Constrained,Constrained,Default,Constrained,Net Zero by 2050,ammonia,2040,46.76204
h1r3b2n1c2p3,Default,Constrained,Constrained,Default,Constrained,Net Zero by 2050,ammonia,2050,48.2277
h1r3b2n1c2p3,Default,Constrained,Constrained,Default,Constrained,Net Zero by 2050,e-diesel,2030,95.33364
h1r3b2n1c2p3,Default,Constrained,Constrained,Default,Constrained,Net Zero by 2050,e-diesel,2040,94.18528
h1r3b2n1c2p3,Default,Constrained,Constrained,Default,Constrained,Net Zero by 2050,e-diesel,2050,108.65378
h1r3b2n1c2p3,Default,Constrained,Constrained,Default,Constrained,Net Zero by 2050,electricity,2030,50.2531
h1r3b2n1c2p3,Default,Constrained,Constrained,Default,Constrained,Net Zero by 2050,electricity,2040,52.63304
h1r3b2n1c2p3,Default,Constrained,Constrained,Default,Constrained,Net Zero by 2050,electricity,2050,59.31914
h1r3b2n1c2p3,Default,Constrained,Constrained,Default,Constrained,Net Zero by 2050,hydrogen,2030,51.91033
h1r3b2n1c2p3,Default,Constrained,Constrained,Default,Constrained,Net Zero by 2050,hydrogen,2040,54.72541
h1r3b2n1c2p3,Default,Constrained,Constrained,Default,Constrained,Net Zero by 2050,hydrogen,2050,70.37483
h1r3b2n1c2p3,Default,Constrained,Constrained,Default,Constrained,Net Zero by 2050,petroleum diesel,2030,36.91574
h1r3b2n1c2p3,Default,Constrained,Constrained,Default,Constrained,Net Zero by 2050,petroleum diesel,2040,40.08438
h1r3b2n1c2p3,Default,Constrained,Constrained,Default,Constrained,Net Zero by 2050,petroleum diesel,2050,51.98631
h1r3b2n1c2p3,Default,Constrained,Constrained,Default,Constrained,Net Zero by 2050,renewable diesel,2030,51.8909
h1r3b2n1c2p3,Default,Constrained,Constrained,Default,Constrained,Net Zero by 2050,renewable diesel,2040,46.64576
h1r3b2n1c2p3,Default,Constrained,Constrained,Default,Constrained,Net Zero by 2050,renewable diesel,2050,48.57882
h1r3b2n2c1p1,Default,Constrained,Constrained,Advanced cost,Default,No policy,FT biofuels,2030,32.1613
h1r3b2n2c1p1,Default,Constrained,Constrained,Advanced cost,Default,No policy,FT biofuels,2040,31.8071
h1r3b2n2c1p1,Default,Constrained,Constrained,Advanced cost,Default,No policy,FT biofuels,2050,31.6141
h1r3b2n2c1p1,Default,Constrained,Constrained,Advanced cost,Default,No policy,FT biofuels CCS,2030,35.87483
h1r3b2n2c1p1,Default,Constrained,Constrained,Advanced cost,Default,No policy,FT biofuels CCS,2040,35.40807
h1r3b2n2c1p1,Default,Constrained,Constrained,Advanced cost,Default,No policy,FT biofuels CCS,2050,35.28806
h1r3b2n2c1p1,Default,Constrained,Constrained,Advanced cost,Default,No policy,LNG,2030,10.91311
h1r3b2n2c1p1,Default,Constrained,Constrained,Advanced cost,Default,No policy,LNG,2040,10.65315
h1r3b2n2c1p1,Default,Constrained,Constrained,Advanced cost,Default,No policy,LNG,2050,11.29626
h1r3b2n2c1p1,Default,Constrained,Constrained,Advanced cost,Default,No policy,ammonia,2030,40.07632
h1r3b2n2c1p1,Default,Constrained,Constrained,Advanced cost,Default,No policy,ammonia,2040,39.82818
h1r3b2n2c1p1,Default,Constrained,Constrained,Advanced cost,Default,No policy,ammonia,2050,39.83844
h1r3b2n2c1p1,Default,Constrained,Constrained,Advanced cost,Default,No policy,e-diesel,2030,84.77192
h1r3b2n2c1p1,Default,Constrained,Constrained,Advanced cost,Default,No policy,e-diesel,2040,80.98712
h1r3b2n2c1p1,Default,Constrained,Constrained,Advanced cost,Default,No policy,e-diesel,2050,81.65174
h1r3b2n2c1p1,Default,Constrained,Constrained,Advanced cost,Default,No policy,electricity,2030,42.12604
h1r3b2n2c1p1,Default,Constrained,Constrained,Advanced cost,Default,No policy,electricity,2040,38.43092
h1r3b2n2c1p1,Default,Constrained,Constrained,Advanced cost,Default,No policy,electricity,2050,38.41762
h1r3b2n2c1p1,Default,Constrained,Constrained,Advanced cost,Default,No policy,hydrogen,2030,42.00145
h1r3b2n2c1p1,Default,Constrained,Constrained,Advanced cost,Default,No policy,hydrogen,2040,39.92507
h1r3b2n2c1p1,Default,Constrained,Constrained,Advanced cost,Default,No policy,hydrogen,2050,38.94072
h1r3b2n2c1p1,Default,Constrained,Constrained,Advanced cost,Default,No policy,petroleum diesel,2030,28.32201
h1r3b2n2c1p1,Default,Constrained,Constrained,Advanced cost,Default,No policy,petroleum diesel,2040,27.12417
h1r3b2n2c1p1,Default,Constrained,Constrained,Advanced cost,Default,No policy,petroleum diesel,2050,26.53673
h1r3b2n2c1p1,Default,Constrained,Constrained,Advanced cost,Default,No policy,renewable diesel,2030,55.95158
h1r3b2n2c1p1,Default,Constrained,Constrained,Advanced cost,Default,No policy,renewable diesel,2040,48.7711
h1r3b2n2c1p1,Default,Constrained,Constrained,Advanced cost,Default,No policy,renewable diesel,2050,49.63788
h1r3b2n2c1p2,Default,Constrained,Constrained,Advanced cost,Default,50 Percent by 2050,FT biofuels,2030,30.91733
h1r3b2n2c1p2,Default,Constrained,Constrained,Advanced cost,Default,50 Percent by 2050,FT biofuels,2040,30.27821
h1r3b2n2c1p2,Default,Constrained,Constrained,Advanced cost,Default,50 Percent by 2050,FT biofuels,2050,32.66089
h1r3b2n2c1p2,Default,Constrained,Constrained,Advanced cost,Default,50 Percent by 2050,FT biofuels CCS,2030,30.14805
h1r3b2n2c1p2,Default,Constrained,Constrained,Advanced cost,Default,50 Percent by 2050,FT biofuels CCS,2040,27.9946
h1r3b2n2c1p2,Default,Constrained,Constrained,Advanced cost,Default,50 Percent by 2050,FT biofuels CCS,2050,28.1929
h1r3b2n2c1p2,Default,Constrained,Constrained,Advanced cost,Default,50 Percent by 2050,LNG,2030,16.14189
h1r3b2n2c1p2,Default,Constrained,Constrained,Advanced cost,Default,50 Percent by 2050,LNG,2040,17.61015
h1r3b2n2c1p2,Default,Constrained,Constrained,Advanced cost,Default,50 Percent by 2050,LNG,2050,21.24824
h1r3b2n2c1p2,Default,Constrained,Constrained,Advanced cost,Default,50 Percent by 2050,ammonia,2030,45.57948
h1r3b2n2c1p2,Default,Constrained,Constrained,Advanced cost,Default,50 Percent by 2050,ammonia,2040,45.28574
h1r3b2n2c1p2,Default,Constrained,Constrained,Advanced cost,Default,50 Percent by 2050,ammonia,2050,45.12386
h1r3b2n2c1p2,Default,Constrained,Constrained,Advanced cost,Default,50 Percent by 2050,e-diesel,2030,91.16428
h1r3b2n2c1p2,Default,Constrained,Constrained,Advanced cost,Default,50 Percent by 2050,e-diesel,2040,84.05638
h1r3b2n2c1p2,Default,Constrained,Constrained,Advanced cost,Default,50 Percent by 2050,e-diesel,2050,82.3631
h1r3b2n2c1p2,Default,Constrained,Constrained,Advanced cost,Default,50 Percent by 2050,electricity,2030,46.4702
h1r3b2n2c1p2,Default,Constrained,Constrained,Advanced cost,Default,50 Percent by 2050,electricity,2040,41.23912
h1r3b2n2c1p2,Default,Constrained,Constrained,Advanced cost,Default,50 Percent by 2050,electricity,2050,41.90602
h1r3b2n2c1p2,Default,Constrained,Constrained,Advanced cost,Default,50 Percent by 2050,hydrogen,2030,46.58503
h1r3b2n2c1p2,Default,Constrained,Constrained,Advanced cost,Default,50 Percent by 2050,hydrogen,2040,44.81917
h1r3b2n2c1p2,Default,Constrained,Constrained,Advanced cost,Default,50 Percent by 2050,hydrogen,2050,45.06861
h1r3b2n2c1p2,Default,Constrained,Constrained,Advanced cost,Default,50 Percent by 2050,petroleum diesel,2030,31.95175
h1r3b2n2c1p2,Default,Constrained,Constrained,Advanced cost,Default,50 Percent by 2050,petroleum diesel,2040,31.21171
h1r3b2n2c1p2,Default,Constrained,Constrained,Advanced cost,Default,50 Percent by 2050,petroleum diesel,2050,31.62986
h1r3b2n2c1p2,Default,Constrained,Constrained,Advanced cost,Default,50 Percent by 2050,renewable diesel,2030,53.84372
h1r3b2n2c1p2,Default,Constrained,Constrained,Advanced cost,Default,50 Percent by 2050,renewable diesel,2040,45.75086
h1r3b2n2c1p2,Default,Constrained,Constrained,Advanced cost,Default,50 Percent by 2050,renewable diesel,2050,48.31092
h1r3b2n2c1p3,Default,Constrained,Constrained,Advanced cost,Default,Net Zero by 2050,FT biofuels,2030,26.79749
h1r3b2n2c1p3,Default,Constrained,Constrained,Advanced cost,Default,Net Zero by 2050,FT biofuels,2040,25.57837
h1r3b2n2c1p3,Default,Constrained,Constrained,Advanced cost,Default,Net Zero by 2050,FT biofuels,2050,21.1638
h1r3b2n2c1p3,Default,Constrained,Constrained,Advanced cost,Default,Net Zero by 2050,FT biofuels CCS,2030,20.8287
h1r3b2n2c1p3,Default,Constrained,Constrained,Advanced cost,Default,Net Zero by 2050,FT biofuels CCS,2040,18.07624
h1r3b2n2c1p3,Default,Constrained,Constrained,Advanced cost,Default,Net Zero by 2050,FT biofuels CCS,2050,7.8329
h1r3b2n2c1p3,Default,Constrained,Constrained,Advanced cost,Default,Net Zero by 2050,LNG,2030,22.19697
h1r3b2n2c1p3,Default,Constrained,Constrained,Advanced cost,Default,Net Zero by 2050,LNG,2040,23.88399
h1r3b2n2c1p3,Default,Constrained,Constrained,Advanced cost,Default,Net Zero by 2050,LNG,2050,31.57356
h1r3b2n2c1p3,Default,Constrained,Constrained,Advanced cost,Default,Net Zero by 2050,ammonia,2030,44.75336
h1r3b2n2c1p3,Default,Constrained,Constrained,Advanced cost,Default,Net Zero by 2050,ammonia,2040,44.17766
h1r3b2n2c1p3,Default,Constrained,Constrained,Advanced cost,Default,Net Zero by 2050,ammonia,2050,43.38802
h1r3b2n2c1p3,Default,Constrained,Constrained,Advanced cost,Default,Net Zero by 2050,e-diesel,2030,93.11748
h1r3b2n2c1p3,Default,Constrained,Constrained,Advanced cost,Default,Net Zero by 2050,e-diesel,2040,81.10226
h1r3b2n2c1p3,Default,Constrained,Constrained,Advanced cost,Default,Net Zero by 2050,e-diesel,2050,76.08968
h1r3b2n2c1p3,Default,Constrained,Constrained,Advanced cost,Default,Net Zero by 2050,electricity,2030,48.85394
h1r3b2n2c1p3,Default,Constrained,Constrained,Advanced cost,Default,Net Zero by 2050,electricity,2040,41.63432
h1r3b2n2c1p3,Default,Constrained,Constrained,Advanced cost,Default,Net Zero by 2050,electricity,2050,42.04282
h1r3b2n2c1p3,Default,Constrained,Constrained,Advanced cost,Default,Net Zero by 2050,hydrogen,2030,50.7671
h1r3b2n2c1p3,Default,Constrained,Constrained,Advanced cost,Default,Net Zero by 2050,hydrogen,2040,48.05005
h1r3b2n2c1p3,Default,Constrained,Constrained,Advanced cost,Default,Net Zero by 2050,hydrogen,2050,49.69533
h1r3b2n2c1p3,Default,Constrained,Constrained,Advanced cost,Default,Net Zero by 2050,petroleum diesel,2030,36.14011
h1r3b2n2c1p3,Default,Constrained,Constrained,Advanced cost,Default,Net Zero by 2050,petroleum diesel,2040,35.33757
h1r3b2n2c1p3,Default,Constrained,Constrained,Advanced cost,Default,Net Zero by 2050,petroleum diesel,2050,37.80957
h1r3b2n2c1p3,Default,Constrained,Constrained,Advanced cost,Default,Net Zero by 2050,renewable diesel,2030,52.30852
h1r3b2n2c1p3,Default,Constrained,Constrained,Advanced cost,Default,Net Zero by 2050,renewable diesel,2040,46.51998
h1r3b2n2c1p3,Default,Constrained,Constrained,Advanced cost,Default,Net Zero by 2050,renewable diesel,2050,44.9065
h1r3b2n2c2p1,Default,Constrained,Constrained,Advanced cost,Constrained,No policy,FT biofuels,2030,32.13193
h1r3b2n2c2p1,Default,Constrained,Constrained,Advanced cost,Constrained,No policy,FT biofuels,2040,31.72582
h1r3b2n2c2p1,Default,Constrained,Constrained,Advanced cost,Constrained,No policy,FT biofuels,2050,31.38051
h1r3b2n2c2p1,Default,Constrained,Constrained,Advanced cost,Constrained,No policy,FT biofuels CCS,2030,36.26009
h1r3b2n2c2p1,Default,Constrained,Constrained,Advanced cost,Constrained,No policy,FT biofuels CCS,2040,36.62023
h1r3b2n2c2p1,Default,Constrained,Constrained,Advanced cost,Constrained,No policy,FT biofuels CCS,2050,37.66457
h1r3b2n2c2p1,Default,Constrained,Constrained,Advanced cost,Constrained,No policy,LNG,2030,10.91341
h1r3b2n2c2p1,Default,Constrained,Constrained,Advanced cost,Constrained,No policy,LNG,2040,10.65512
h1r3b2n2c2p1,Default,Constrained,Constrained,Advanced cost,Constrained,No policy,LNG,2050,11.30211
h1r3b2n2c2p1,Default,Constrained,Constrained,Advanced cost,Constrained,No policy,ammonia,2030,40.0577
h1r3b2n2c2p1,Default,Constrained,Constrained,Advanced cost,Constrained,No policy,ammonia,2040,39.75294
h1r3b2n2c2p1,Default,Constrained,Constrained,Advanced cost,Constrained,No policy,ammonia,2050,39.72444
h1r3b2n2c2p1,Default,Constrained,Constrained,Advanced cost,Constrained,No policy,e-diesel,2030,84.74342
h1r3b2n2c2p1,Default,Constrained,Constrained,Advanced cost,Constrained,No policy,e-diesel,2040,80.91796
h1r3b2n2c2p1,Default,Constrained,Constrained,Advanced cost,Constrained,No policy,e-diesel,2050,81.58828
h1r3b2n2c2p1,Default,Constrained,Constrained,Advanced cost,Constrained,No policy,electricity,2030,42.11464
h1r3b2n2c2p1,Default,Constrained,Constrained,Advanced cost,Constrained,No policy,electricity,2040,38.41154
h1r3b2n2c2p1,Default,Constrained,Constrained,Advanced cost,Constrained,No policy,electricity,2050,38.38114
h1r3b2n2c2p1,Default,Constrained,Constrained,Advanced cost,Constrained,No policy,hydrogen,2030,41.99521
h1r3b2n2c2p1,Default,Constrained,Constrained,Advanced cost,Constrained,No policy,hydrogen,2040,39.91437
h1r3b2n2c2p1,Default,Constrained,Constrained,Advanced cost,Constrained,No policy,hydrogen,2050,38.9382
h1r3b2n2c2p1,Default,Constrained,Constrained,Advanced cost,Constrained,No policy,petroleum diesel,2030,28.32535
h1r3b2n2c2p1,Default,Constrained,Constrained,Advanced cost,Constrained,No policy,petroleum diesel,2040,27.16137
h1r3b2n2c2p1,Default,Constrained,Constrained,Advanced cost,Constrained,No policy,petroleum diesel,2050,26.64328
h1r3b2n2c2p1,Default,Constrained,Constrained,Advanced cost,Constrained,No policy,renewable diesel,2030,55.96678
h1r3b2n2c2p1,Default,Constrained,Constrained,Advanced cost,Constrained,No policy,renewable diesel,2040,48.8509
h1r3b2n2c2p1,Default,Constrained,Constrained,Advanced cost,Constrained,No policy,renewable diesel,2050,50.0403
h1r3b2n2c2p2,Default,Constrained,Constrained,Advanced cost,Constrained,50 Percent by 2050,FT biofuels,2030,30.63172
h1r3b2n2c2p2,Default,Constrained,Constrained,Advanced cost,Constrained,50 Percent by 2050,FT biofuels,2040,29.57396
h1r3b2n2c2p2,Default,Constrained,Constrained,Advanced cost,Constrained,50 Percent by 2050,FT biofuels,2050,30.62082
h1r3b2n2c2p2,Default,Constrained,Constrained,Advanced cost,Constrained,50 Percent by 2050,FT biofuels CCS,2030,30.28423
h1r3b2n2c2p2,Default,Constrained,Constrained,Advanced cost,Constrained,50 Percent by 2050,FT biofuels CCS,2040,29.03893
h1r3b2n2c2p2,Default,Constrained,Constrained,Advanced cost,Constrained,50 Percent by 2050,FT biofuels CCS,2050,30.1715
h1r3b2n2c2p2,Default,Constrained,Constrained,Advanced cost,Constrained,50 Percent by 2050,LNG,2030,16.31551
h1r3b2n2c2p2,Default,Constrained,Constrained,Advanced cost,Constrained,50 Percent by 2050,LNG,2040,18.21836
h1r3b2n2c2p2,Default,Constrained,Constrained,Advanced cost,Constrained,50 Percent by 2050,LNG,2050,22.71402
h1r3b2n2c2p2,Default,Constrained,Constrained,Advanced cost,Constrained,50 Percent by 2050,ammonia,2030,46.14606
h1r3b2n2c2p2,Default,Constrained,Constrained,Advanced cost,Constrained,50 Percent by 2050,ammonia,2040,46.7077
h1r3b2n2c2p2,Default,Constrained,Constrained,Advanced cost,Constrained,50 Percent by 2050,ammonia,2050,47.71812
h1r3b2n2c2p2,Default,Constrained,Constrained,Advanced cost,Constrained,50 Percent by 2050,e-diesel,2030,91.32616
h1r3b2n2c2p2,Default,Constrained,Constrained,Advanced cost,Constrained,50 Percent by 2050,e-diesel,2040,84.797
h1r3b2n2c2p2,Default,Constrained,Constrained,Advanced cost,Constrained,50 Percent by 2050,e-diesel,2050,83.58822
h1r3b2n2c2p2,Default,Constrained,Constrained,Advanced cost,Constrained,50 Percent by 2050,electricity,2030,46.55722
h1r3b2n2c2p2,Default,Constrained,Constrained,Advanced cost,Constrained,50 Percent by 2050,electricity,2040,41.4162
h1r3b2n2c2p2,Default,Constrained,Constrained,Advanced cost,Constrained,50 Percent by 2050,electricity,2050,42.20926
h1r3b2n2c2p2,Default,Constrained,Constrained,Advanced cost,Constrained,50 Percent by 2050,hydrogen,2030,46.73193
h1r3b2n2c2p2,Default,Constrained,Constrained,Advanced cost,Constrained,50 Percent by 2050,hydrogen,2040,45.35807
h1r3b2n2c2p2,Default,Constrained,Constrained,Advanced cost,Constrained,50 Percent by 2050,hydrogen,2050,46.21345
h1r3b2n2c2p2,Default,Constrained,Constrained,Advanced cost,Constrained,50 Percent by 2050,petroleum diesel,2030,32.08501
h1r3b2n2c2p2,Default,Constrained,Constrained,Advanced cost,Constrained,50 Percent by 2050,petroleum diesel,2040,31.60468
h1r3b2n2c2p2,Default,Constrained,Constrained,Advanced cost,Constrained,50 Percent by 2050,petroleum diesel,2050,32.49227
h1r3b2n2c2p2,Default,Constrained,Constrained,Advanced cost,Constrained,50 Percent by 2050,renewable diesel,2030,53.7814
h1r3b2n2c2p2,Default,Constrained,Constrained,Advanced cost,Constrained,50 Percent by 2050,renewable diesel,2040,45.53654
h1r3b2n2c2p2,Default,Constrained,Constrained,Advanced cost,Constrained,50 Percent by 2050,renewable diesel,2050,48.10648
h1r3b2n2c2p3,Default,Constrained,Constrained,Advanced cost,Constrained,Net Zero by 2050,FT biofuels,2030,26.22589
h1r3b2n2c2p3,Default,Constrained,Constrained,Advanced cost,Constrained,Net Zero by 2050,FT biofuels,2040,23.29396
h1r3b2n2c2p3,Default,Constrained,Constrained,Advanced cost,Constrained,Net Zero by 2050,FT biofuels,2050,11.26901
h1r3b2n2c2p3,Default,Constrained,Constrained,Advanced cost,Constrained,Net Zero by 2050,FT biofuels CCS,2030,21.44131
h1r3b2n2c2p3,Default,Constrained,Constrained,Advanced cost,Constrained,Net Zero by 2050,FT biofuels CCS,2040,19.13897
h1r3b2n2c2p3,Default,Constrained,Constrained,Advanced cost,Constrained,Net Zero by 2050,FT biofuels CCS,2050,18.6093
h1r3b2n2c2p3,Default,Constrained,Constrained,Advanced cost,Constrained,Net Zero by 2050,LNG,2030,22.81029
h1r3b2n2c2p3,Default,Constrained,Constrained,Advanced cost,Constrained,Net Zero by 2050,LNG,2040,26.60134
h1r3b2n2c2p3,Default,Constrained,Constrained,Advanced cost,Constrained,Net Zero by 2050,LNG,2050,46.93856
h1r3b2n2c2p3,Default,Constrained,Constrained,Advanced cost,Constrained,Net Zero by 2050,ammonia,2030,45.10068
h1r3b2n2c2p3,Default,Constrained,Constrained,Advanced cost,Constrained,Net Zero by 2050,ammonia,2040,45.59924
h1r3b2n2c2p3,Default,Constrained,Constrained,Advanced cost,Constrained,Net Zero by 2050,ammonia,2050,47.04704
h1r3b2n2c2p3,Default,Constrained,Constrained,Advanced cost,Constrained,Net Zero by 2050,e-diesel,2030,94.08572
h1r3b2n2c2p3,Default,Constrained,Constrained,Advanced cost,Constrained,Net Zero by 2050,e-diesel,2040,82.62644
h1r3b2n2c2p3,Default,Constrained,Constrained,Advanced cost,Constrained,Net Zero by 2050,e-diesel,2050,75.15602
h1r3b2n2c2p3,Default,Constrained,Constrained,Advanced cost,Constrained,Net Zero by 2050,electricity,2030,49.15756
h1r3b2n2c2p3,Default,Constrained,Constrained,Advanced cost,Constrained,Net Zero by 2050,electricity,2040,41.64078
h1r3b2n2c2p3,Default,Constrained,Constrained,Advanced cost,Constrained,Net Zero by 2050,electricity,2050,42.47146
h1r3b2n2c2p3,Default,Constrained,Constrained,Advanced cost,Constrained,Net Zero by 2050,hydrogen,2030,51.42002
h1r3b2n2c2p3,Default,Constrained,Constrained,Advanced cost,Constrained,Net Zero by 2050,hydrogen,2040,50.26215
h1r3b2n2c2p3,Default,Constrained,Constrained,Advanced cost,Constrained,Net Zero by 2050,hydrogen,2050,59.00058
h1r3b2n2c2p3,Default,Constrained,Constrained,Advanced cost,Constrained,Net Zero by 2050,petroleum diesel,2030,36.62602
h1r3b2n2c2p3,Default,Constrained,Constrained,Advanced cost,Constrained,Net Zero by 2050,petroleum diesel,2040,37.49221
h1r3b2n2c2p3,Default,Constrained,Constrained,Advanced cost,Constrained,Net Zero by 2050,petroleum diesel,2050,47.67696
h1r3b2n2c2p3,Default,Constrained,Constrained,Advanced cost,Constrained,Net Zero by 2050,renewable diesel,2030,51.82022
h1r3b2n2c2p3,Default,Constrained,Constrained,Advanced cost,Constrained,Net Zero by 2050,renewable diesel,2040,45.01328
h1r3b2n2c2p3,Default,Constrained,Constrained,Advanced cost,Constrained,Net Zero by 2050,renewable diesel,2050,43.7703
h2r1b1n1c1p1,Green (Default cost),Default,Default,Default,Default,No policy,FT biofuels,2030,32.34169
h2r1b1n1c1p1,Green (Default cost),Default,Default,Default,Default,No policy,FT biofuels,2040,32.03848
h2r1b1n1c1p1,Green (Default cost),Default,Default,Default,Default,No policy,FT biofuels,2050,31.56174
h2r1b1n1c1p1,Green (Default cost),Default,Default,Default,Default,No policy,FT biofuels CCS,2030,36.05392
h2r1b1n1c1p1,Green (Default cost),Default,Default,Default,Default,No policy,FT biofuels CCS,2040,35.64429
h2r1b1n1c1p1,Green (Default cost),Default,Default,Default,Default,No policy,FT biofuels CCS,2050,35.22127
h2r1b1n1c1p1,Green (Default cost),Default,Default,Default,Default,No policy,LNG,2030,10.84828
h2r1b1n1c1p1,Green (Default cost),Default,Default,Default,Default,No policy,LNG,2040,10.57445
h2r1b1n1c1p1,Green (Default cost),Default,Default,Default,Default,No policy,LNG,2050,11.17033
h2r1b1n1c1p1,Green (Default cost),Default,Default,Default,Default,No policy,ammonia,2030,57.01482
h2r1b1n1c1p1,Green (Default cost),Default,Default,Default,Default,No policy,ammonia,2040,51.15294
h2r1b1n1c1p1,Green (Default cost),Default,Default,Default,Default,No policy,ammonia,2050,46.18786
h2r1b1n1c1p1,Green (Default cost),Default,Default,Default,Default,No policy,e-diesel,2030,95.22572
h2r1b1n1c1p1,Green (Default cost),Default,Default,Default,Default,No policy,e-diesel,2040,89.78564
h2r1b1n1c1p1,Green (Default cost),Default,Default,Default,Default,No policy,e-diesel,2050,85.75042
h2r1b1n1c1p1,Green (Default cost),Default,Default,Default,Default,No policy,electricity,2030,40.56158
h2r1b1n1c1p1,Green (Default cost),Default,Default,Default,Default,No policy,electricity,2040,39.24032
h2r1b1n1c1p1,Green (Default cost),Default,Default,Default,Default,No policy,electricity,2050,38.5795
h2r1b1n1c1p1,Green (Default cost),Default,Default,Default,Default,No policy,hydrogen,2030,NA
h2r1b1n1c1p1,Green (Default cost),Default,Default,Default,Default,No policy,hydrogen,2040,NA
h2r1b1n1c1p1,Green (Default cost),Default,Default,Default,Default,No policy,hydrogen,2050,NA
h2r1b1n1c1p1,Green (Default cost),Default,Default,Default,Default,No policy,petroleum diesel,2030,28.33459
h2r1b1n1c1p1,Green (Default cost),Default,Default,Default,Default,No policy,petroleum diesel,2040,27.40419
h2r1b1n1c1p1,Green (Default cost),Default,Default,Default,Default,No policy,petroleum diesel,2050,26.72396
h2r1b1n1c1p1,Green (Default cost),Default,Default,Default,Default,No policy,renewable diesel,2030,56.78682
h2r1b1n1c1p1,Green (Default cost),Default,Default,Default,Default,No policy,renewable diesel,2040,49.55656
h2r1b1n1c1p1,Green (Default cost),Default,Default,Default,Default,No policy,renewable diesel,2050,50.3234
h2r1b1n1c1p2,Green (Default cost),Default,Default,Default,Default,50 Percent by 2050,FT biofuels,2030,31.22012
h2r1b1n1c1p2,Green (Default cost),Default,Default,Default,Default,50 Percent by 2050,FT biofuels,2040,29.52581
h2r1b1n1c1p2,Green (Default cost),Default,Default,Default,Default,50 Percent by 2050,FT biofuels,2050,32.35058
h2r1b1n1c1p2,Green (Default cost),Default,Default,Default,Default,50 Percent by 2050,FT biofuels CCS,2030,30.97547
h2r1b1n1c1p2,Green (Default cost),Default,Default,Default,Default,50 Percent by 2050,FT biofuels CCS,2040,26.22869
h2r1b1n1c1p2,Green (Default cost),Default,Default,Default,Default,50 Percent by 2050,FT biofuels CCS,2050,27.13385
h2r1b1n1c1p2,Green (Default cost),Default,Default,Default,Default,50 Percent by 2050,LNG,2030,15.42711
h2r1b1n1c1p2,Green (Default cost),Default,Default,Default,Default,50 Percent by 2050,LNG,2040,18.8557
h2r1b1n1c1p2,Green (Default cost),Default,Default,Default,Default,50 Percent by 2050,LNG,2050,22.19775
h2r1b1n1c1p2,Green (Default cost),Default,Default,Default,Default,50 Percent by 2050,ammonia,2030,57.77634
h2r1b1n1c1p2,Green (Default cost),Default,Default,Default,Default,50 Percent by 2050,ammonia,2040,51.87228
h2r1b1n1c1p2,Green (Default cost),Default,Default,Default,Default,50 Percent by 2050,ammonia,2050,46.53898
h2r1b1n1c1p2,Green (Default cost),Default,Default,Default,Default,50 Percent by 2050,e-diesel,2030,96.43906
h2r1b1n1c1p2,Green (Default cost),Default,Default,Default,Default,50 Percent by 2050,e-diesel,2040,91.65562
h2r1b1n1c1p2,Green (Default cost),Default,Default,Default,Default,50 Percent by 2050,e-diesel,2050,87.3164
h2r1b1n1c1p2,Green (Default cost),Default,Default,Default,Default,50 Percent by 2050,electricity,2030,44.15752
h2r1b1n1c1p2,Green (Default cost),Default,Default,Default,Default,50 Percent by 2050,electricity,2040,45.42216
h2r1b1n1c1p2,Green (Default cost),Default,Default,Default,Default,50 Percent by 2050,electricity,2050,46.02104
h2r1b1n1c1p2,Green (Default cost),Default,Default,Default,Default,50 Percent by 2050,hydrogen,2030,NA
h2r1b1n1c1p2,Green (Default cost),Default,Default,Default,Default,50 Percent by 2050,hydrogen,2040,NA
h2r1b1n1c1p2,Green (Default cost),Default,Default,Default,Default,50 Percent by 2050,hydrogen,2050,NA
h2r1b1n1c1p2,Green (Default cost),Default,Default,Default,Default,50 Percent by 2050,petroleum diesel,2030,31.49918
h2r1b1n1c1p2,Green (Default cost),Default,Default,Default,Default,50 Percent by 2050,petroleum diesel,2040,32.28332
h2r1b1n1c1p2,Green (Default cost),Default,Default,Default,Default,50 Percent by 2050,petroleum diesel,2050,32.3709
h2r1b1n1c1p2,Green (Default cost),Default,Default,Default,Default,50 Percent by 2050,renewable diesel,2030,54.53418
h2r1b1n1c1p2,Green (Default cost),Default,Default,Default,Default,50 Percent by 2050,renewable diesel,2040,46.07462
h2r1b1n1c1p2,Green (Default cost),Default,Default,Default,Default,50 Percent by 2050,renewable diesel,2050,49.02076
h2r1b1n1c1p3,Green (Default cost),Default,Default,Default,Default,Net Zero by 2050,FT biofuels,2030,27.0006
h2r1b1n1c1p3,Green (Default cost),Default,Default,Default,Default,Net Zero by 2050,FT biofuels,2040,25.20449
h2r1b1n1c1p3,Green (Default cost),Default,Default,Default,Default,Net Zero by 2050,FT biofuels,2050,19.57928
h2r1b1n1c1p3,Green (Default cost),Default,Default,Default,Default,Net Zero by 2050,FT biofuels CCS,2030,21.21073
h2r1b1n1c1p3,Green (Default cost),Default,Default,Default,Default,Net Zero by 2050,FT biofuels CCS,2040,17.07365
h2r1b1n1c1p3,Green (Default cost),Default,Default,Default,Default,Net Zero by 2050,FT biofuels CCS,2050,5.04053
h2r1b1n1c1p3,Green (Default cost),Default,Default,Default,Default,Net Zero by 2050,LNG,2030,21.82599
h2r1b1n1c1p3,Green (Default cost),Default,Default,Default,Default,Net Zero by 2050,LNG,2040,24.77086
h2r1b1n1c1p3,Green (Default cost),Default,Default,Default,Default,Net Zero by 2050,LNG,2050,33.15989
h2r1b1n1c1p3,Green (Default cost),Default,Default,Default,Default,Net Zero by 2050,ammonia,2030,58.33152
h2r1b1n1c1p3,Green (Default cost),Default,Default,Default,Default,Net Zero by 2050,ammonia,2040,52.07786
h2r1b1n1c1p3,Green (Default cost),Default,Default,Default,Default,Net Zero by 2050,ammonia,2050,46.53366
h2r1b1n1c1p3,Green (Default cost),Default,Default,Default,Default,Net Zero by 2050,e-diesel,2030,96.3585
h2r1b1n1c1p3,Green (Default cost),Default,Default,Default,Default,Net Zero by 2050,e-diesel,2040,90.6281
h2r1b1n1c1p3,Green (Default cost),Default,Default,Default,Default,Net Zero by 2050,e-diesel,2050,82.77579
h2r1b1n1c1p3,Green (Default cost),Default,Default,Default,Default,Net Zero by 2050,electricity,2030,47.44946
h2r1b1n1c1p3,Green (Default cost),Default,Default,Default,Default,Net Zero by 2050,electricity,2040,47.73484
h2r1b1n1c1p3,Green (Default cost),Default,Default,Default,Default,Net Zero by 2050,electricity,2050,48.11294
h2r1b1n1c1p3,Green (Default cost),Default,Default,Default,Default,Net Zero by 2050,hydrogen,2030,NA
h2r1b1n1c1p3,Green (Default cost),Default,Default,Default,Default,Net Zero by 2050,hydrogen,2040,NA
h2r1b1n1c1p3,Green (Default cost),Default,Default,Default,Default,Net Zero by 2050,hydrogen,2050,NA
h2r1b1n1c1p3,Green (Default cost),Default,Default,Default,Default,Net Zero by 2050,petroleum diesel,2030,36.00759
h2r1b1n1c1p3,Green (Default cost),Default,Default,Default,Default,Net Zero by 2050,petroleum diesel,2040,35.63947
h2r1b1n1c1p3,Green (Default cost),Default,Default,Default,Default,Net Zero by 2050,petroleum diesel,2050,39.05261
h2r1b1n1c1p3,Green (Default cost),Default,Default,Default,Default,Net Zero by 2050,renewable diesel,2030,52.29712
h2r1b1n1c1p3,Green (Default cost),Default,Default,Default,Default,Net Zero by 2050,renewable diesel,2040,48.73158
h2r1b1n1c1p3,Green (Default cost),Default,Default,Default,Default,Net Zero by 2050,renewable diesel,2050,46.37483
h2r1b1n1c2p1,Green (Default cost),Default,Default,Default,Constrained,No policy,FT biofuels,2030,32.31277
h2r1b1n1c2p1,Green (Default cost),Default,Default,Default,Constrained,No policy,FT biofuels,2040,31.95663
h2r1b1n1c2p1,Green (Default cost),Default,Default,Default,Constrained,No policy,FT biofuels,2050,31.39731
h2r1b1n1c2p1,Green (Default cost),Default,Default,Default,Constrained,No policy,FT biofuels CCS,2030,36.43253
h2r1b1n1c2p1,Green (Default cost),Default,Default,Default,Constrained,No policy,FT biofuels CCS,2040,36.81345
h2r1b1n1c2p1,Green (Default cost),Default,Default,Default,Constrained,No policy,FT biofuels CCS,2050,37.58562
h2r1b1n1c2p1,Green (Default cost),Default,Default,Default,Constrained,No policy,LNG,2030,10.84835
h2r1b1n1c2p1,Green (Default cost),Default,Default,Default,Constrained,No policy,LNG,2040,10.57472
h2r1b1n1c2p1,Green (Default cost),Default,Default,Default,Constrained,No policy,LNG,2050,11.17253
h2r1b1n1c2p1,Green (Default cost),Default,Default,Default,Constrained,No policy,ammonia,2030,57.01558
h2r1b1n1c2p1,Green (Default cost),Default,Default,Default,Constrained,No policy,ammonia,2040,51.15408
h2r1b1n1c2p1,Green (Default cost),Default,Default,Default,Constrained,No policy,ammonia,2050,46.19014
h2r1b1n1c2p1,Green (Default cost),Default,Default,Default,Constrained,No policy,e-diesel,2030,95.21508
h2r1b1n1c2p1,Green (Default cost),Default,Default,Default,Constrained,No policy,e-diesel,2040,89.75486
h2r1b1n1c2p1,Green (Default cost),Default,Default,Default,Constrained,No policy,e-diesel,2050,85.69798
h2r1b1n1c2p1,Green (Default cost),Default,Default,Default,Constrained,No policy,electricity,2030,40.55208
h2r1b1n1c2p1,Green (Default cost),Default,Default,Default,Constrained,No policy,electricity,2040,39.21182
h2r1b1n1c2p1,Green (Default cost),Default,Default,Default,Constrained,No policy,electricity,2050,38.53086
h2r1b1n1c2p1,Green (Default cost),Default,Default,Default,Constrained,No policy,hydrogen,2030,NA
h2r1b1n1c2p1,Green (Default cost),Default,Default,Default,Constrained,No policy,hydrogen,2040,NA
h2r1b1n1c2p1,Green (Default cost),Default,Default,Default,Constrained,No policy,hydrogen,2050,NA
h2r1b1n1c2p1,Green (Default cost),Default,Default,Default,Constrained,No policy,petroleum diesel,2030,28.33869
h2r1b1n1c2p1,Green (Default cost),Default,Default,Default,Constrained,No policy,petroleum diesel,2040,27.44451
h2r1b1n1c2p1,Green (Default cost),Default,Default,Default,Constrained,No policy,petroleum diesel,2050,26.83309
h2r1b1n1c2p1,Green (Default cost),Default,Default,Default,Constrained,No policy,renewable diesel,2030,56.80202
h2r1b1n1c2p1,Green (Default cost),Default,Default,Default,Constrained,No policy,renewable diesel,2040,49.63902
h2r1b1n1c2p1,Green (Default cost),Default,Default,Default,Constrained,No policy,renewable diesel,2050,50.69694
h2r1b1n1c2p2,Green (Default cost),Default,Default,Default,Constrained,50 Percent by 2050,FT biofuels,2030,30.94857
h2r1b1n1c2p2,Green (Default cost),Default,Default,Default,Constrained,50 Percent by 2050,FT biofuels,2040,28.82304
h2r1b1n1c2p2,Green (Default cost),Default,Default,Default,Constrained,50 Percent by 2050,FT biofuels,2050,30.05055
h2r1b1n1c2p2,Green (Default cost),Default,Default,Default,Constrained,50 Percent by 2050,FT biofuels CCS,2030,31.08601
h2r1b1n1c2p2,Green (Default cost),Default,Default,Default,Constrained,50 Percent by 2050,FT biofuels CCS,2040,27.24715
h2r1b1n1c2p2,Green (Default cost),Default,Default,Default,Constrained,50 Percent by 2050,FT biofuels CCS,2050,28.54801
h2r1b1n1c2p2,Green (Default cost),Default,Default,Default,Constrained,50 Percent by 2050,LNG,2030,15.55278
h2r1b1n1c2p2,Green (Default cost),Default,Default,Default,Constrained,50 Percent by 2050,LNG,2040,19.61056
h2r1b1n1c2p2,Green (Default cost),Default,Default,Default,Constrained,50 Percent by 2050,LNG,2050,24.41021
h2r1b1n1c2p2,Green (Default cost),Default,Default,Default,Constrained,50 Percent by 2050,ammonia,2030,57.82194
h2r1b1n1c2p2,Green (Default cost),Default,Default,Default,Constrained,50 Percent by 2050,ammonia,2040,51.9764
h2r1b1n1c2p2,Green (Default cost),Default,Default,Default,Constrained,50 Percent by 2050,ammonia,2050,46.61688
h2r1b1n1c2p2,Green (Default cost),Default,Default,Default,Constrained,50 Percent by 2050,e-diesel,2030,96.39612
h2r1b1n1c2p2,Green (Default cost),Default,Default,Default,Constrained,50 Percent by 2050,e-diesel,2040,91.69058
h2r1b1n1c2p2,Green (Default cost),Default,Default,Default,Constrained,50 Percent by 2050,e-diesel,2050,87.49386
h2r1b1n1c2p2,Green (Default cost),Default,Default,Default,Constrained,50 Percent by 2050,electricity,2030,44.21224
h2r1b1n1c2p2,Green (Default cost),Default,Default,Default,Constrained,50 Percent by 2050,electricity,2040,45.866
h2r1b1n1c2p2,Green (Default cost),Default,Default,Default,Constrained,50 Percent by 2050,electricity,2050,47.39246
h2r1b1n1c2p2,Green (Default cost),Default,Default,Default,Constrained,50 Percent by 2050,hydrogen,2030,NA
h2r1b1n1c2p2,Green (Default cost),Default,Default,Default,Constrained,50 Percent by 2050,hydrogen,2040,NA
h2r1b1n1c2p2,Green (Default cost),Default,Default,Default,Constrained,50 Percent by 2050,hydrogen,2050,NA
h2r1b1n1c2p2,Green (Default cost),Default,Default,Default,Constrained,50 Percent by 2050,petroleum diesel,2030,31.62207
h2r1b1n1c2p2,Green (Default cost),Default,Default,Default,Constrained,50 Percent by 2050,petroleum diesel,2040,32.77825
h2r1b1n1c2p2,Green (Default cost),Default,Default,Default,Constrained,50 Percent by 2050,petroleum diesel,2050,33.71453
h2r1b1n1c2p2,Green (Default cost),Default,Default,Default,Constrained,50 Percent by 2050,renewable diesel,2030,54.44336
h2r1b1n1c2p2,Green (Default cost),Default,Default,Default,Constrained,50 Percent by 2050,renewable diesel,2040,45.69614
h2r1b1n1c2p2,Green (Default cost),Default,Default,Default,Constrained,50 Percent by 2050,renewable diesel,2050,48.49142
h2r1b1n1c2p3,Green (Default cost),Default,Default,Default,Constrained,Net Zero by 2050,FT biofuels,2030,26.46111
h2r1b1n1c2p3,Green (Default cost),Default,Default,Default,Constrained,Net Zero by 2050,FT biofuels,2040,22.79324
h2r1b1n1c2p3,Green (Default cost),Default,Default,Default,Constrained,Net Zero by 2050,FT biofuels,2050,9.56597
h2r1b1n1c2p3,Green (Default cost),Default,Default,Default,Constrained,Net Zero by 2050,FT biofuels CCS,2030,21.79931
h2r1b1n1c2p3,Green (Default cost),Default,Default,Default,Constrained,Net Zero by 2050,FT biofuels CCS,2040,17.61976
h2r1b1n1c2p3,Green (Default cost),Default,Default,Default,Constrained,Net Zero by 2050,FT biofuels CCS,2050,19.74823
h2r1b1n1c2p3,Green (Default cost),Default,Default,Default,Constrained,Net Zero by 2050,LNG,2030,22.37882
h2r1b1n1c2p3,Green (Default cost),Default,Default,Default,Constrained,Net Zero by 2050,LNG,2040,28.17705
h2r1b1n1c2p3,Green (Default cost),Default,Default,Default,Constrained,Net Zero by 2050,LNG,2050,49.03694
h2r1b1n1c2p3,Green (Default cost),Default,Default,Default,Constrained,Net Zero by 2050,ammonia,2030,58.41094
h2r1b1n1c2p3,Green (Default cost),Default,Default,Default,Constrained,Net Zero by 2050,ammonia,2040,52.3222
h2r1b1n1c2p3,Green (Default cost),Default,Default,Default,Constrained,Net Zero by 2050,ammonia,2050,46.92392
h2r1b1n1c2p3,Green (Default cost),Default,Default,Default,Constrained,Net Zero by 2050,e-diesel,2030,96.43222
h2r1b1n1c2p3,Green (Default cost),Default,Default,Default,Constrained,Net Zero by 2050,e-diesel,2040,90.8466
h2r1b1n1c2p3,Green (Default cost),Default,Default,Default,Constrained,Net Zero by 2050,e-diesel,2050,77.01878
h2r1b1n1c2p3,Green (Default cost),Default,Default,Default,Constrained,Net Zero by 2050,electricity,2030,47.81122
h2r1b1n1c2p3,Green (Default cost),Default,Default,Default,Constrained,Net Zero by 2050,electricity,2040,49.75074
h2r1b1n1c2p3,Green (Default cost),Default,Default,Default,Constrained,Net Zero by 2050,electricity,2050,51.7978
h2r1b1n1c2p3,Green (Default cost),Default,Default,Default,Constrained,Net Zero by 2050,hydrogen,2030,NA
h2r1b1n1c2p3,Green (Default cost),Default,Default,Default,Constrained,Net Zero by 2050,hydrogen,2040,NA
h2r1b1n1c2p3,Green (Default cost),Default,Default,Default,Constrained,Net Zero by 2050,hydrogen,2050,NA
h2r1b1n1c2p3,Green (Default cost),Default,Default,Default,Constrained,Net Zero by 2050,petroleum diesel,2030,36.46571
h2r1b1n1c2p3,Green (Default cost),Default,Default,Default,Constrained,Net Zero by 2050,petroleum diesel,2040,38.18445
h2r1b1n1c2p3,Green (Default cost),Default,Default,Default,Constrained,Net Zero by 2050,petroleum diesel,2050,48.85162
h2r1b1n1c2p3,Green (Default cost),Default,Default,Default,Constrained,Net Zero by 2050,renewable diesel,2030,51.76702
h2r1b1n1c2p3,Green (Default cost),Default,Default,Default,Constrained,Net Zero by 2050,renewable diesel,2040,47.2017
h2r1b1n1c2p3,Green (Default cost),Default,Default,Default,Constrained,Net Zero by 2050,renewable diesel,2050,45.14666
h2r1b1n2c1p1,Green (Default cost),Default,Default,Advanced cost,Default,No policy,FT biofuels,2030,32.33329
h2r1b1n2c1p1,Green (Default cost),Default,Default,Advanced cost,Default,No policy,FT biofuels,2040,31.91886
h2r1b1n2c1p1,Green (Default cost),Default,Default,Advanced cost,Default,No policy,FT biofuels,2050,31.41661
h2r1b1n2c1p1,Green (Default cost),Default,Default,Advanced cost,Default,No policy,FT biofuels CCS,2030,36.04589
h2r1b1n2c1p1,Green (Default cost),Default,Default,Advanced cost,Default,No policy,FT biofuels CCS,2040,35.50982
h2r1b1n2c1p1,Green (Default cost),Default,Default,Advanced cost,Default,No policy,FT biofuels CCS,2050,35.05452
h2r1b1n2c1p1,Green (Default cost),Default,Default,Advanced cost,Default,No policy,LNG,2030,10.83532
h2r1b1n2c1p1,Green (Default cost),Default,Default,Advanced cost,Default,No policy,LNG,2040,10.44498
h2r1b1n2c1p1,Green (Default cost),Default,Default,Advanced cost,Default,No policy,LNG,2050,10.99739
h2r1b1n2c1p1,Green (Default cost),Default,Default,Advanced cost,Default,No policy,ammonia,2030,56.97682
h2r1b1n2c1p1,Green (Default cost),Default,Default,Advanced cost,Default,No policy,ammonia,2040,51.07884
h2r1b1n2c1p1,Green (Default cost),Default,Default,Advanced cost,Default,No policy,ammonia,2050,46.075
h2r1b1n2c1p1,Green (Default cost),Default,Default,Advanced cost,Default,No policy,e-diesel,2030,95.50768
h2r1b1n2c1p1,Green (Default cost),Default,Default,Advanced cost,Default,No policy,e-diesel,2040,87.44674
h2r1b1n2c1p1,Green (Default cost),Default,Default,Advanced cost,Default,No policy,e-diesel,2050,83.61026
h2r1b1n2c1p1,Green (Default cost),Default,Default,Advanced cost,Default,No policy,electricity,2030,40.84696
h2r1b1n2c1p1,Green (Default cost),Default,Default,Advanced cost,Default,No policy,electricity,2040,37.22446
h2r1b1n2c1p1,Green (Default cost),Default,Default,Advanced cost,Default,No policy,electricity,2050,36.78674
h2r1b1n2c1p1,Green (Default cost),Default,Default,Advanced cost,Default,No policy,hydrogen,2030,NA
h2r1b1n2c1p1,Green (Default cost),Default,Default,Advanced cost,Default,No policy,hydrogen,2040,NA
h2r1b1n2c1p1,Green (Default cost),Default,Default,Advanced cost,Default,No policy,hydrogen,2050,NA
h2r1b1n2c1p1,Green (Default cost),Default,Default,Advanced cost,Default,No policy,petroleum diesel,2030,28.33208
h2r1b1n2c1p1,Green (Default cost),Default,Default,Advanced cost,Default,No policy,petroleum diesel,2040,27.20504
h2r1b1n2c1p1,Green (Default cost),Default,Default,Advanced cost,Default,No policy,petroleum diesel,2050,26.51062
h2r1b1n2c1p1,Green (Default cost),Default,Default,Advanced cost,Default,No policy,renewable diesel,2030,56.79518
h2r1b1n2c1p1,Green (Default cost),Default,Default,Advanced cost,Default,No policy,renewable diesel,2040,49.305
h2r1b1n2c1p1,Green (Default cost),Default,Default,Advanced cost,Default,No policy,renewable diesel,2050,49.95214
h2r1b1n2c1p2,Green (Default cost),Default,Default,Advanced cost,Default,50 Percent by 2050,FT biofuels,2030,31.4591
h2r1b1n2c1p2,Green (Default cost),Default,Default,Advanced cost,Default,50 Percent by 2050,FT biofuels,2040,30.22729
h2r1b1n2c1p2,Green (Default cost),Default,Default,Advanced cost,Default,50 Percent by 2050,FT biofuels,2050,31.55672
h2r1b1n2c1p2,Green (Default cost),Default,Default,Advanced cost,Default,50 Percent by 2050,FT biofuels CCS,2030,31.64971
h2r1b1n2c1p2,Green (Default cost),Default,Default,Advanced cost,Default,50 Percent by 2050,FT biofuels CCS,2040,28.76553
h2r1b1n2c1p2,Green (Default cost),Default,Default,Advanced cost,Default,50 Percent by 2050,FT biofuels CCS,2050,28.16981
h2r1b1n2c1p2,Green (Default cost),Default,Default,Advanced cost,Default,50 Percent by 2050,LNG,2030,14.91113
h2r1b1n2c1p2,Green (Default cost),Default,Default,Advanced cost,Default,50 Percent by 2050,LNG,2040,16.38611
h2r1b1n2c1p2,Green (Default cost),Default,Default,Advanced cost,Default,50 Percent by 2050,LNG,2050,19.62658
h2r1b1n2c1p2,Green (Default cost),Default,Default,Advanced cost,Default,50 Percent by 2050,ammonia,2030,57.67222
h2r1b1n2c1p2,Green (Default cost),Default,Default,Advanced cost,Default,50 Percent by 2050,ammonia,2040,51.61806
h2r1b1n2c1p2,Green (Default cost),Default,Default,Advanced cost,Default,50 Percent by 2050,ammonia,2050,46.34632
h2r1b1n2c1p2,Green (Default cost),Default,Default,Advanced cost,Default,50 Percent by 2050,e-diesel,2030,96.40334
h2r1b1n2c1p2,Green (Default cost),Default,Default,Advanced cost,Default,50 Percent by 2050,e-diesel,2040,86.3797
h2r1b1n2c1p2,Green (Default cost),Default,Default,Advanced cost,Default,50 Percent by 2050,e-diesel,2050,81.6354
h2r1b1n2c1p2,Green (Default cost),Default,Default,Advanced cost,Default,50 Percent by 2050,electricity,2030,43.89228
h2r1b1n2c1p2,Green (Default cost),Default,Default,Advanced cost,Default,50 Percent by 2050,electricity,2040,39.57776
h2r1b1n2c1p2,Green (Default cost),Default,Default,Advanced cost,Default,50 Percent by 2050,electricity,2050,39.85364
h2r1b1n2c1p2,Green (Default cost),Default,Default,Advanced cost,Default,50 Percent by 2050,hydrogen,2030,NA
h2r1b1n2c1p2,Green (Default cost),Default,Default,Advanced cost,Default,50 Percent by 2050,hydrogen,2040,NA
h2r1b1n2c1p2,Green (Default cost),Default,Default,Advanced cost,Default,50 Percent by 2050,hydrogen,2050,NA
h2r1b1n2c1p2,Green (Default cost),Default,Default,Advanced cost,Default,50 Percent by 2050,petroleum diesel,2030,31.13698
h2r1b1n2c1p2,Green (Default cost),Default,Default,Advanced cost,Default,50 Percent by 2050,petroleum diesel,2040,30.52674
h2r1b1n2c1p2,Green (Default cost),Default,Default,Advanced cost,Default,50 Percent by 2050,petroleum diesel,2050,30.62468
h2r1b1n2c1p2,Green (Default cost),Default,Default,Advanced cost,Default,50 Percent by 2050,renewable diesel,2030,54.79676
h2r1b1n2c1p2,Green (Default cost),Default,Default,Advanced cost,Default,50 Percent by 2050,renewable diesel,2040,46.53822
h2r1b1n2c1p2,Green (Default cost),Default,Default,Advanced cost,Default,50 Percent by 2050,renewable diesel,2050,48.30294
h2r1b1n2c1p3,Green (Default cost),Default,Default,Advanced cost,Default,Net Zero by 2050,FT biofuels,2030,27.02659
h2r1b1n2c1p3,Green (Default cost),Default,Default,Advanced cost,Default,Net Zero by 2050,FT biofuels,2040,25.31245
h2r1b1n2c1p3,Green (Default cost),Default,Default,Advanced cost,Default,Net Zero by 2050,FT biofuels,2050,20.8251
h2r1b1n2c1p3,Green (Default cost),Default,Default,Advanced cost,Default,Net Zero by 2050,FT biofuels CCS,2030,21.40917
h2r1b1n2c1p3,Green (Default cost),Default,Default,Advanced cost,Default,Net Zero by 2050,FT biofuels CCS,2040,18.19703
h2r1b1n2c1p3,Green (Default cost),Default,Default,Advanced cost,Default,Net Zero by 2050,FT biofuels CCS,2050,8.29346
h2r1b1n2c1p3,Green (Default cost),Default,Default,Advanced cost,Default,Net Zero by 2050,LNG,2030,21.37564
h2r1b1n2c1p3,Green (Default cost),Default,Default,Advanced cost,Default,Net Zero by 2050,LNG,2040,23.25782
h2r1b1n2c1p3,Green (Default cost),Default,Default,Advanced cost,Default,Net Zero by 2050,LNG,2050,30.32816
h2r1b1n2c1p3,Green (Default cost),Default,Default,Advanced cost,Default,Net Zero by 2050,ammonia,2030,58.21372
h2r1b1n2c1p3,Green (Default cost),Default,Default,Advanced cost,Default,Net Zero by 2050,ammonia,2040,51.92966
h2r1b1n2c1p3,Green (Default cost),Default,Default,Advanced cost,Default,Net Zero by 2050,ammonia,2050,46.38166
h2r1b1n2c1p3,Green (Default cost),Default,Default,Advanced cost,Default,Net Zero by 2050,e-diesel,2030,95.58672
h2r1b1n2c1p3,Green (Default cost),Default,Default,Advanced cost,Default,Net Zero by 2050,e-diesel,2040,83.2048
h2r1b1n2c1p3,Green (Default cost),Default,Default,Advanced cost,Default,Net Zero by 2050,e-diesel,2050,75.60518
h2r1b1n2c1p3,Green (Default cost),Default,Default,Advanced cost,Default,Net Zero by 2050,electricity,2030,46.70428
h2r1b1n2c1p3,Green (Default cost),Default,Default,Advanced cost,Default,Net Zero by 2050,electricity,2040,40.51332
h2r1b1n2c1p3,Green (Default cost),Default,Default,Advanced cost,Default,Net Zero by 2050,electricity,2050,40.51104
h2r1b1n2c1p3,Green (Default cost),Default,Default,Advanced cost,Default,Net Zero by 2050,hydrogen,2030,NA
h2r1b1n2c1p3,Green (Default cost),Default,Default,Advanced cost,Default,Net Zero by 2050,hydrogen,2040,NA
h2r1b1n2c1p3,Green (Default cost),Default,Default,Advanced cost,Default,Net Zero by 2050,hydrogen,2050,NA
h2r1b1n2c1p3,Green (Default cost),Default,Default,Advanced cost,Default,Net Zero by 2050,petroleum diesel,2030,35.83892
h2r1b1n2c1p3,Green (Default cost),Default,Default,Advanced cost,Default,Net Zero by 2050,petroleum diesel,2040,35.05118
h2r1b1n2c1p3,Green (Default cost),Default,Default,Advanced cost,Default,Net Zero by 2050,petroleum diesel,2050,36.92818
h2r1b1n2c1p3,Green (Default cost),Default,Default,Advanced cost,Default,Net Zero by 2050,renewable diesel,2030,52.21884
h2r1b1n2c1p3,Green (Default cost),Default,Default,Advanced cost,Default,Net Zero by 2050,renewable diesel,2040,46.70504
h2r1b1n2c1p3,Green (Default cost),Default,Default,Advanced cost,Default,Net Zero by 2050,renewable diesel,2050,45.22114
h2r1b1n2c2p1,Green (Default cost),Default,Default,Advanced cost,Constrained,No policy,FT biofuels,2030,32.30445
h2r1b1n2c2p1,Green (Default cost),Default,Default,Advanced cost,Constrained,No policy,FT biofuels,2040,31.83936
h2r1b1n2c2p1,Green (Default cost),Default,Default,Advanced cost,Constrained,No policy,FT biofuels,2050,31.25641
h2r1b1n2c2p1,Green (Default cost),Default,Default,Advanced cost,Constrained,No policy,FT biofuels CCS,2030,36.42097
h2r1b1n2c2p1,Green (Default cost),Default,Default,Advanced cost,Constrained,No policy,FT biofuels CCS,2040,36.66036
h2r1b1n2c2p1,Green (Default cost),Default,Default,Advanced cost,Constrained,No policy,FT biofuels CCS,2050,37.36528
h2r1b1n2c2p1,Green (Default cost),Default,Default,Advanced cost,Constrained,No policy,LNG,2030,10.8354
h2r1b1n2c2p1,Green (Default cost),Default,Default,Advanced cost,Constrained,No policy,LNG,2040,10.4454
h2r1b1n2c2p1,Green (Default cost),Default,Default,Advanced cost,Constrained,No policy,LNG,2050,10.99963
h2r1b1n2c2p1,Green (Default cost),Default,Default,Advanced cost,Constrained,No policy,ammonia,2030,56.97758
h2r1b1n2c2p1,Green (Default cost),Default,Default,Advanced cost,Constrained,No policy,ammonia,2040,51.07998
h2r1b1n2c2p1,Green (Default cost),Default,Default,Advanced cost,Constrained,No policy,ammonia,2050,46.07728
h2r1b1n2c2p1,Green (Default cost),Default,Default,Advanced cost,Constrained,No policy,e-diesel,2030,95.4978
h2r1b1n2c2p1,Green (Default cost),Default,Default,Advanced cost,Constrained,No policy,e-diesel,2040,87.43078
h2r1b1n2c2p1,Green (Default cost),Default,Default,Advanced cost,Constrained,No policy,e-diesel,2050,83.58176
h2r1b1n2c2p1,Green (Default cost),Default,Default,Advanced cost,Constrained,No policy,electricity,2030,40.83784
h2r1b1n2c2p1,Green (Default cost),Default,Default,Advanced cost,Constrained,No policy,electricity,2040,37.20911
h2r1b1n2c2p1,Green (Default cost),Default,Default,Advanced cost,Constrained,No policy,electricity,2050,36.75888
h2r1b1n2c2p1,Green (Default cost),Default,Default,Advanced cost,Constrained,No policy,hydrogen,2030,NA
h2r1b1n2c2p1,Green (Default cost),Default,Default,Advanced cost,Constrained,No policy,hydrogen,2040,NA
h2r1b1n2c2p1,Green (Default cost),Default,Default,Advanced cost,Constrained,No policy,hydrogen,2050,NA
h2r1b1n2c2p1,Green (Default cost),Default,Default,Advanced cost,Constrained,No policy,petroleum diesel,2030,28.33626
h2r1b1n2c2p1,Green (Default cost),Default,Default,Advanced cost,Constrained,No policy,petroleum diesel,2040,27.24414
h2r1b1n2c2p1,Green (Default cost),Default,Default,Advanced cost,Constrained,No policy,petroleum diesel,2050,26.62003
h2r1b1n2c2p1,Green (Default cost),Default,Default,Advanced cost,Constrained,No policy,renewable diesel,2030,56.81076
h2r1b1n2c2p1,Green (Default cost),Default,Default,Advanced cost,Constrained,No policy,renewable diesel,2040,49.38784
h2r1b1n2c2p1,Green (Default cost),Default,Default,Advanced cost,Constrained,No policy,renewable diesel,2050,50.32264
h2r1b1n2c2p2,Green (Default cost),Default,Default,Advanced cost,Constrained,50 Percent by 2050,FT biofuels,2030,31.19519
h2r1b1n2c2p2,Green (Default cost),Default,Default,Advanced cost,Constrained,50 Percent by 2050,FT biofuels,2040,29.67728
h2r1b1n2c2p2,Green (Default cost),Default,Default,Advanced cost,Constrained,50 Percent by 2050,FT biofuels,2050,29.87032
h2r1b1n2c2p2,Green (Default cost),Default,Default,Advanced cost,Constrained,50 Percent by 2050,FT biofuels CCS,2030,31.74832
h2r1b1n2c2p2,Green (Default cost),Default,Default,Advanced cost,Constrained,50 Percent by 2050,FT biofuels CCS,2040,29.70785
h2r1b1n2c2p2,Green (Default cost),Default,Default,Advanced cost,Constrained,50 Percent by 2050,FT biofuels CCS,2050,29.92389
h2r1b1n2c2p2,Green (Default cost),Default,Default,Advanced cost,Constrained,50 Percent by 2050,LNG,2030,15.02509
h2r1b1n2c2p2,Green (Default cost),Default,Default,Advanced cost,Constrained,50 Percent by 2050,LNG,2040,16.85093
h2r1b1n2c2p2,Green (Default cost),Default,Default,Advanced cost,Constrained,50 Percent by 2050,LNG,2050,20.71673
h2r1b1n2c2p2,Green (Default cost),Default,Default,Advanced cost,Constrained,50 Percent by 2050,ammonia,2030,57.7144
h2r1b1n2c2p2,Green (Default cost),Default,Default,Advanced cost,Constrained,50 Percent by 2050,ammonia,2040,51.68456
h2r1b1n2c2p2,Green (Default cost),Default,Default,Advanced cost,Constrained,50 Percent by 2050,ammonia,2050,46.39078
h2r1b1n2c2p2,Green (Default cost),Default,Default,Advanced cost,Constrained,50 Percent by 2050,e-diesel,2030,96.35698
h2r1b1n2c2p2,Green (Default cost),Default,Default,Advanced cost,Constrained,50 Percent by 2050,e-diesel,2040,86.2315
h2r1b1n2c2p2,Green (Default cost),Default,Default,Advanced cost,Constrained,50 Percent by 2050,e-diesel,2050,81.25388
h2r1b1n2c2p2,Green (Default cost),Default,Default,Advanced cost,Constrained,50 Percent by 2050,electricity,2030,43.93826
h2r1b1n2c2p2,Green (Default cost),Default,Default,Advanced cost,Constrained,50 Percent by 2050,electricity,2040,39.71304
h2r1b1n2c2p2,Green (Default cost),Default,Default,Advanced cost,Constrained,50 Percent by 2050,electricity,2050,40.13142
h2r1b1n2c2p2,Green (Default cost),Default,Default,Advanced cost,Constrained,50 Percent by 2050,hydrogen,2030,NA
h2r1b1n2c2p2,Green (Default cost),Default,Default,Advanced cost,Constrained,50 Percent by 2050,hydrogen,2040,NA
h2r1b1n2c2p2,Green (Default cost),Default,Default,Advanced cost,Constrained,50 Percent by 2050,hydrogen,2050,NA
h2r1b1n2c2p2,Green (Default cost),Default,Default,Advanced cost,Constrained,50 Percent by 2050,petroleum diesel,2030,31.251
h2r1b1n2c2p2,Green (Default cost),Default,Default,Advanced cost,Constrained,50 Percent by 2050,petroleum diesel,2040,30.82935
h2r1b1n2c2p2,Green (Default cost),Default,Default,Advanced cost,Constrained,50 Percent by 2050,petroleum diesel,2050,31.25608
h2r1b1n2c2p2,Green (Default cost),Default,Default,Advanced cost,Constrained,50 Percent by 2050,renewable diesel,2030,54.7086
h2r1b1n2c2p2,Green (Default cost),Default,Default,Advanced cost,Constrained,50 Percent by 2050,renewable diesel,2040,46.303
h2r1b1n2c2p2,Green (Default cost),Default,Default,Advanced cost,Constrained,50 Percent by 2050,renewable diesel,2050,48.01566
h2r1b1n2c2p3,Green (Default cost),Default,Default,Advanced cost,Constrained,Net Zero by 2050,FT biofuels,2030,26.54916
h2r1b1n2c2p3,Green (Default cost),Default,Default,Advanced cost,Constrained,Net Zero by 2050,FT biofuels,2040,23.21196
h2r1b1n2c2p3,Green (Default cost),Default,Default,Advanced cost,Constrained,Net Zero by 2050,FT biofuels,2050,12.16524
h2r1b1n2c2p3,Green (Default cost),Default,Default,Advanced cost,Constrained,Net Zero by 2050,FT biofuels CCS,2030,22.02167
h2r1b1n2c2p3,Green (Default cost),Default,Default,Advanced cost,Constrained,Net Zero by 2050,FT biofuels CCS,2040,19.32545
h2r1b1n2c2p3,Green (Default cost),Default,Default,Advanced cost,Constrained,Net Zero by 2050,FT biofuels CCS,2050,17.98029
h2r1b1n2c2p3,Green (Default cost),Default,Default,Advanced cost,Constrained,Net Zero by 2050,LNG,2030,21.8176
h2r1b1n2c2p3,Green (Default cost),Default,Default,Advanced cost,Constrained,Net Zero by 2050,LNG,2040,25.69562
h2r1b1n2c2p3,Green (Default cost),Default,Default,Advanced cost,Constrained,Net Zero by 2050,LNG,2050,43.62034
h2r1b1n2c2p3,Green (Default cost),Default,Default,Advanced cost,Constrained,Net Zero by 2050,ammonia,2030,58.27756
h2r1b1n2c2p3,Green (Default cost),Default,Default,Advanced cost,Constrained,Net Zero by 2050,ammonia,2040,52.09572
h2r1b1n2c2p3,Green (Default cost),Default,Default,Advanced cost,Constrained,Net Zero by 2050,ammonia,2050,46.64804
h2r1b1n2c2p3,Green (Default cost),Default,Default,Advanced cost,Constrained,Net Zero by 2050,e-diesel,2030,95.56544
h2r1b1n2c2p3,Green (Default cost),Default,Default,Advanced cost,Constrained,Net Zero by 2050,e-diesel,2040,81.5955
h2r1b1n2c2p3,Green (Default cost),Default,Default,Advanced cost,Constrained,Net Zero by 2050,e-diesel,2050,67.3265
h2r1b1n2c2p3,Green (Default cost),Default,Default,Advanced cost,Constrained,Net Zero by 2050,electricity,2030,46.93152
h2r1b1n2c2p3,Green (Default cost),Default,Default,Advanced cost,Constrained,Net Zero by 2050,electricity,2040,40.57146
h2r1b1n2c2p3,Green (Default cost),Default,Default,Advanced cost,Constrained,Net Zero by 2050,electricity,2050,40.5973
h2r1b1n2c2p3,Green (Default cost),Default,Default,Advanced cost,Constrained,Net Zero by 2050,hydrogen,2030,NA
h2r1b1n2c2p3,Green (Default cost),Default,Default,Advanced cost,Constrained,Net Zero by 2050,hydrogen,2040,NA
h2r1b1n2c2p3,Green (Default cost),Default,Default,Advanced cost,Constrained,Net Zero by 2050,hydrogen,2050,NA
h2r1b1n2c2p3,Green (Default cost),Default,Default,Advanced cost,Constrained,Net Zero by 2050,petroleum diesel,2030,36.22303
h2r1b1n2c2p3,Green (Default cost),Default,Default,Advanced cost,Constrained,Net Zero by 2050,petroleum diesel,2040,37.18948
h2r1b1n2c2p3,Green (Default cost),Default,Default,Advanced cost,Constrained,Net Zero by 2050,petroleum diesel,2050,45.63134
h2r1b1n2c2p3,Green (Default cost),Default,Default,Advanced cost,Constrained,Net Zero by 2050,renewable diesel,2030,51.73548
h2r1b1n2c2p3,Green (Default cost),Default,Default,Advanced cost,Constrained,Net Zero by 2050,renewable diesel,2040,44.75564
h2r1b1n2c2p3,Green (Default cost),Default,Default,Advanced cost,Constrained,Net Zero by 2050,renewable diesel,2050,42.95064
h2r1b2n1c1p1,Green (Default cost),Default,Constrained,Default,Default,No policy,FT biofuels,2030,32.34169
h2r1b2n1c1p1,Green (Default cost),Default,Constrained,Default,Default,No policy,FT biofuels,2040,32.03848
h2r1b2n1c1p1,Green (Default cost),Default,Constrained,Default,Default,No policy,FT biofuels,2050,31.77963
h2r1b2n1c1p1,Green (Default cost),Default,Constrained,Default,Default,No policy,FT biofuels CCS,2030,36.05394
h2r1b2n1c1p1,Green (Default cost),Default,Constrained,Default,Default,No policy,FT biofuels CCS,2040,35.64429
h2r1b2n1c1p1,Green (Default cost),Default,Constrained,Default,Default,No policy,FT biofuels CCS,2050,35.44533
h2r1b2n1c1p1,Green (Default cost),Default,Constrained,Default,Default,No policy,LNG,2030,10.84828
h2r1b2n1c1p1,Green (Default cost),Default,Constrained,Default,Default,No policy,LNG,2040,10.57445
h2r1b2n1c1p1,Green (Default cost),Default,Constrained,Default,Default,No policy,LNG,2050,11.17063
h2r1b2n1c1p1,Green (Default cost),Default,Constrained,Default,Default,No policy,ammonia,2030,57.01482
h2r1b2n1c1p1,Green (Default cost),Default,Constrained,Default,Default,No policy,ammonia,2040,51.15294
h2r1b2n1c1p1,Green (Default cost),Default,Constrained,Default,Default,No policy,ammonia,2050,46.18748
h2r1b2n1c1p1,Green (Default cost),Default,Constrained,Default,Default,No policy,e-diesel,2030,95.22572
h2r1b2n1c1p1,Green (Default cost),Default,Constrained,Default,Default,No policy,e-diesel,2040,89.78564
h2r1b2n1c1p1,Green (Default cost),Default,Constrained,Default,Default,No policy,e-diesel,2050,85.74738
h2r1b2n1c1p1,Green (Default cost),Default,Constrained,Default,Default,No policy,electricity,2030,40.56158
h2r1b2n1c1p1,Green (Default cost),Default,Constrained,Default,Default,No policy,electricity,2040,39.24032
h2r1b2n1c1p1,Green (Default cost),Default,Constrained,Default,Default,No policy,electricity,2050,38.57722
h2r1b2n1c1p1,Green (Default cost),Default,Constrained,Default,Default,No policy,hydrogen,2030,NA
h2r1b2n1c1p1,Green (Default cost),Default,Constrained,Default,Default,No policy,hydrogen,2040,NA
h2r1b2n1c1p1,Green (Default cost),Default,Constrained,Default,Default,No policy,hydrogen,2050,NA
h2r1b2n1c1p1,Green (Default cost),Default,Constrained,Default,Default,No policy,petroleum diesel,2030,28.33459
h2r1b2n1c1p1,Green (Default cost),Default,Constrained,Default,Default,No policy,petroleum diesel,2040,27.40419
h2r1b2n1c1p1,Green (Default cost),Default,Constrained,Default,Default,No policy,petroleum diesel,2050,26.73243
h2r1b2n1c1p1,Green (Default cost),Default,Constrained,Default,Default,No policy,renewable diesel,2030,56.78682
h2r1b2n1c1p1,Green (Default cost),Default,Constrained,Default,Default,No policy,renewable diesel,2040,49.55656
h2r1b2n1c1p1,Green (Default cost),Default,Constrained,Default,Default,No policy,renewable diesel,2050,50.2759
h2r1b2n1c1p2,Green (Default cost),Default,Constrained,Default,Default,50 Percent by 2050,FT biofuels,2030,31.22012
h2r1b2n1c1p2,Green (Default cost),Default,Constrained,Default,Default,50 Percent by 2050,FT biofuels,2040,30.07411
h2r1b2n1c1p2,Green (Default cost),Default,Constrained,Default,Default,50 Percent by 2050,FT biofuels,2050,33.03355
h2r1b2n1c1p2,Green (Default cost),Default,Constrained,Default,Default,50 Percent by 2050,FT biofuels CCS,2030,30.97547
h2r1b2n1c1p2,Green (Default cost),Default,Constrained,Default,Default,50 Percent by 2050,FT biofuels CCS,2040,26.7213
h2r1b2n1c1p2,Green (Default cost),Default,Constrained,Default,Default,50 Percent by 2050,FT biofuels CCS,2050,27.6398
h2r1b2n1c1p2,Green (Default cost),Default,Constrained,Default,Default,50 Percent by 2050,LNG,2030,15.42711
h2r1b2n1c1p2,Green (Default cost),Default,Constrained,Default,Default,50 Percent by 2050,LNG,2040,18.94091
h2r1b2n1c1p2,Green (Default cost),Default,Constrained,Default,Default,50 Percent by 2050,LNG,2050,22.43993
h2r1b2n1c1p2,Green (Default cost),Default,Constrained,Default,Default,50 Percent by 2050,ammonia,2030,57.77634
h2r1b2n1c1p2,Green (Default cost),Default,Constrained,Default,Default,50 Percent by 2050,ammonia,2040,51.87912
h2r1b2n1c1p2,Green (Default cost),Default,Constrained,Default,Default,50 Percent by 2050,ammonia,2050,46.54506
h2r1b2n1c1p2,Green (Default cost),Default,Constrained,Default,Default,50 Percent by 2050,e-diesel,2030,96.43906
h2r1b2n1c1p2,Green (Default cost),Default,Constrained,Default,Default,50 Percent by 2050,e-diesel,2040,91.64422
h2r1b2n1c1p2,Green (Default cost),Default,Constrained,Default,Default,50 Percent by 2050,e-diesel,2050,87.27232
h2r1b2n1c1p2,Green (Default cost),Default,Constrained,Default,Default,50 Percent by 2050,electricity,2030,44.15752
h2r1b2n1c1p2,Green (Default cost),Default,Constrained,Default,Default,50 Percent by 2050,electricity,2040,45.45826
h2r1b2n1c1p2,Green (Default cost),Default,Constrained,Default,Default,50 Percent by 2050,electricity,2050,46.11338
h2r1b2n1c1p2,Green (Default cost),Default,Constrained,Default,Default,50 Percent by 2050,hydrogen,2030,NA
h2r1b2n1c1p2,Green (Default cost),Default,Constrained,Default,Default,50 Percent by 2050,hydrogen,2040,NA
h2r1b2n1c1p2,Green (Default cost),Default,Constrained,Default,Default,50 Percent by 2050,hydrogen,2050,NA
h2r1b2n1c1p2,Green (Default cost),Default,Constrained,Default,Default,50 Percent by 2050,petroleum diesel,2030,31.49918
h2r1b2n1c1p2,Green (Default cost),Default,Constrained,Default,Default,50 Percent by 2050,petroleum diesel,2040,32.35601
h2r1b2n1c1p2,Green (Default cost),Default,Constrained,Default,Default,50 Percent by 2050,petroleum diesel,2050,32.58338
h2r1b2n1c1p2,Green (Default cost),Default,Constrained,Default,Default,50 Percent by 2050,renewable diesel,2030,54.53418
h2r1b2n1c1p2,Green (Default cost),Default,Constrained,Default,Default,50 Percent by 2050,renewable diesel,2040,45.8261
h2r1b2n1c1p2,Green (Default cost),Default,Constrained,Default,Default,50 Percent by 2050,renewable diesel,2050,48.90068
h2r1b2n1c1p3,Green (Default cost),Default,Constrained,Default,Default,Net Zero by 2050,FT biofuels,2030,27.0006
h2r1b2n1c1p3,Green (Default cost),Default,Constrained,Default,Default,Net Zero by 2050,FT biofuels,2040,25.69214
h2r1b2n1c1p3,Green (Default cost),Default,Constrained,Default,Default,Net Zero by 2050,FT biofuels,2050,20.39393
h2r1b2n1c1p3,Green (Default cost),Default,Constrained,Default,Default,Net Zero by 2050,FT biofuels CCS,2030,21.21073
h2r1b2n1c1p3,Green (Default cost),Default,Constrained,Default,Default,Net Zero by 2050,FT biofuels CCS,2040,17.27354
h2r1b2n1c1p3,Green (Default cost),Default,Constrained,Default,Default,Net Zero by 2050,FT biofuels CCS,2050,5.71475
h2r1b2n1c1p3,Green (Default cost),Default,Constrained,Default,Default,Net Zero by 2050,LNG,2030,21.82599
h2r1b2n1c1p3,Green (Default cost),Default,Constrained,Default,Default,Net Zero by 2050,LNG,2040,25.13194
h2r1b2n1c1p3,Green (Default cost),Default,Constrained,Default,Default,Net Zero by 2050,LNG,2050,33.3685
h2r1b2n1c1p3,Green (Default cost),Default,Constrained,Default,Default,Net Zero by 2050,ammonia,2030,58.33152
h2r1b2n1c1p3,Green (Default cost),Default,Constrained,Default,Default,Net Zero by 2050,ammonia,2040,52.10066
h2r1b2n1c1p3,Green (Default cost),Default,Constrained,Default,Default,Net Zero by 2050,ammonia,2050,46.54354
h2r1b2n1c1p3,Green (Default cost),Default,Constrained,Default,Default,Net Zero by 2050,e-diesel,2030,96.3585
h2r1b2n1c1p3,Green (Default cost),Default,Constrained,Default,Default,Net Zero by 2050,e-diesel,2040,90.53728
h2r1b2n1c1p3,Green (Default cost),Default,Constrained,Default,Default,Net Zero by 2050,e-diesel,2050,82.67738
h2r1b2n1c1p3,Green (Default cost),Default,Constrained,Default,Default,Net Zero by 2050,electricity,2030,47.44946
h2r1b2n1c1p3,Green (Default cost),Default,Constrained,Default,Default,Net Zero by 2050,electricity,2040,47.85036
h2r1b2n1c1p3,Green (Default cost),Default,Constrained,Default,Default,Net Zero by 2050,electricity,2050,48.13384
h2r1b2n1c1p3,Green (Default cost),Default,Constrained,Default,Default,Net Zero by 2050,hydrogen,2030,NA
h2r1b2n1c1p3,Green (Default cost),Default,Constrained,Default,Default,Net Zero by 2050,hydrogen,2040,NA
h2r1b2n1c1p3,Green (Default cost),Default,Constrained,Default,Default,Net Zero by 2050,hydrogen,2050,NA
h2r1b2n1c1p3,Green (Default cost),Default,Constrained,Default,Default,Net Zero by 2050,petroleum diesel,2030,36.00759
h2r1b2n1c1p3,Green (Default cost),Default,Constrained,Default,Default,Net Zero by 2050,petroleum diesel,2040,35.97716
h2r1b2n1c1p3,Green (Default cost),Default,Constrained,Default,Default,Net Zero by 2050,petroleum diesel,2050,39.25308
h2r1b2n1c1p3,Green (Default cost),Default,Constrained,Default,Default,Net Zero by 2050,renewable diesel,2030,52.29712
h2r1b2n1c1p3,Green (Default cost),Default,Constrained,Default,Default,Net Zero by 2050,renewable diesel,2040,48.23226
h2r1b2n1c1p3,Green (Default cost),Default,Constrained,Default,Default,Net Zero by 2050,renewable diesel,2050,45.93708
h2r1b2n1c2p1,Green (Default cost),Default,Constrained,Default,Constrained,No policy,FT biofuels,2030,32.31277
h2r1b2n1c2p1,Green (Default cost),Default,Constrained,Default,Constrained,No policy,FT biofuels,2040,31.95663
h2r1b2n1c2p1,Green (Default cost),Default,Constrained,Default,Constrained,No policy,FT biofuels,2050,31.54851
h2r1b2n1c2p1,Green (Default cost),Default,Constrained,Default,Constrained,No policy,FT biofuels CCS,2030,36.43253
h2r1b2n1c2p1,Green (Default cost),Default,Constrained,Default,Constrained,No policy,FT biofuels CCS,2040,36.81345
h2r1b2n1c2p1,Green (Default cost),Default,Constrained,Default,Constrained,No policy,FT biofuels CCS,2050,37.73753
h2r1b2n1c2p1,Green (Default cost),Default,Constrained,Default,Constrained,No policy,LNG,2030,10.84835
h2r1b2n1c2p1,Green (Default cost),Default,Constrained,Default,Constrained,No policy,LNG,2040,10.57472
h2r1b2n1c2p1,Green (Default cost),Default,Constrained,Default,Constrained,No policy,LNG,2050,11.17272
h2r1b2n1c2p1,Green (Default cost),Default,Constrained,Default,Constrained,No policy,ammonia,2030,57.01558
h2r1b2n1c2p1,Green (Default cost),Default,Constrained,Default,Constrained,No policy,ammonia,2040,51.15408
h2r1b2n1c2p1,Green (Default cost),Default,Constrained,Default,Constrained,No policy,ammonia,2050,46.18976
h2r1b2n1c2p1,Green (Default cost),Default,Constrained,Default,Constrained,No policy,e-diesel,2030,95.21508
h2r1b2n1c2p1,Green (Default cost),Default,Constrained,Default,Constrained,No policy,e-diesel,2040,89.75486
h2r1b2n1c2p1,Green (Default cost),Default,Constrained,Default,Constrained,No policy,e-diesel,2050,85.69608
h2r1b2n1c2p1,Green (Default cost),Default,Constrained,Default,Constrained,No policy,electricity,2030,40.55208
h2r1b2n1c2p1,Green (Default cost),Default,Constrained,Default,Constrained,No policy,electricity,2040,39.21182
h2r1b2n1c2p1,Green (Default cost),Default,Constrained,Default,Constrained,No policy,electricity,2050,38.52934
h2r1b2n1c2p1,Green (Default cost),Default,Constrained,Default,Constrained,No policy,hydrogen,2030,NA
h2r1b2n1c2p1,Green (Default cost),Default,Constrained,Default,Constrained,No policy,hydrogen,2040,NA
h2r1b2n1c2p1,Green (Default cost),Default,Constrained,Default,Constrained,No policy,hydrogen,2050,NA
h2r1b2n1c2p1,Green (Default cost),Default,Constrained,Default,Constrained,No policy,petroleum diesel,2030,28.33869
h2r1b2n1c2p1,Green (Default cost),Default,Constrained,Default,Constrained,No policy,petroleum diesel,2040,27.44451
h2r1b2n1c2p1,Green (Default cost),Default,Constrained,Default,Constrained,No policy,petroleum diesel,2050,26.83875
h2r1b2n1c2p1,Green (Default cost),Default,Constrained,Default,Constrained,No policy,renewable diesel,2030,56.80202
h2r1b2n1c2p1,Green (Default cost),Default,Constrained,Default,Constrained,No policy,renewable diesel,2040,49.63902
h2r1b2n1c2p1,Green (Default cost),Default,Constrained,Default,Constrained,No policy,renewable diesel,2050,50.66882
h2r1b2n1c2p2,Green (Default cost),Default,Constrained,Default,Constrained,50 Percent by 2050,FT biofuels,2030,30.94853
h2r1b2n1c2p2,Green (Default cost),Default,Constrained,Default,Constrained,50 Percent by 2050,FT biofuels,2040,29.30438
h2r1b2n1c2p2,Green (Default cost),Default,Constrained,Default,Constrained,50 Percent by 2050,FT biofuels,2050,30.67273
h2r1b2n1c2p2,Green (Default cost),Default,Constrained,Default,Constrained,50 Percent by 2050,FT biofuels CCS,2030,31.08593
h2r1b2n1c2p2,Green (Default cost),Default,Constrained,Default,Constrained,50 Percent by 2050,FT biofuels CCS,2040,27.67665
h2r1b2n1c2p2,Green (Default cost),Default,Constrained,Default,Constrained,50 Percent by 2050,FT biofuels CCS,2050,29.03407
h2r1b2n1c2p2,Green (Default cost),Default,Constrained,Default,Constrained,50 Percent by 2050,LNG,2030,15.55285
h2r1b2n1c2p2,Green (Default cost),Default,Constrained,Default,Constrained,50 Percent by 2050,LNG,2040,19.67686
h2r1b2n1c2p2,Green (Default cost),Default,Constrained,Default,Constrained,50 Percent by 2050,LNG,2050,24.59707
h2r1b2n1c2p2,Green (Default cost),Default,Constrained,Default,Constrained,50 Percent by 2050,ammonia,2030,57.82194
h2r1b2n1c2p2,Green (Default cost),Default,Constrained,Default,Constrained,50 Percent by 2050,ammonia,2040,51.98134
h2r1b2n1c2p2,Green (Default cost),Default,Constrained,Default,Constrained,50 Percent by 2050,ammonia,2050,46.62144
h2r1b2n1c2p2,Green (Default cost),Default,Constrained,Default,Constrained,50 Percent by 2050,e-diesel,2030,96.39612
h2r1b2n1c2p2,Green (Default cost),Default,Constrained,Default,Constrained,50 Percent by 2050,e-diesel,2040,91.68108
h2r1b2n1c2p2,Green (Default cost),Default,Constrained,Default,Constrained,50 Percent by 2050,e-diesel,2050,87.46954
h2r1b2n1c2p2,Green (Default cost),Default,Constrained,Default,Constrained,50 Percent by 2050,electricity,2030,44.21224
h2r1b2n1c2p2,Green (Default cost),Default,Constrained,Default,Constrained,50 Percent by 2050,electricity,2040,45.89374
h2r1b2n1c2p2,Green (Default cost),Default,Constrained,Default,Constrained,50 Percent by 2050,electricity,2050,47.47188
h2r1b2n1c2p2,Green (Default cost),Default,Constrained,Default,Constrained,50 Percent by 2050,hydrogen,2030,NA
h2r1b2n1c2p2,Green (Default cost),Default,Constrained,Default,Constrained,50 Percent by 2050,hydrogen,2040,NA
h2r1b2n1c2p2,Green (Default cost),Default,Constrained,Default,Constrained,50 Percent by 2050,hydrogen,2050,NA
h2r1b2n1c2p2,Green (Default cost),Default,Constrained,Default,Constrained,50 Percent by 2050,petroleum diesel,2030,31.62211
h2r1b2n1c2p2,Green (Default cost),Default,Constrained,Default,Constrained,50 Percent by 2050,petroleum diesel,2040,32.83474
h2r1b2n1c2p2,Green (Default cost),Default,Constrained,Default,Constrained,50 Percent by 2050,petroleum diesel,2050,33.87854
h2r1b2n1c2p2,Green (Default cost),Default,Constrained,Default,Constrained,50 Percent by 2050,renewable diesel,2030,54.44336
h2r1b2n1c2p2,Green (Default cost),Default,Constrained,Default,Constrained,50 Percent by 2050,renewable diesel,2040,45.4879
h2r1b2n1c2p2,Green (Default cost),Default,Constrained,Default,Constrained,50 Percent by 2050,renewable diesel,2050,48.41048
h2r1b2n1c2p3,Green (Default cost),Default,Constrained,Default,Constrained,Net Zero by 2050,FT biofuels,2030,26.46111
h2r1b2n1c2p3,Green (Default cost),Default,Constrained,Default,Constrained,Net Zero by 2050,FT biofuels,2040,23.24224
h2r1b2n1c2p3,Green (Default cost),Default,Constrained,Default,Constrained,Net Zero by 2050,FT biofuels,2050,9.90903
h2r1b2n1c2p3,Green (Default cost),Default,Constrained,Default,Constrained,Net Zero by 2050,FT biofuels CCS,2030,21.79931
h2r1b2n1c2p3,Green (Default cost),Default,Constrained,Default,Constrained,Net Zero by 2050,FT biofuels CCS,2040,17.76684
h2r1b2n1c2p3,Green (Default cost),Default,Constrained,Default,Constrained,Net Zero by 2050,FT biofuels CCS,2050,19.14448
h2r1b2n1c2p3,Green (Default cost),Default,Constrained,Default,Constrained,Net Zero by 2050,LNG,2030,22.37882
h2r1b2n1c2p3,Green (Default cost),Default,Constrained,Default,Constrained,Net Zero by 2050,LNG,2040,28.47478
h2r1b2n1c2p3,Green (Default cost),Default,Constrained,Default,Constrained,Net Zero by 2050,LNG,2050,49.86783
h2r1b2n1c2p3,Green (Default cost),Default,Constrained,Default,Constrained,Net Zero by 2050,ammonia,2030,58.41094
h2r1b2n1c2p3,Green (Default cost),Default,Constrained,Default,Constrained,Net Zero by 2050,ammonia,2040,52.34006
h2r1b2n1c2p3,Green (Default cost),Default,Constrained,Default,Constrained,Net Zero by 2050,ammonia,2050,46.93494
h2r1b2n1c2p3,Green (Default cost),Default,Constrained,Default,Constrained,Net Zero by 2050,e-diesel,2030,96.43222
h2r1b2n1c2p3,Green (Default cost),Default,Constrained,Default,Constrained,Net Zero by 2050,e-diesel,2040,90.75692
h2r1b2n1c2p3,Green (Default cost),Default,Constrained,Default,Constrained,Net Zero by 2050,e-diesel,2050,76.55708
h2r1b2n1c2p3,Green (Default cost),Default,Constrained,Default,Constrained,Net Zero by 2050,electricity,2030,47.81122
h2r1b2n1c2p3,Green (Default cost),Default,Constrained,Default,Constrained,Net Zero by 2050,electricity,2040,49.83472
h2r1b2n1c2p3,Green (Default cost),Default,Constrained,Default,Constrained,Net Zero by 2050,electricity,2050,51.84834
h2r1b2n1c2p3,Green (Default cost),Default,Constrained,Default,Constrained,Net Zero by 2050,hydrogen,2030,NA
h2r1b2n1c2p3,Green (Default cost),Default,Constrained,Default,Constrained,Net Zero by 2050,hydrogen,2040,NA
h2r1b2n1c2p3,Green (Default cost),Default,Constrained,Default,Constrained,Net Zero by 2050,hydrogen,2050,NA
h2r1b2n1c2p3,Green (Default cost),Default,Constrained,Default,Constrained,Net Zero by 2050,petroleum diesel,2030,36.46571
h2r1b2n1c2p3,Green (Default cost),Default,Constrained,Default,Constrained,Net Zero by 2050,petroleum diesel,2040,38.45636
h2r1b2n1c2p3,Green (Default cost),Default,Constrained,Default,Constrained,Net Zero by 2050,petroleum diesel,2050,49.51147
h2r1b2n1c2p3,Green (Default cost),Default,Constrained,Default,Constrained,Net Zero by 2050,renewable diesel,2030,51.76702
h2r1b2n1c2p3,Green (Default cost),Default,Constrained,Default,Constrained,Net Zero by 2050,renewable diesel,2040,46.82436
h2r1b2n1c2p3,Green (Default cost),Default,Constrained,Default,Constrained,Net Zero by 2050,renewable diesel,2050,44.3669
h2r1b2n2c1p1,Green (Default cost),Default,Constrained,Advanced cost,Default,No policy,FT biofuels,2030,32.33329
h2r1b2n2c1p1,Green (Default cost),Default,Constrained,Advanced cost,Default,No policy,FT biofuels,2040,31.91886
h2r1b2n2c1p1,Green (Default cost),Default,Constrained,Advanced cost,Default,No policy,FT biofuels,2050,31.58096
h2r1b2n2c1p1,Green (Default cost),Default,Constrained,Advanced cost,Default,No policy,FT biofuels CCS,2030,36.04589
h2r1b2n2c1p1,Green (Default cost),Default,Constrained,Advanced cost,Default,No policy,FT biofuels CCS,2040,35.50982
h2r1b2n2c1p1,Green (Default cost),Default,Constrained,Advanced cost,Default,No policy,FT biofuels CCS,2050,35.22354
h2r1b2n2c1p1,Green (Default cost),Default,Constrained,Advanced cost,Default,No policy,LNG,2030,10.83532
h2r1b2n2c1p1,Green (Default cost),Default,Constrained,Advanced cost,Default,No policy,LNG,2040,10.44498
h2r1b2n2c1p1,Green (Default cost),Default,Constrained,Advanced cost,Default,No policy,LNG,2050,10.99758
h2r1b2n2c1p1,Green (Default cost),Default,Constrained,Advanced cost,Default,No policy,ammonia,2030,56.97682
h2r1b2n2c1p1,Green (Default cost),Default,Constrained,Advanced cost,Default,No policy,ammonia,2040,51.07884
h2r1b2n2c1p1,Green (Default cost),Default,Constrained,Advanced cost,Default,No policy,ammonia,2050,46.07462
h2r1b2n2c1p1,Green (Default cost),Default,Constrained,Advanced cost,Default,No policy,e-diesel,2030,95.50768
h2r1b2n2c1p1,Green (Default cost),Default,Constrained,Advanced cost,Default,No policy,e-diesel,2040,87.44674
h2r1b2n2c1p1,Green (Default cost),Default,Constrained,Advanced cost,Default,No policy,e-diesel,2050,83.60798
h2r1b2n2c1p1,Green (Default cost),Default,Constrained,Advanced cost,Default,No policy,electricity,2030,40.84696
h2r1b2n2c1p1,Green (Default cost),Default,Constrained,Advanced cost,Default,No policy,electricity,2040,37.22446
h2r1b2n2c1p1,Green (Default cost),Default,Constrained,Advanced cost,Default,No policy,electricity,2050,36.784910000000004
h2r1b2n2c1p1,Green (Default cost),Default,Constrained,Advanced cost,Default,No policy,hydrogen,2030,NA
h2r1b2n2c1p1,Green (Default cost),Default,Constrained,Advanced cost,Default,No policy,hydrogen,2040,NA
h2r1b2n2c1p1,Green (Default cost),Default,Constrained,Advanced cost,Default,No policy,hydrogen,2050,NA
h2r1b2n2c1p1,Green (Default cost),Default,Constrained,Advanced cost,Default,No policy,petroleum diesel,2030,28.33208
h2r1b2n2c1p1,Green (Default cost),Default,Constrained,Advanced cost,Default,No policy,petroleum diesel,2040,27.20504
h2r1b2n2c1p1,Green (Default cost),Default,Constrained,Advanced cost,Default,No policy,petroleum diesel,2050,26.51701
h2r1b2n2c1p1,Green (Default cost),Default,Constrained,Advanced cost,Default,No policy,renewable diesel,2030,56.79518
h2r1b2n2c1p1,Green (Default cost),Default,Constrained,Advanced cost,Default,No policy,renewable diesel,2040,49.305
h2r1b2n2c1p1,Green (Default cost),Default,Constrained,Advanced cost,Default,No policy,renewable diesel,2050,49.9187
h2r1b2n2c1p2,Green (Default cost),Default,Constrained,Advanced cost,Default,50 Percent by 2050,FT biofuels,2030,31.4591
h2r1b2n2c1p2,Green (Default cost),Default,Constrained,Advanced cost,Default,50 Percent by 2050,FT biofuels,2040,30.54003
h2r1b2n2c1p2,Green (Default cost),Default,Constrained,Advanced cost,Default,50 Percent by 2050,FT biofuels,2050,32.02397
h2r1b2n2c1p2,Green (Default cost),Default,Constrained,Advanced cost,Default,50 Percent by 2050,FT biofuels CCS,2030,31.64971
h2r1b2n2c1p2,Green (Default cost),Default,Constrained,Advanced cost,Default,50 Percent by 2050,FT biofuels CCS,2040,29.06256
h2r1b2n2c1p2,Green (Default cost),Default,Constrained,Advanced cost,Default,50 Percent by 2050,FT biofuels CCS,2050,28.54676
h2r1b2n2c1p2,Green (Default cost),Default,Constrained,Advanced cost,Default,50 Percent by 2050,LNG,2030,14.91113
h2r1b2n2c1p2,Green (Default cost),Default,Constrained,Advanced cost,Default,50 Percent by 2050,LNG,2040,16.41518
h2r1b2n2c1p2,Green (Default cost),Default,Constrained,Advanced cost,Default,50 Percent by 2050,LNG,2050,19.7528
h2r1b2n2c1p2,Green (Default cost),Default,Constrained,Advanced cost,Default,50 Percent by 2050,ammonia,2030,57.67222
h2r1b2n2c1p2,Green (Default cost),Default,Constrained,Advanced cost,Default,50 Percent by 2050,ammonia,2040,51.61996
h2r1b2n2c1p2,Green (Default cost),Default,Constrained,Advanced cost,Default,50 Percent by 2050,ammonia,2050,46.34898
h2r1b2n2c1p2,Green (Default cost),Default,Constrained,Advanced cost,Default,50 Percent by 2050,e-diesel,2030,96.40334
h2r1b2n2c1p2,Green (Default cost),Default,Constrained,Advanced cost,Default,50 Percent by 2050,e-diesel,2040,86.36298
h2r1b2n2c1p2,Green (Default cost),Default,Constrained,Advanced cost,Default,50 Percent by 2050,e-diesel,2050,81.57346
h2r1b2n2c1p2,Green (Default cost),Default,Constrained,Advanced cost,Default,50 Percent by 2050,electricity,2030,43.89228
h2r1b2n2c1p2,Green (Default cost),Default,Constrained,Advanced cost,Default,50 Percent by 2050,electricity,2040,39.57966
h2r1b2n2c1p2,Green (Default cost),Default,Constrained,Advanced cost,Default,50 Percent by 2050,electricity,2050,39.86884
h2r1b2n2c1p2,Green (Default cost),Default,Constrained,Advanced cost,Default,50 Percent by 2050,hydrogen,2030,NA
h2r1b2n2c1p2,Green (Default cost),Default,Constrained,Advanced cost,Default,50 Percent by 2050,hydrogen,2040,NA
h2r1b2n2c1p2,Green (Default cost),Default,Constrained,Advanced cost,Default,50 Percent by 2050,hydrogen,2050,NA
h2r1b2n2c1p2,Green (Default cost),Default,Constrained,Advanced cost,Default,50 Percent by 2050,petroleum diesel,2030,31.13698
h2r1b2n2c1p2,Green (Default cost),Default,Constrained,Advanced cost,Default,50 Percent by 2050,petroleum diesel,2040,30.55418
h2r1b2n2c1p2,Green (Default cost),Default,Constrained,Advanced cost,Default,50 Percent by 2050,petroleum diesel,2050,30.74253
h2r1b2n2c1p2,Green (Default cost),Default,Constrained,Advanced cost,Default,50 Percent by 2050,renewable diesel,2030,54.79676
h2r1b2n2c1p2,Green (Default cost),Default,Constrained,Advanced cost,Default,50 Percent by 2050,renewable diesel,2040,46.4208
h2r1b2n2c1p2,Green (Default cost),Default,Constrained,Advanced cost,Default,50 Percent by 2050,renewable diesel,2050,48.1992
h2r1b2n2c1p3,Green (Default cost),Default,Constrained,Advanced cost,Default,Net Zero by 2050,FT biofuels,2030,27.02659
h2r1b2n2c1p3,Green (Default cost),Default,Constrained,Advanced cost,Default,Net Zero by 2050,FT biofuels,2040,25.65182
h2r1b2n2c1p3,Green (Default cost),Default,Constrained,Advanced cost,Default,Net Zero by 2050,FT biofuels,2050,21.63036
h2r1b2n2c1p3,Green (Default cost),Default,Constrained,Advanced cost,Default,Net Zero by 2050,FT biofuels CCS,2030,21.40917
h2r1b2n2c1p3,Green (Default cost),Default,Constrained,Advanced cost,Default,Net Zero by 2050,FT biofuels CCS,2040,18.36394
h2r1b2n2c1p3,Green (Default cost),Default,Constrained,Advanced cost,Default,Net Zero by 2050,FT biofuels CCS,2050,8.97206
h2r1b2n2c1p3,Green (Default cost),Default,Constrained,Advanced cost,Default,Net Zero by 2050,LNG,2030,21.37564
h2r1b2n2c1p3,Green (Default cost),Default,Constrained,Advanced cost,Default,Net Zero by 2050,LNG,2040,23.47254
h2r1b2n2c1p3,Green (Default cost),Default,Constrained,Advanced cost,Default,Net Zero by 2050,LNG,2050,30.5156
h2r1b2n2c1p3,Green (Default cost),Default,Constrained,Advanced cost,Default,Net Zero by 2050,ammonia,2030,58.21372
h2r1b2n2c1p3,Green (Default cost),Default,Constrained,Advanced cost,Default,Net Zero by 2050,ammonia,2040,51.94296
h2r1b2n2c1p3,Green (Default cost),Default,Constrained,Advanced cost,Default,Net Zero by 2050,ammonia,2050,46.3904
h2r1b2n2c1p3,Green (Default cost),Default,Constrained,Advanced cost,Default,Net Zero by 2050,e-diesel,2030,95.58672
h2r1b2n2c1p3,Green (Default cost),Default,Constrained,Advanced cost,Default,Net Zero by 2050,e-diesel,2040,83.08738
h2r1b2n2c1p3,Green (Default cost),Default,Constrained,Advanced cost,Default,Net Zero by 2050,e-diesel,2050,75.48434
h2r1b2n2c1p3,Green (Default cost),Default,Constrained,Advanced cost,Default,Net Zero by 2050,electricity,2030,46.70428
h2r1b2n2c1p3,Green (Default cost),Default,Constrained,Advanced cost,Default,Net Zero by 2050,electricity,2040,40.52814
h2r1b2n2c1p3,Green (Default cost),Default,Constrained,Advanced cost,Default,Net Zero by 2050,electricity,2050,40.50306
h2r1b2n2c1p3,Green (Default cost),Default,Constrained,Advanced cost,Default,Net Zero by 2050,hydrogen,2030,NA
h2r1b2n2c1p3,Green (Default cost),Default,Constrained,Advanced cost,Default,Net Zero by 2050,hydrogen,2040,NA
h2r1b2n2c1p3,Green (Default cost),Default,Constrained,Advanced cost,Default,Net Zero by 2050,hydrogen,2050,NA
h2r1b2n2c1p3,Green (Default cost),Default,Constrained,Advanced cost,Default,Net Zero by 2050,petroleum diesel,2030,35.83892
h2r1b2n2c1p3,Green (Default cost),Default,Constrained,Advanced cost,Default,Net Zero by 2050,petroleum diesel,2040,35.25489
h2r1b2n2c1p3,Green (Default cost),Default,Constrained,Advanced cost,Default,Net Zero by 2050,petroleum diesel,2050,37.10576
h2r1b2n2c1p3,Green (Default cost),Default,Constrained,Advanced cost,Default,Net Zero by 2050,renewable diesel,2030,52.21884
h2r1b2n2c1p3,Green (Default cost),Default,Constrained,Advanced cost,Default,Net Zero by 2050,renewable diesel,2040,46.36912
h2r1b2n2c1p3,Green (Default cost),Default,Constrained,Advanced cost,Default,Net Zero by 2050,renewable diesel,2050,44.8628
h2r1b2n2c2p1,Green (Default cost),Default,Constrained,Advanced cost,Constrained,No policy,FT biofuels,2030,32.30445
h2r1b2n2c2p1,Green (Default cost),Default,Constrained,Advanced cost,Constrained,No policy,FT biofuels,2040,31.83936
h2r1b2n2c2p1,Green (Default cost),Default,Constrained,Advanced cost,Constrained,No policy,FT biofuels,2050,31.34723
h2r1b2n2c2p1,Green (Default cost),Default,Constrained,Advanced cost,Constrained,No policy,FT biofuels CCS,2030,36.42097
h2r1b2n2c2p1,Green (Default cost),Default,Constrained,Advanced cost,Constrained,No policy,FT biofuels CCS,2040,36.66036
h2r1b2n2c2p1,Green (Default cost),Default,Constrained,Advanced cost,Constrained,No policy,FT biofuels CCS,2050,37.45657
h2r1b2n2c2p1,Green (Default cost),Default,Constrained,Advanced cost,Constrained,No policy,LNG,2030,10.8354
h2r1b2n2c2p1,Green (Default cost),Default,Constrained,Advanced cost,Constrained,No policy,LNG,2040,10.4454
h2r1b2n2c2p1,Green (Default cost),Default,Constrained,Advanced cost,Constrained,No policy,LNG,2050,10.99975
h2r1b2n2c2p1,Green (Default cost),Default,Constrained,Advanced cost,Constrained,No policy,ammonia,2030,56.97758
h2r1b2n2c2p1,Green (Default cost),Default,Constrained,Advanced cost,Constrained,No policy,ammonia,2040,51.07998
h2r1b2n2c2p1,Green (Default cost),Default,Constrained,Advanced cost,Constrained,No policy,ammonia,2050,46.07728
h2r1b2n2c2p1,Green (Default cost),Default,Constrained,Advanced cost,Constrained,No policy,e-diesel,2030,95.4978
h2r1b2n2c2p1,Green (Default cost),Default,Constrained,Advanced cost,Constrained,No policy,e-diesel,2040,87.43078
h2r1b2n2c2p1,Green (Default cost),Default,Constrained,Advanced cost,Constrained,No policy,e-diesel,2050,83.58062
h2r1b2n2c2p1,Green (Default cost),Default,Constrained,Advanced cost,Constrained,No policy,electricity,2030,40.83784
h2r1b2n2c2p1,Green (Default cost),Default,Constrained,Advanced cost,Constrained,No policy,electricity,2040,37.20911
h2r1b2n2c2p1,Green (Default cost),Default,Constrained,Advanced cost,Constrained,No policy,electricity,2050,36.75793
h2r1b2n2c2p1,Green (Default cost),Default,Constrained,Advanced cost,Constrained,No policy,hydrogen,2030,NA
h2r1b2n2c2p1,Green (Default cost),Default,Constrained,Advanced cost,Constrained,No policy,hydrogen,2040,NA
h2r1b2n2c2p1,Green (Default cost),Default,Constrained,Advanced cost,Constrained,No policy,hydrogen,2050,NA
h2r1b2n2c2p1,Green (Default cost),Default,Constrained,Advanced cost,Constrained,No policy,petroleum diesel,2030,28.33626
h2r1b2n2c2p1,Green (Default cost),Default,Constrained,Advanced cost,Constrained,No policy,petroleum diesel,2040,27.24414
h2r1b2n2c2p1,Green (Default cost),Default,Constrained,Advanced cost,Constrained,No policy,petroleum diesel,2050,26.62345
h2r1b2n2c2p1,Green (Default cost),Default,Constrained,Advanced cost,Constrained,No policy,renewable diesel,2030,56.81076
h2r1b2n2c2p1,Green (Default cost),Default,Constrained,Advanced cost,Constrained,No policy,renewable diesel,2040,49.38784
h2r1b2n2c2p1,Green (Default cost),Default,Constrained,Advanced cost,Constrained,No policy,renewable diesel,2050,50.3063
h2r1b2n2c2p2,Green (Default cost),Default,Constrained,Advanced cost,Constrained,50 Percent by 2050,FT biofuels,2030,31.19523
h2r1b2n2c2p2,Green (Default cost),Default,Constrained,Advanced cost,Constrained,50 Percent by 2050,FT biofuels,2040,29.91037
h2r1b2n2c2p2,Green (Default cost),Default,Constrained,Advanced cost,Constrained,50 Percent by 2050,FT biofuels,2050,30.33498
h2r1b2n2c2p2,Green (Default cost),Default,Constrained,Advanced cost,Constrained,50 Percent by 2050,FT biofuels CCS,2030,31.7484
h2r1b2n2c2p2,Green (Default cost),Default,Constrained,Advanced cost,Constrained,50 Percent by 2050,FT biofuels CCS,2040,29.92576
h2r1b2n2c2p2,Green (Default cost),Default,Constrained,Advanced cost,Constrained,50 Percent by 2050,FT biofuels CCS,2050,30.27847
h2r1b2n2c2p2,Green (Default cost),Default,Constrained,Advanced cost,Constrained,50 Percent by 2050,LNG,2030,15.02508
h2r1b2n2c2p2,Green (Default cost),Default,Constrained,Advanced cost,Constrained,50 Percent by 2050,LNG,2040,16.87179
h2r1b2n2c2p2,Green (Default cost),Default,Constrained,Advanced cost,Constrained,50 Percent by 2050,LNG,2050,20.80809
h2r1b2n2c2p2,Green (Default cost),Default,Constrained,Advanced cost,Constrained,50 Percent by 2050,ammonia,2030,57.7144
h2r1b2n2c2p2,Green (Default cost),Default,Constrained,Advanced cost,Constrained,50 Percent by 2050,ammonia,2040,51.68608
h2r1b2n2c2p2,Green (Default cost),Default,Constrained,Advanced cost,Constrained,50 Percent by 2050,ammonia,2050,46.3923
h2r1b2n2c2p2,Green (Default cost),Default,Constrained,Advanced cost,Constrained,50 Percent by 2050,e-diesel,2030,96.35698
h2r1b2n2c2p2,Green (Default cost),Default,Constrained,Advanced cost,Constrained,50 Percent by 2050,e-diesel,2040,86.21934
h2r1b2n2c2p2,Green (Default cost),Default,Constrained,Advanced cost,Constrained,50 Percent by 2050,e-diesel,2050,81.20638
h2r1b2n2c2p2,Green (Default cost),Default,Constrained,Advanced cost,Constrained,50 Percent by 2050,electricity,2030,43.93826
h2r1b2n2c2p2,Green (Default cost),Default,Constrained,Advanced cost,Constrained,50 Percent by 2050,electricity,2040,39.71418
h2r1b2n2c2p2,Green (Default cost),Default,Constrained,Advanced cost,Constrained,50 Percent by 2050,electricity,2050,40.14016
h2r1b2n2c2p2,Green (Default cost),Default,Constrained,Advanced cost,Constrained,50 Percent by 2050,hydrogen,2030,NA
h2r1b2n2c2p2,Green (Default cost),Default,Constrained,Advanced cost,Constrained,50 Percent by 2050,hydrogen,2040,NA
h2r1b2n2c2p2,Green (Default cost),Default,Constrained,Advanced cost,Constrained,50 Percent by 2050,hydrogen,2050,NA
h2r1b2n2c2p2,Green (Default cost),Default,Constrained,Advanced cost,Constrained,50 Percent by 2050,petroleum diesel,2030,31.25099
h2r1b2n2c2p2,Green (Default cost),Default,Constrained,Advanced cost,Constrained,50 Percent by 2050,petroleum diesel,2040,30.84864
h2r1b2n2c2p2,Green (Default cost),Default,Constrained,Advanced cost,Constrained,50 Percent by 2050,petroleum diesel,2050,31.3437
h2r1b2n2c2p2,Green (Default cost),Default,Constrained,Advanced cost,Constrained,50 Percent by 2050,renewable diesel,2030,54.7086
h2r1b2n2c2p2,Green (Default cost),Default,Constrained,Advanced cost,Constrained,50 Percent by 2050,renewable diesel,2040,46.21712
h2r1b2n2c2p2,Green (Default cost),Default,Constrained,Advanced cost,Constrained,50 Percent by 2050,renewable diesel,2050,47.9332
h2r1b2n2c2p3,Green (Default cost),Default,Constrained,Advanced cost,Constrained,Net Zero by 2050,FT biofuels,2030,26.54916
h2r1b2n2c2p3,Green (Default cost),Default,Constrained,Advanced cost,Constrained,Net Zero by 2050,FT biofuels,2040,23.41872
h2r1b2n2c2p3,Green (Default cost),Default,Constrained,Advanced cost,Constrained,Net Zero by 2050,FT biofuels,2050,12.62656
h2r1b2n2c2p3,Green (Default cost),Default,Constrained,Advanced cost,Constrained,Net Zero by 2050,FT biofuels CCS,2030,22.02167
h2r1b2n2c2p3,Green (Default cost),Default,Constrained,Advanced cost,Constrained,Net Zero by 2050,FT biofuels CCS,2040,19.40652
h2r1b2n2c2p3,Green (Default cost),Default,Constrained,Advanced cost,Constrained,Net Zero by 2050,FT biofuels CCS,2050,17.72859
h2r1b2n2c2p3,Green (Default cost),Default,Constrained,Advanced cost,Constrained,Net Zero by 2050,LNG,2030,21.8176
h2r1b2n2c2p3,Green (Default cost),Default,Constrained,Advanced cost,Constrained,Net Zero by 2050,LNG,2040,25.80666
h2r1b2n2c2p3,Green (Default cost),Default,Constrained,Advanced cost,Constrained,Net Zero by 2050,LNG,2050,44.22891
h2r1b2n2c2p3,Green (Default cost),Default,Constrained,Advanced cost,Constrained,Net Zero by 2050,ammonia,2030,58.27756
h2r1b2n2c2p3,Green (Default cost),Default,Constrained,Advanced cost,Constrained,Net Zero by 2050,ammonia,2040,52.10104
h2r1b2n2c2p3,Green (Default cost),Default,Constrained,Advanced cost,Constrained,Net Zero by 2050,ammonia,2050,46.65374
h2r1b2n2c2p3,Green (Default cost),Default,Constrained,Advanced cost,Constrained,Net Zero by 2050,e-diesel,2030,95.56544
h2r1b2n2c2p3,Green (Default cost),Default,Constrained,Advanced cost,Constrained,Net Zero by 2050,e-diesel,2040,81.51
h2r1b2n2c2p3,Green (Default cost),Default,Constrained,Advanced cost,Constrained,Net Zero by 2050,e-diesel,2050,66.91762
h2r1b2n2c2p3,Green (Default cost),Default,Constrained,Advanced cost,Constrained,Net Zero by 2050,electricity,2030,46.93152
h2r1b2n2c2p3,Green (Default cost),Default,Constrained,Advanced cost,Constrained,Net Zero by 2050,electricity,2040,40.57222
h2r1b2n2c2p3,Green (Default cost),Default,Constrained,Advanced cost,Constrained,Net Zero by 2050,electricity,2050,40.57298
h2r1b2n2c2p3,Green (Default cost),Default,Constrained,Advanced cost,Constrained,Net Zero by 2050,hydrogen,2030,NA
h2r1b2n2c2p3,Green (Default cost),Default,Constrained,Advanced cost,Constrained,Net Zero by 2050,hydrogen,2040,NA
h2r1b2n2c2p3,Green (Default cost),Default,Constrained,Advanced cost,Constrained,Net Zero by 2050,hydrogen,2050,NA
h2r1b2n2c2p3,Green (Default cost),Default,Constrained,Advanced cost,Constrained,Net Zero by 2050,petroleum diesel,2030,36.22303
h2r1b2n2c2p3,Green (Default cost),Default,Constrained,Advanced cost,Constrained,Net Zero by 2050,petroleum diesel,2040,37.30771
h2r1b2n2c2p3,Green (Default cost),Default,Constrained,Advanced cost,Constrained,Net Zero by 2050,petroleum diesel,2050,46.11389
h2r1b2n2c2p3,Green (Default cost),Default,Constrained,Advanced cost,Constrained,Net Zero by 2050,renewable diesel,2030,51.73548
h2r1b2n2c2p3,Green (Default cost),Default,Constrained,Advanced cost,Constrained,Net Zero by 2050,renewable diesel,2040,44.56488
h2r1b2n2c2p3,Green (Default cost),Default,Constrained,Advanced cost,Constrained,Net Zero by 2050,renewable diesel,2050,42.4859
h2r2b1n1c1p1,Green (Default cost),Advanced cost,Default,Default,Default,No policy,FT biofuels,2030,32.21621
h2r2b1n1c1p1,Green (Default cost),Advanced cost,Default,Default,Default,No policy,FT biofuels,2040,31.88044
h2r2b1n1c1p1,Green (Default cost),Advanced cost,Default,Default,Default,No policy,FT biofuels,2050,31.37063
h2r2b1n1c1p1,Green (Default cost),Advanced cost,Default,Default,Default,No policy,FT biofuels CCS,2030,35.91751
h2r2b1n1c1p1,Green (Default cost),Advanced cost,Default,Default,Default,No policy,FT biofuels CCS,2040,35.47466
h2r2b1n1c1p1,Green (Default cost),Advanced cost,Default,Default,Default,No policy,FT biofuels CCS,2050,35.01187
h2r2b1n1c1p1,Green (Default cost),Advanced cost,Default,Default,Default,No policy,LNG,2030,10.77422
h2r2b1n1c1p1,Green (Default cost),Advanced cost,Default,Default,Default,No policy,LNG,2040,10.50708
h2r2b1n1c1p1,Green (Default cost),Advanced cost,Default,Default,Default,No policy,LNG,2050,11.06609
h2r2b1n1c1p1,Green (Default cost),Advanced cost,Default,Default,Default,No policy,ammonia,2030,55.4819
h2r2b1n1c1p1,Green (Default cost),Advanced cost,Default,Default,Default,No policy,ammonia,2040,48.32308
h2r2b1n1c1p1,Green (Default cost),Advanced cost,Default,Default,Default,No policy,ammonia,2050,43.66694
h2r2b1n1c1p1,Green (Default cost),Advanced cost,Default,Default,Default,No policy,e-diesel,2030,91.98128
h2r2b1n1c1p1,Green (Default cost),Advanced cost,Default,Default,Default,No policy,e-diesel,2040,86.30104
h2r2b1n1c1p1,Green (Default cost),Advanced cost,Default,Default,Default,No policy,e-diesel,2050,82.34106
h2r2b1n1c1p1,Green (Default cost),Advanced cost,Default,Default,Default,No policy,electricity,2030,38.86754
h2r2b1n1c1p1,Green (Default cost),Advanced cost,Default,Default,Default,No policy,electricity,2040,38.29716
h2r2b1n1c1p1,Green (Default cost),Advanced cost,Default,Default,Default,No policy,electricity,2050,37.55817
h2r2b1n1c1p1,Green (Default cost),Advanced cost,Default,Default,Default,No policy,hydrogen,2030,NA
h2r2b1n1c1p1,Green (Default cost),Advanced cost,Default,Default,Default,No policy,hydrogen,2040,NA
h2r2b1n1c1p1,Green (Default cost),Advanced cost,Default,Default,Default,No policy,hydrogen,2050,NA
h2r2b1n1c1p1,Green (Default cost),Advanced cost,Default,Default,Default,No policy,petroleum diesel,2030,28.23499
h2r2b1n1c1p1,Green (Default cost),Advanced cost,Default,Default,Default,No policy,petroleum diesel,2040,27.18752
h2r2b1n1c1p1,Green (Default cost),Advanced cost,Default,Default,Default,No policy,petroleum diesel,2050,26.47281
h2r2b1n1c1p1,Green (Default cost),Advanced cost,Default,Default,Default,No policy,renewable diesel,2030,56.54286
h2r2b1n1c1p1,Green (Default cost),Advanced cost,Default,Default,Default,No policy,renewable diesel,2040,49.2157
h2r2b1n1c1p1,Green (Default cost),Advanced cost,Default,Default,Default,No policy,renewable diesel,2050,49.77886
h2r2b1n1c1p2,Green (Default cost),Advanced cost,Default,Default,Default,50 Percent by 2050,FT biofuels,2030,31.75968
h2r2b1n1c1p2,Green (Default cost),Advanced cost,Default,Default,Default,50 Percent by 2050,FT biofuels,2040,29.43263
h2r2b1n1c1p2,Green (Default cost),Advanced cost,Default,Default,Default,50 Percent by 2050,FT biofuels,2050,31.36178
h2r2b1n1c1p2,Green (Default cost),Advanced cost,Default,Default,Default,50 Percent by 2050,FT biofuels CCS,2030,32.71041
h2r2b1n1c1p2,Green (Default cost),Advanced cost,Default,Default,Default,50 Percent by 2050,FT biofuels CCS,2040,26.5114
h2r2b1n1c1p2,Green (Default cost),Advanced cost,Default,Default,Default,50 Percent by 2050,FT biofuels CCS,2050,26.8791
h2r2b1n1c1p2,Green (Default cost),Advanced cost,Default,Default,Default,50 Percent by 2050,LNG,2030,13.98054
h2r2b1n1c1p2,Green (Default cost),Advanced cost,Default,Default,Default,50 Percent by 2050,LNG,2040,18.27915
h2r2b1n1c1p2,Green (Default cost),Advanced cost,Default,Default,Default,50 Percent by 2050,LNG,2050,21.12796
h2r2b1n1c1p2,Green (Default cost),Advanced cost,Default,Default,Default,50 Percent by 2050,ammonia,2030,56.07698
h2r2b1n1c1p2,Green (Default cost),Advanced cost,Default,Default,Default,50 Percent by 2050,ammonia,2040,48.94438
h2r2b1n1c1p2,Green (Default cost),Advanced cost,Default,Default,Default,50 Percent by 2050,ammonia,2050,43.9508
h2r2b1n1c1p2,Green (Default cost),Advanced cost,Default,Default,Default,50 Percent by 2050,e-diesel,2030,92.72722
h2r2b1n1c1p2,Green (Default cost),Advanced cost,Default,Default,Default,50 Percent by 2050,e-diesel,2040,87.78228
h2r2b1n1c1p2,Green (Default cost),Advanced cost,Default,Default,Default,50 Percent by 2050,e-diesel,2050,82.93234
h2r2b1n1c1p2,Green (Default cost),Advanced cost,Default,Default,Default,50 Percent by 2050,electricity,2030,41.28548
h2r2b1n1c1p2,Green (Default cost),Advanced cost,Default,Default,Default,50 Percent by 2050,electricity,2040,43.89874
h2r2b1n1c1p2,Green (Default cost),Advanced cost,Default,Default,Default,50 Percent by 2050,electricity,2050,43.65098
h2r2b1n1c1p2,Green (Default cost),Advanced cost,Default,Default,Default,50 Percent by 2050,hydrogen,2030,NA
h2r2b1n1c1p2,Green (Default cost),Advanced cost,Default,Default,Default,50 Percent by 2050,hydrogen,2040,NA
h2r2b1n1c1p2,Green (Default cost),Advanced cost,Default,Default,Default,50 Percent by 2050,hydrogen,2050,NA
h2r2b1n1c1p2,Green (Default cost),Advanced cost,Default,Default,Default,50 Percent by 2050,petroleum diesel,2030,30.42877
h2r2b1n1c1p2,Green (Default cost),Advanced cost,Default,Default,Default,50 Percent by 2050,petroleum diesel,2040,31.75015
h2r2b1n1c1p2,Green (Default cost),Advanced cost,Default,Default,Default,50 Percent by 2050,petroleum diesel,2050,31.41776
h2r2b1n1c1p2,Green (Default cost),Advanced cost,Default,Default,Default,50 Percent by 2050,renewable diesel,2030,55.03046
h2r2b1n1c1p2,Green (Default cost),Advanced cost,Default,Default,Default,50 Percent by 2050,renewable diesel,2040,45.82952
h2r2b1n1c1p2,Green (Default cost),Advanced cost,Default,Default,Default,50 Percent by 2050,renewable diesel,2050,48.3227
h2r2b1n1c1p3,Green (Default cost),Advanced cost,Default,Default,Default,Net Zero by 2050,FT biofuels,2030,27.0245
h2r2b1n1c1p3,Green (Default cost),Advanced cost,Default,Default,Default,Net Zero by 2050,FT biofuels,2040,25.06442
h2r2b1n1c1p3,Green (Default cost),Advanced cost,Default,Default,Default,Net Zero by 2050,FT biofuels,2050,19.8556
h2r2b1n1c1p3,Green (Default cost),Advanced cost,Default,Default,Default,Net Zero by 2050,FT biofuels CCS,2030,21.61554
h2r2b1n1c1p3,Green (Default cost),Advanced cost,Default,Default,Default,Net Zero by 2050,FT biofuels CCS,2040,17.03756
h2r2b1n1c1p3,Green (Default cost),Advanced cost,Default,Default,Default,Net Zero by 2050,FT biofuels CCS,2050,5.97613
h2r2b1n1c1p3,Green (Default cost),Advanced cost,Default,Default,Default,Net Zero by 2050,LNG,2030,21.26198
h2r2b1n1c1p3,Green (Default cost),Advanced cost,Default,Default,Default,Net Zero by 2050,LNG,2040,24.5735
h2r2b1n1c1p3,Green (Default cost),Advanced cost,Default,Default,Default,Net Zero by 2050,LNG,2050,32.20385
h2r2b1n1c1p3,Green (Default cost),Advanced cost,Default,Default,Default,Net Zero by 2050,ammonia,2030,56.71918
h2r2b1n1c1p3,Green (Default cost),Advanced cost,Default,Default,Default,Net Zero by 2050,ammonia,2040,49.15376
h2r2b1n1c1p3,Green (Default cost),Advanced cost,Default,Default,Default,Net Zero by 2050,ammonia,2050,43.96866
h2r2b1n1c1p3,Green (Default cost),Advanced cost,Default,Default,Default,Net Zero by 2050,e-diesel,2030,93.26948
h2r2b1n1c1p3,Green (Default cost),Advanced cost,Default,Default,Default,Net Zero by 2050,e-diesel,2040,86.87978
h2r2b1n1c1p3,Green (Default cost),Advanced cost,Default,Default,Default,Net Zero by 2050,e-diesel,2050,78.00943
h2r2b1n1c1p3,Green (Default cost),Advanced cost,Default,Default,Default,Net Zero by 2050,electricity,2030,45.6494
h2r2b1n1c1p3,Green (Default cost),Advanced cost,Default,Default,Default,Net Zero by 2050,electricity,2040,46.54886
h2r2b1n1c1p3,Green (Default cost),Advanced cost,Default,Default,Default,Net Zero by 2050,electricity,2050,45.47232
h2r2b1n1c1p3,Green (Default cost),Advanced cost,Default,Default,Default,Net Zero by 2050,hydrogen,2030,NA
h2r2b1n1c1p3,Green (Default cost),Advanced cost,Default,Default,Default,Net Zero by 2050,hydrogen,2040,NA
h2r2b1n1c1p3,Green (Default cost),Advanced cost,Default,Default,Default,Net Zero by 2050,hydrogen,2050,NA
h2r2b1n1c1p3,Green (Default cost),Advanced cost,Default,Default,Default,Net Zero by 2050,petroleum diesel,2030,35.62565
h2r2b1n1c1p3,Green (Default cost),Advanced cost,Default,Default,Default,Net Zero by 2050,petroleum diesel,2040,35.43459
h2r2b1n1c1p3,Green (Default cost),Advanced cost,Default,Default,Default,Net Zero by 2050,petroleum diesel,2050,38.22548
h2r2b1n1c1p3,Green (Default cost),Advanced cost,Default,Default,Default,Net Zero by 2050,renewable diesel,2030,52.08014
h2r2b1n1c1p3,Green (Default cost),Advanced cost,Default,Default,Default,Net Zero by 2050,renewable diesel,2040,48.12054
h2r2b1n1c1p3,Green (Default cost),Advanced cost,Default,Default,Default,Net Zero by 2050,renewable diesel,2050,45.67903
h2r2b1n1c2p1,Green (Default cost),Advanced cost,Default,Default,Constrained,No policy,FT biofuels,2030,32.18798
h2r2b1n1c2p1,Green (Default cost),Advanced cost,Default,Default,Constrained,No policy,FT biofuels,2040,31.8003
h2r2b1n1c2p1,Green (Default cost),Advanced cost,Default,Default,Constrained,No policy,FT biofuels,2050,31.2102
h2r2b1n1c2p1,Green (Default cost),Advanced cost,Default,Default,Constrained,No policy,FT biofuels CCS,2030,36.29213
h2r2b1n1c2p1,Green (Default cost),Advanced cost,Default,Default,Constrained,No policy,FT biofuels CCS,2040,36.62285
h2r2b1n1c2p1,Green (Default cost),Advanced cost,Default,Default,Constrained,No policy,FT biofuels CCS,2050,37.32735
h2r2b1n1c2p1,Green (Default cost),Advanced cost,Default,Default,Constrained,No policy,LNG,2030,10.77425
h2r2b1n1c2p1,Green (Default cost),Advanced cost,Default,Default,Constrained,No policy,LNG,2040,10.50723
h2r2b1n1c2p1,Green (Default cost),Advanced cost,Default,Default,Constrained,No policy,LNG,2050,11.06807
h2r2b1n1c2p1,Green (Default cost),Advanced cost,Default,Default,Constrained,No policy,ammonia,2030,55.48266
h2r2b1n1c2p1,Green (Default cost),Advanced cost,Default,Default,Constrained,No policy,ammonia,2040,48.32422
h2r2b1n1c2p1,Green (Default cost),Advanced cost,Default,Default,Constrained,No policy,ammonia,2050,43.66922
h2r2b1n1c2p1,Green (Default cost),Advanced cost,Default,Default,Constrained,No policy,e-diesel,2030,91.97292
h2r2b1n1c2p1,Green (Default cost),Advanced cost,Default,Default,Constrained,No policy,e-diesel,2040,86.27368
h2r2b1n1c2p1,Green (Default cost),Advanced cost,Default,Default,Constrained,No policy,e-diesel,2050,82.2966
h2r2b1n1c2p1,Green (Default cost),Advanced cost,Default,Default,Constrained,No policy,electricity,2030,38.85994
h2r2b1n1c2p1,Green (Default cost),Advanced cost,Default,Default,Constrained,No policy,electricity,2040,38.2717
h2r2b1n1c2p1,Green (Default cost),Advanced cost,Default,Default,Constrained,No policy,electricity,2050,37.51653
h2r2b1n1c2p1,Green (Default cost),Advanced cost,Default,Default,Constrained,No policy,hydrogen,2030,NA
h2r2b1n1c2p1,Green (Default cost),Advanced cost,Default,Default,Constrained,No policy,hydrogen,2040,NA
h2r2b1n1c2p1,Green (Default cost),Advanced cost,Default,Default,Constrained,No policy,hydrogen,2050,NA
h2r2b1n1c2p1,Green (Default cost),Advanced cost,Default,Default,Constrained,No policy,petroleum diesel,2030,28.23784
h2r2b1n1c2p1,Green (Default cost),Advanced cost,Default,Default,Constrained,No policy,petroleum diesel,2040,27.22483
h2r2b1n1c2p1,Green (Default cost),Advanced cost,Default,Default,Constrained,No policy,petroleum diesel,2050,26.58127
h2r2b1n1c2p1,Green (Default cost),Advanced cost,Default,Default,Constrained,No policy,renewable diesel,2030,56.55844
h2r2b1n1c2p1,Green (Default cost),Advanced cost,Default,Default,Constrained,No policy,renewable diesel,2040,49.29664
h2r2b1n1c2p1,Green (Default cost),Advanced cost,Default,Default,Constrained,No policy,renewable diesel,2050,50.14594
h2r2b1n1c2p2,Green (Default cost),Advanced cost,Default,Default,Constrained,50 Percent by 2050,FT biofuels,2030,31.53134
h2r2b1n1c2p2,Green (Default cost),Advanced cost,Default,Default,Constrained,50 Percent by 2050,FT biofuels,2040,28.7763
h2r2b1n1c2p2,Green (Default cost),Advanced cost,Default,Default,Constrained,50 Percent by 2050,FT biofuels,2050,29.19855
h2r2b1n1c2p2,Green (Default cost),Advanced cost,Default,Default,Constrained,50 Percent by 2050,FT biofuels CCS,2030,32.84276
h2r2b1n1c2p2,Green (Default cost),Advanced cost,Default,Default,Constrained,50 Percent by 2050,FT biofuels CCS,2040,27.38883
h2r2b1n1c2p2,Green (Default cost),Advanced cost,Default,Default,Constrained,50 Percent by 2050,FT biofuels CCS,2050,28.53711
h2r2b1n1c2p2,Green (Default cost),Advanced cost,Default,Default,Constrained,50 Percent by 2050,LNG,2030,14.09715
h2r2b1n1c2p2,Green (Default cost),Advanced cost,Default,Default,Constrained,50 Percent by 2050,LNG,2040,18.91375
h2r2b1n1c2p2,Green (Default cost),Advanced cost,Default,Default,Constrained,50 Percent by 2050,LNG,2050,22.87411
h2r2b1n1c2p2,Green (Default cost),Advanced cost,Default,Default,Constrained,50 Percent by 2050,ammonia,2030,56.11802
h2r2b1n1c2p2,Green (Default cost),Advanced cost,Default,Default,Constrained,50 Percent by 2050,ammonia,2040,49.0276
h2r2b1n1c2p2,Green (Default cost),Advanced cost,Default,Default,Constrained,50 Percent by 2050,ammonia,2050,44.00932
h2r2b1n1c2p2,Green (Default cost),Advanced cost,Default,Default,Constrained,50 Percent by 2050,e-diesel,2030,92.71658
h2r2b1n1c2p2,Green (Default cost),Advanced cost,Default,Default,Constrained,50 Percent by 2050,e-diesel,2040,87.76746
h2r2b1n1c2p2,Green (Default cost),Advanced cost,Default,Default,Constrained,50 Percent by 2050,e-diesel,2050,82.74652
h2r2b1n1c2p2,Green (Default cost),Advanced cost,Default,Default,Constrained,50 Percent by 2050,electricity,2030,41.34514
h2r2b1n1c2p2,Green (Default cost),Advanced cost,Default,Default,Constrained,50 Percent by 2050,electricity,2040,44.2396
h2r2b1n1c2p2,Green (Default cost),Advanced cost,Default,Default,Constrained,50 Percent by 2050,electricity,2050,44.45506
h2r2b1n1c2p2,Green (Default cost),Advanced cost,Default,Default,Constrained,50 Percent by 2050,hydrogen,2030,NA
h2r2b1n1c2p2,Green (Default cost),Advanced cost,Default,Default,Constrained,50 Percent by 2050,hydrogen,2040,NA
h2r2b1n1c2p2,Green (Default cost),Advanced cost,Default,Default,Constrained,50 Percent by 2050,hydrogen,2050,NA
h2r2b1n1c2p2,Green (Default cost),Advanced cost,Default,Default,Constrained,50 Percent by 2050,petroleum diesel,2030,30.52222
h2r2b1n1c2p2,Green (Default cost),Advanced cost,Default,Default,Constrained,50 Percent by 2050,petroleum diesel,2040,32.17818
h2r2b1n1c2p2,Green (Default cost),Advanced cost,Default,Default,Constrained,50 Percent by 2050,petroleum diesel,2050,32.51068
h2r2b1n1c2p2,Green (Default cost),Advanced cost,Default,Default,Constrained,50 Percent by 2050,renewable diesel,2030,54.96586
h2r2b1n1c2p2,Green (Default cost),Advanced cost,Default,Default,Constrained,50 Percent by 2050,renewable diesel,2040,45.50006
h2r2b1n1c2p2,Green (Default cost),Advanced cost,Default,Default,Constrained,50 Percent by 2050,renewable diesel,2050,47.85872
h2r2b1n1c2p3,Green (Default cost),Advanced cost,Default,Default,Constrained,Net Zero by 2050,FT biofuels,2030,26.575
h2r2b1n1c2p3,Green (Default cost),Advanced cost,Default,Default,Constrained,Net Zero by 2050,FT biofuels,2040,22.72708
h2r2b1n1c2p3,Green (Default cost),Advanced cost,Default,Default,Constrained,Net Zero by 2050,FT biofuels,2050,10.25498
h2r2b1n1c2p3,Green (Default cost),Advanced cost,Default,Default,Constrained,Net Zero by 2050,FT biofuels CCS,2030,22.18464
h2r2b1n1c2p3,Green (Default cost),Advanced cost,Default,Default,Constrained,Net Zero by 2050,FT biofuels CCS,2040,17.68417
h2r2b1n1c2p3,Green (Default cost),Advanced cost,Default,Default,Constrained,Net Zero by 2050,FT biofuels CCS,2050,18.48018
h2r2b1n1c2p3,Green (Default cost),Advanced cost,Default,Default,Constrained,Net Zero by 2050,LNG,2030,21.71956
h2r2b1n1c2p3,Green (Default cost),Advanced cost,Default,Default,Constrained,Net Zero by 2050,LNG,2040,27.82995
h2r2b1n1c2p3,Green (Default cost),Advanced cost,Default,Default,Constrained,Net Zero by 2050,LNG,2050,47.21708
h2r2b1n1c2p3,Green (Default cost),Advanced cost,Default,Default,Constrained,Net Zero by 2050,ammonia,2030,56.78492
h2r2b1n1c2p3,Green (Default cost),Advanced cost,Default,Default,Constrained,Net Zero by 2050,ammonia,2040,49.36618
h2r2b1n1c2p3,Green (Default cost),Advanced cost,Default,Default,Constrained,Net Zero by 2050,ammonia,2050,44.30686
h2r2b1n1c2p3,Green (Default cost),Advanced cost,Default,Default,Constrained,Net Zero by 2050,e-diesel,2030,93.3584
h2r2b1n1c2p3,Green (Default cost),Advanced cost,Default,Default,Constrained,Net Zero by 2050,e-diesel,2040,86.76008
h2r2b1n1c2p3,Green (Default cost),Advanced cost,Default,Default,Constrained,Net Zero by 2050,e-diesel,2050,70.54206
h2r2b1n1c2p3,Green (Default cost),Advanced cost,Default,Default,Constrained,Net Zero by 2050,electricity,2030,45.96898
h2r2b1n1c2p3,Green (Default cost),Advanced cost,Default,Default,Constrained,Net Zero by 2050,electricity,2040,48.20566
h2r2b1n1c2p3,Green (Default cost),Advanced cost,Default,Default,Constrained,Net Zero by 2050,electricity,2050,47.20702
h2r2b1n1c2p3,Green (Default cost),Advanced cost,Default,Default,Constrained,Net Zero by 2050,hydrogen,2030,NA
h2r2b1n1c2p3,Green (Default cost),Advanced cost,Default,Default,Constrained,Net Zero by 2050,hydrogen,2040,NA
h2r2b1n1c2p3,Green (Default cost),Advanced cost,Default,Default,Constrained,Net Zero by 2050,hydrogen,2050,NA
h2r2b1n1c2p3,Green (Default cost),Advanced cost,Default,Default,Constrained,Net Zero by 2050,petroleum diesel,2030,35.99881
h2r2b1n1c2p3,Green (Default cost),Advanced cost,Default,Default,Constrained,Net Zero by 2050,petroleum diesel,2040,37.90845
h2r2b1n1c2p3,Green (Default cost),Advanced cost,Default,Default,Constrained,Net Zero by 2050,petroleum diesel,2050,47.68107
h2r2b1n1c2p3,Green (Default cost),Advanced cost,Default,Default,Constrained,Net Zero by 2050,renewable diesel,2030,51.6439
h2r2b1n1c2p3,Green (Default cost),Advanced cost,Default,Default,Constrained,Net Zero by 2050,renewable diesel,2040,46.52264
h2r2b1n1c2p3,Green (Default cost),Advanced cost,Default,Default,Constrained,Net Zero by 2050,renewable diesel,2050,43.92534
h2r2b1n2c1p1,Green (Default cost),Advanced cost,Default,Advanced cost,Default,No policy,FT biofuels,2030,32.20975
h2r2b1n2c1p1,Green (Default cost),Advanced cost,Default,Advanced cost,Default,No policy,FT biofuels,2040,31.77442
h2r2b1n2c1p1,Green (Default cost),Advanced cost,Default,Advanced cost,Default,No policy,FT biofuels,2050,31.24694
h2r2b1n2c1p1,Green (Default cost),Advanced cost,Default,Advanced cost,Default,No policy,FT biofuels CCS,2030,35.9115
h2r2b1n2c1p1,Green (Default cost),Advanced cost,Default,Advanced cost,Default,No policy,FT biofuels CCS,2040,35.3552
h2r2b1n2c1p1,Green (Default cost),Advanced cost,Default,Advanced cost,Default,No policy,FT biofuels CCS,2050,34.86903
h2r2b1n2c1p1,Green (Default cost),Advanced cost,Default,Advanced cost,Default,No policy,LNG,2030,10.76388
h2r2b1n2c1p1,Green (Default cost),Advanced cost,Default,Advanced cost,Default,No policy,LNG,2040,10.38624
h2r2b1n2c1p1,Green (Default cost),Advanced cost,Default,Advanced cost,Default,No policy,LNG,2050,10.90851
h2r2b1n2c1p1,Green (Default cost),Advanced cost,Default,Advanced cost,Default,No policy,ammonia,2030,55.44504
h2r2b1n2c1p1,Green (Default cost),Advanced cost,Default,Advanced cost,Default,No policy,ammonia,2040,48.26076
h2r2b1n2c1p1,Green (Default cost),Advanced cost,Default,Advanced cost,Default,No policy,ammonia,2050,43.57004
h2r2b1n2c1p1,Green (Default cost),Advanced cost,Default,Advanced cost,Default,No policy,e-diesel,2030,92.27084
h2r2b1n2c1p1,Green (Default cost),Advanced cost,Default,Advanced cost,Default,No policy,e-diesel,2040,84.17076
h2r2b1n2c1p1,Green (Default cost),Advanced cost,Default,Advanced cost,Default,No policy,e-diesel,2050,80.43004
h2r2b1n2c1p1,Green (Default cost),Advanced cost,Default,Advanced cost,Default,No policy,electricity,2030,39.159
h2r2b1n2c1p1,Green (Default cost),Advanced cost,Default,Advanced cost,Default,No policy,electricity,2040,36.45686
h2r2b1n2c1p1,Green (Default cost),Advanced cost,Default,Advanced cost,Default,No policy,electricity,2050,35.95419
h2r2b1n2c1p1,Green (Default cost),Advanced cost,Default,Advanced cost,Default,No policy,hydrogen,2030,NA
h2r2b1n2c1p1,Green (Default cost),Advanced cost,Default,Advanced cost,Default,No policy,hydrogen,2040,NA
h2r2b1n2c1p1,Green (Default cost),Advanced cost,Default,Advanced cost,Default,No policy,hydrogen,2050,NA
h2r2b1n2c1p1,Green (Default cost),Advanced cost,Default,Advanced cost,Default,No policy,petroleum diesel,2030,28.23582
h2r2b1n2c1p1,Green (Default cost),Advanced cost,Default,Advanced cost,Default,No policy,petroleum diesel,2040,27.02161
h2r2b1n2c1p1,Green (Default cost),Advanced cost,Default,Advanced cost,Default,No policy,petroleum diesel,2050,26.2881
h2r2b1n2c1p1,Green (Default cost),Advanced cost,Default,Advanced cost,Default,No policy,renewable diesel,2030,56.55312
h2r2b1n2c1p1,Green (Default cost),Advanced cost,Default,Advanced cost,Default,No policy,renewable diesel,2040,48.99416
h2r2b1n2c1p1,Green (Default cost),Advanced cost,Default,Advanced cost,Default,No policy,renewable diesel,2050,49.45206
h2r2b1n2c1p2,Green (Default cost),Advanced cost,Default,Advanced cost,Default,50 Percent by 2050,FT biofuels,2030,31.99079
h2r2b1n2c1p2,Green (Default cost),Advanced cost,Default,Advanced cost,Default,50 Percent by 2050,FT biofuels,2040,30.13605
h2r2b1n2c1p2,Green (Default cost),Advanced cost,Default,Advanced cost,Default,50 Percent by 2050,FT biofuels,2050,30.90407
h2r2b1n2c1p2,Green (Default cost),Advanced cost,Default,Advanced cost,Default,50 Percent by 2050,FT biofuels CCS,2030,33.34763
h2r2b1n2c1p2,Green (Default cost),Advanced cost,Default,Advanced cost,Default,50 Percent by 2050,FT biofuels CCS,2040,28.92612
h2r2b1n2c1p2,Green (Default cost),Advanced cost,Default,Advanced cost,Default,50 Percent by 2050,FT biofuels CCS,2050,27.89725
h2r2b1n2c1p2,Green (Default cost),Advanced cost,Default,Advanced cost,Default,50 Percent by 2050,LNG,2030,13.50007
h2r2b1n2c1p2,Green (Default cost),Advanced cost,Default,Advanced cost,Default,50 Percent by 2050,LNG,2040,15.99691
h2r2b1n2c1p2,Green (Default cost),Advanced cost,Default,Advanced cost,Default,50 Percent by 2050,LNG,2050,19.0502
h2r2b1n2c1p2,Green (Default cost),Advanced cost,Default,Advanced cost,Default,50 Percent by 2050,ammonia,2030,55.98084
h2r2b1n2c1p2,Green (Default cost),Advanced cost,Default,Advanced cost,Default,50 Percent by 2050,ammonia,2040,48.7312
h2r2b1n2c1p2,Green (Default cost),Advanced cost,Default,Advanced cost,Default,50 Percent by 2050,ammonia,2050,43.79462
h2r2b1n2c1p2,Green (Default cost),Advanced cost,Default,Advanced cost,Default,50 Percent by 2050,e-diesel,2030,92.81386
h2r2b1n2c1p2,Green (Default cost),Advanced cost,Default,Advanced cost,Default,50 Percent by 2050,e-diesel,2040,83.13374
h2r2b1n2c1p2,Green (Default cost),Advanced cost,Default,Advanced cost,Default,50 Percent by 2050,e-diesel,2050,78.42136
h2r2b1n2c1p2,Green (Default cost),Advanced cost,Default,Advanced cost,Default,50 Percent by 2050,electricity,2030,41.14526
h2r2b1n2c1p2,Green (Default cost),Advanced cost,Default,Advanced cost,Default,50 Percent by 2050,electricity,2040,38.67906
h2r2b1n2c1p2,Green (Default cost),Advanced cost,Default,Advanced cost,Default,50 Percent by 2050,electricity,2050,38.74366
h2r2b1n2c1p2,Green (Default cost),Advanced cost,Default,Advanced cost,Default,50 Percent by 2050,hydrogen,2030,NA
h2r2b1n2c1p2,Green (Default cost),Advanced cost,Default,Advanced cost,Default,50 Percent by 2050,hydrogen,2040,NA
h2r2b1n2c1p2,Green (Default cost),Advanced cost,Default,Advanced cost,Default,50 Percent by 2050,hydrogen,2050,NA
h2r2b1n2c1p2,Green (Default cost),Advanced cost,Default,Advanced cost,Default,50 Percent by 2050,petroleum diesel,2030,30.09431
h2r2b1n2c1p2,Green (Default cost),Advanced cost,Default,Advanced cost,Default,50 Percent by 2050,petroleum diesel,2040,30.14726
h2r2b1n2c1p2,Green (Default cost),Advanced cost,Default,Advanced cost,Default,50 Percent by 2050,petroleum diesel,2050,30.05115
h2r2b1n2c1p2,Green (Default cost),Advanced cost,Default,Advanced cost,Default,50 Percent by 2050,renewable diesel,2030,55.29304
h2r2b1n2c1p2,Green (Default cost),Advanced cost,Default,Advanced cost,Default,50 Percent by 2050,renewable diesel,2040,46.3258
h2r2b1n2c1p2,Green (Default cost),Advanced cost,Default,Advanced cost,Default,50 Percent by 2050,renewable diesel,2050,47.77398
h2r2b1n2c1p3,Green (Default cost),Advanced cost,Default,Advanced cost,Default,Net Zero by 2050,FT biofuels,2030,27.0557
h2r2b1n2c1p3,Green (Default cost),Advanced cost,Default,Advanced cost,Default,Net Zero by 2050,FT biofuels,2040,25.17378
h2r2b1n2c1p3,Green (Default cost),Advanced cost,Default,Advanced cost,Default,Net Zero by 2050,FT biofuels,2050,20.83236
h2r2b1n2c1p3,Green (Default cost),Advanced cost,Default,Advanced cost,Default,Net Zero by 2050,FT biofuels CCS,2030,21.81453
h2r2b1n2c1p3,Green (Default cost),Advanced cost,Default,Advanced cost,Default,Net Zero by 2050,FT biofuels CCS,2040,18.10923
h2r2b1n2c1p3,Green (Default cost),Advanced cost,Default,Advanced cost,Default,Net Zero by 2050,FT biofuels CCS,2050,8.53553
h2r2b1n2c1p3,Green (Default cost),Advanced cost,Default,Advanced cost,Default,Net Zero by 2050,LNG,2030,20.8278
h2r2b1n2c1p3,Green (Default cost),Advanced cost,Default,Advanced cost,Default,Net Zero by 2050,LNG,2040,23.14425
h2r2b1n2c1p3,Green (Default cost),Advanced cost,Default,Advanced cost,Default,Net Zero by 2050,LNG,2050,29.95269
h2r2b1n2c1p3,Green (Default cost),Advanced cost,Default,Advanced cost,Default,Net Zero by 2050,ammonia,2030,56.60746
h2r2b1n2c1p3,Green (Default cost),Advanced cost,Default,Advanced cost,Default,Net Zero by 2050,ammonia,2040,49.03064
h2r2b1n2c1p3,Green (Default cost),Advanced cost,Default,Advanced cost,Default,Net Zero by 2050,ammonia,2050,43.8387
h2r2b1n2c1p3,Green (Default cost),Advanced cost,Default,Advanced cost,Default,Net Zero by 2050,e-diesel,2030,92.6079
h2r2b1n2c1p3,Green (Default cost),Advanced cost,Default,Advanced cost,Default,Net Zero by 2050,e-diesel,2040,80.09336
h2r2b1n2c1p3,Green (Default cost),Advanced cost,Default,Advanced cost,Default,Net Zero by 2050,e-diesel,2050,72.37594
h2r2b1n2c1p3,Green (Default cost),Advanced cost,Default,Advanced cost,Default,Net Zero by 2050,electricity,2030,45.0034
h2r2b1n2c1p3,Green (Default cost),Advanced cost,Default,Advanced cost,Default,Net Zero by 2050,electricity,2040,39.91216
h2r2b1n2c1p3,Green (Default cost),Advanced cost,Default,Advanced cost,Default,Net Zero by 2050,electricity,2050,39.50518
h2r2b1n2c1p3,Green (Default cost),Advanced cost,Default,Advanced cost,Default,Net Zero by 2050,hydrogen,2030,NA
h2r2b1n2c1p3,Green (Default cost),Advanced cost,Default,Advanced cost,Default,Net Zero by 2050,hydrogen,2040,NA
h2r2b1n2c1p3,Green (Default cost),Advanced cost,Default,Advanced cost,Default,Net Zero by 2050,hydrogen,2050,NA
h2r2b1n2c1p3,Green (Default cost),Advanced cost,Default,Advanced cost,Default,Net Zero by 2050,petroleum diesel,2030,35.46336
h2r2b1n2c1p3,Green (Default cost),Advanced cost,Default,Advanced cost,Default,Net Zero by 2050,petroleum diesel,2040,34.87921
h2r2b1n2c1p3,Green (Default cost),Advanced cost,Default,Advanced cost,Default,Net Zero by 2050,petroleum diesel,2050,36.50571
h2r2b1n2c1p3,Green (Default cost),Advanced cost,Default,Advanced cost,Default,Net Zero by 2050,renewable diesel,2030,52.02238
h2r2b1n2c1p3,Green (Default cost),Advanced cost,Default,Advanced cost,Default,Net Zero by 2050,renewable diesel,2040,46.29958
h2r2b1n2c1p3,Green (Default cost),Advanced cost,Default,Advanced cost,Default,Net Zero by 2050,renewable diesel,2050,44.6918
h2r2b1n2c2p1,Green (Default cost),Advanced cost,Default,Advanced cost,Constrained,No policy,FT biofuels,2030,32.18155
h2r2b1n2c2p1,Green (Default cost),Advanced cost,Default,Advanced cost,Constrained,No policy,FT biofuels,2040,31.69656
h2r2b1n2c2p1,Green (Default cost),Advanced cost,Default,Advanced cost,Constrained,No policy,FT biofuels,2050,31.08974
h2r2b1n2c2p1,Green (Default cost),Advanced cost,Default,Advanced cost,Constrained,No policy,FT biofuels CCS,2030,36.2829
h2r2b1n2c2p1,Green (Default cost),Advanced cost,Default,Advanced cost,Constrained,No policy,FT biofuels CCS,2040,36.48689
h2r2b1n2c2p1,Green (Default cost),Advanced cost,Default,Advanced cost,Constrained,No policy,FT biofuels CCS,2050,37.13516
h2r2b1n2c2p1,Green (Default cost),Advanced cost,Default,Advanced cost,Constrained,No policy,LNG,2030,10.76396
h2r2b1n2c2p1,Green (Default cost),Advanced cost,Default,Advanced cost,Constrained,No policy,LNG,2040,10.38658
h2r2b1n2c2p1,Green (Default cost),Advanced cost,Default,Advanced cost,Constrained,No policy,LNG,2050,10.91052
h2r2b1n2c2p1,Green (Default cost),Advanced cost,Default,Advanced cost,Constrained,No policy,ammonia,2030,55.4458
h2r2b1n2c2p1,Green (Default cost),Advanced cost,Default,Advanced cost,Constrained,No policy,ammonia,2040,48.26152
h2r2b1n2c2p1,Green (Default cost),Advanced cost,Default,Advanced cost,Constrained,No policy,ammonia,2050,43.57232
h2r2b1n2c2p1,Green (Default cost),Advanced cost,Default,Advanced cost,Constrained,No policy,e-diesel,2030,92.26286
h2r2b1n2c2p1,Green (Default cost),Advanced cost,Default,Advanced cost,Constrained,No policy,e-diesel,2040,84.15632
h2r2b1n2c2p1,Green (Default cost),Advanced cost,Default,Advanced cost,Constrained,No policy,e-diesel,2050,80.40534
h2r2b1n2c2p1,Green (Default cost),Advanced cost,Default,Advanced cost,Constrained,No policy,electricity,2030,39.15178
h2r2b1n2c2p1,Green (Default cost),Advanced cost,Default,Advanced cost,Constrained,No policy,electricity,2040,36.44303
h2r2b1n2c2p1,Green (Default cost),Advanced cost,Default,Advanced cost,Constrained,No policy,electricity,2050,35.93003
h2r2b1n2c2p1,Green (Default cost),Advanced cost,Default,Advanced cost,Constrained,No policy,hydrogen,2030,NA
h2r2b1n2c2p1,Green (Default cost),Advanced cost,Default,Advanced cost,Constrained,No policy,hydrogen,2040,NA
h2r2b1n2c2p1,Green (Default cost),Advanced cost,Default,Advanced cost,Constrained,No policy,hydrogen,2050,NA
h2r2b1n2c2p1,Green (Default cost),Advanced cost,Default,Advanced cost,Constrained,No policy,petroleum diesel,2030,28.23867
h2r2b1n2c2p1,Green (Default cost),Advanced cost,Default,Advanced cost,Constrained,No policy,petroleum diesel,2040,27.06094
h2r2b1n2c2p1,Green (Default cost),Advanced cost,Default,Advanced cost,Constrained,No policy,petroleum diesel,2050,26.39852
h2r2b1n2c2p1,Green (Default cost),Advanced cost,Default,Advanced cost,Constrained,No policy,renewable diesel,2030,56.5687
h2r2b1n2c2p1,Green (Default cost),Advanced cost,Default,Advanced cost,Constrained,No policy,renewable diesel,2040,49.07548
h2r2b1n2c2p1,Green (Default cost),Advanced cost,Default,Advanced cost,Constrained,No policy,renewable diesel,2050,49.81458
h2r2b1n2c2p2,Green (Default cost),Advanced cost,Default,Advanced cost,Constrained,50 Percent by 2050,FT biofuels,2030,31.76922
h2r2b1n2c2p2,Green (Default cost),Advanced cost,Default,Advanced cost,Constrained,50 Percent by 2050,FT biofuels,2040,29.61724
h2r2b1n2c2p2,Green (Default cost),Advanced cost,Default,Advanced cost,Constrained,50 Percent by 2050,FT biofuels,2050,29.30632
h2r2b1n2c2p2,Green (Default cost),Advanced cost,Default,Advanced cost,Constrained,50 Percent by 2050,FT biofuels CCS,2030,33.47505
h2r2b1n2c2p2,Green (Default cost),Advanced cost,Default,Advanced cost,Constrained,50 Percent by 2050,FT biofuels CCS,2040,29.74219
h2r2b1n2c2p2,Green (Default cost),Advanced cost,Default,Advanced cost,Constrained,50 Percent by 2050,FT biofuels CCS,2050,29.50684
h2r2b1n2c2p2,Green (Default cost),Advanced cost,Default,Advanced cost,Constrained,50 Percent by 2050,LNG,2030,13.60705
h2r2b1n2c2p2,Green (Default cost),Advanced cost,Default,Advanced cost,Constrained,50 Percent by 2050,LNG,2040,16.4167
h2r2b1n2c2p2,Green (Default cost),Advanced cost,Default,Advanced cost,Constrained,50 Percent by 2050,LNG,2050,19.99534
h2r2b1n2c2p2,Green (Default cost),Advanced cost,Default,Advanced cost,Constrained,50 Percent by 2050,ammonia,2030,56.01922
h2r2b1n2c2p2,Green (Default cost),Advanced cost,Default,Advanced cost,Constrained,50 Percent by 2050,ammonia,2040,48.7882
h2r2b1n2c2p2,Green (Default cost),Advanced cost,Default,Advanced cost,Constrained,50 Percent by 2050,ammonia,2050,43.82958
h2r2b1n2c2p2,Green (Default cost),Advanced cost,Default,Advanced cost,Constrained,50 Percent by 2050,e-diesel,2030,92.80056
h2r2b1n2c2p2,Green (Default cost),Advanced cost,Default,Advanced cost,Constrained,50 Percent by 2050,e-diesel,2040,82.99314
h2r2b1n2c2p2,Green (Default cost),Advanced cost,Default,Advanced cost,Constrained,50 Percent by 2050,e-diesel,2050,78.07822
h2r2b1n2c2p2,Green (Default cost),Advanced cost,Default,Advanced cost,Constrained,50 Percent by 2050,electricity,2030,41.1977
h2r2b1n2c2p2,Green (Default cost),Advanced cost,Default,Advanced cost,Constrained,50 Percent by 2050,electricity,2040,38.79762
h2r2b1n2c2p2,Green (Default cost),Advanced cost,Default,Advanced cost,Constrained,50 Percent by 2050,electricity,2050,38.97736
h2r2b1n2c2p2,Green (Default cost),Advanced cost,Default,Advanced cost,Constrained,50 Percent by 2050,hydrogen,2030,NA
h2r2b1n2c2p2,Green (Default cost),Advanced cost,Default,Advanced cost,Constrained,50 Percent by 2050,hydrogen,2040,NA
h2r2b1n2c2p2,Green (Default cost),Advanced cost,Default,Advanced cost,Constrained,50 Percent by 2050,hydrogen,2050,NA
h2r2b1n2c2p2,Green (Default cost),Advanced cost,Default,Advanced cost,Constrained,50 Percent by 2050,petroleum diesel,2030,30.18066
h2r2b1n2c2p2,Green (Default cost),Advanced cost,Default,Advanced cost,Constrained,50 Percent by 2050,petroleum diesel,2040,30.44364
h2r2b1n2c2p2,Green (Default cost),Advanced cost,Default,Advanced cost,Constrained,50 Percent by 2050,petroleum diesel,2050,30.62176
h2r2b1n2c2p2,Green (Default cost),Advanced cost,Default,Advanced cost,Constrained,50 Percent by 2050,renewable diesel,2030,55.23148
h2r2b1n2c2p2,Green (Default cost),Advanced cost,Default,Advanced cost,Constrained,50 Percent by 2050,renewable diesel,2040,46.113
h2r2b1n2c2p2,Green (Default cost),Advanced cost,Default,Advanced cost,Constrained,50 Percent by 2050,renewable diesel,2050,47.51748
h2r2b1n2c2p3,Green (Default cost),Advanced cost,Default,Advanced cost,Constrained,Net Zero by 2050,FT biofuels,2030,26.65723
h2r2b1n2c2p3,Green (Default cost),Advanced cost,Default,Advanced cost,Constrained,Net Zero by 2050,FT biofuels,2040,23.22203
h2r2b1n2c2p3,Green (Default cost),Advanced cost,Default,Advanced cost,Constrained,Net Zero by 2050,FT biofuels,2050,12.28719
h2r2b1n2c2p3,Green (Default cost),Advanced cost,Default,Advanced cost,Constrained,Net Zero by 2050,FT biofuels CCS,2030,22.40218
h2r2b1n2c2p3,Green (Default cost),Advanced cost,Default,Advanced cost,Constrained,Net Zero by 2050,FT biofuels CCS,2040,19.18142
h2r2b1n2c2p3,Green (Default cost),Advanced cost,Default,Advanced cost,Constrained,Net Zero by 2050,FT biofuels CCS,2050,17.63559
h2r2b1n2c2p3,Green (Default cost),Advanced cost,Default,Advanced cost,Constrained,Net Zero by 2050,LNG,2030,21.19511
h2r2b1n2c2p3,Green (Default cost),Advanced cost,Default,Advanced cost,Constrained,Net Zero by 2050,LNG,2040,25.46016
h2r2b1n2c2p3,Green (Default cost),Advanced cost,Default,Advanced cost,Constrained,Net Zero by 2050,LNG,2050,43.06251
h2r2b1n2c2p3,Green (Default cost),Advanced cost,Default,Advanced cost,Constrained,Net Zero by 2050,ammonia,2030,56.66066
h2r2b1n2c2p3,Green (Default cost),Advanced cost,Default,Advanced cost,Constrained,Net Zero by 2050,ammonia,2040,49.17542
h2r2b1n2c2p3,Green (Default cost),Advanced cost,Default,Advanced cost,Constrained,Net Zero by 2050,ammonia,2050,44.07392
h2r2b1n2c2p3,Green (Default cost),Advanced cost,Default,Advanced cost,Constrained,Net Zero by 2050,e-diesel,2030,92.62082
h2r2b1n2c2p3,Green (Default cost),Advanced cost,Default,Advanced cost,Constrained,Net Zero by 2050,e-diesel,2040,78.61858
h2r2b1n2c2p3,Green (Default cost),Advanced cost,Default,Advanced cost,Constrained,Net Zero by 2050,e-diesel,2050,64.12614
h2r2b1n2c2p3,Green (Default cost),Advanced cost,Default,Advanced cost,Constrained,Net Zero by 2050,electricity,2030,45.21506
h2r2b1n2c2p3,Green (Default cost),Advanced cost,Default,Advanced cost,Constrained,Net Zero by 2050,electricity,2040,39.98816
h2r2b1n2c2p3,Green (Default cost),Advanced cost,Default,Advanced cost,Constrained,Net Zero by 2050,electricity,2050,39.53102
h2r2b1n2c2p3,Green (Default cost),Advanced cost,Default,Advanced cost,Constrained,Net Zero by 2050,hydrogen,2030,NA
h2r2b1n2c2p3,Green (Default cost),Advanced cost,Default,Advanced cost,Constrained,Net Zero by 2050,hydrogen,2040,NA
h2r2b1n2c2p3,Green (Default cost),Advanced cost,Default,Advanced cost,Constrained,Net Zero by 2050,hydrogen,2050,NA
h2r2b1n2c2p3,Green (Default cost),Advanced cost,Default,Advanced cost,Constrained,Net Zero by 2050,petroleum diesel,2030,35.77665
h2r2b1n2c2p3,Green (Default cost),Advanced cost,Default,Advanced cost,Constrained,Net Zero by 2050,petroleum diesel,2040,36.87063
h2r2b1n2c2p3,Green (Default cost),Advanced cost,Default,Advanced cost,Constrained,Net Zero by 2050,petroleum diesel,2050,45.15035
h2r2b1n2c2p3,Green (Default cost),Advanced cost,Default,Advanced cost,Constrained,Net Zero by 2050,renewable diesel,2030,51.62642
h2r2b1n2c2p3,Green (Default cost),Advanced cost,Default,Advanced cost,Constrained,Net Zero by 2050,renewable diesel,2040,44.45544
h2r2b1n2c2p3,Green (Default cost),Advanced cost,Default,Advanced cost,Constrained,Net Zero by 2050,renewable diesel,2050,42.33998
h2r2b2n1c1p1,Green (Default cost),Advanced cost,Constrained,Default,Default,No policy,FT biofuels,2030,32.21621
h2r2b2n1c1p1,Green (Default cost),Advanced cost,Constrained,Default,Default,No policy,FT biofuels,2040,31.88044
h2r2b2n1c1p1,Green (Default cost),Advanced cost,Constrained,Default,Default,No policy,FT biofuels,2050,31.52978
h2r2b2n1c1p1,Green (Default cost),Advanced cost,Constrained,Default,Default,No policy,FT biofuels CCS,2030,35.91751
h2r2b2n1c1p1,Green (Default cost),Advanced cost,Constrained,Default,Default,No policy,FT biofuels CCS,2040,35.47466
h2r2b2n1c1p1,Green (Default cost),Advanced cost,Constrained,Default,Default,No policy,FT biofuels CCS,2050,35.17555
h2r2b2n1c1p1,Green (Default cost),Advanced cost,Constrained,Default,Default,No policy,LNG,2030,10.77422
h2r2b2n1c1p1,Green (Default cost),Advanced cost,Constrained,Default,Default,No policy,LNG,2040,10.50708
h2r2b2n1c1p1,Green (Default cost),Advanced cost,Constrained,Default,Default,No policy,LNG,2050,11.06628
h2r2b2n1c1p1,Green (Default cost),Advanced cost,Constrained,Default,Default,No policy,ammonia,2030,55.4819
h2r2b2n1c1p1,Green (Default cost),Advanced cost,Constrained,Default,Default,No policy,ammonia,2040,48.32308
h2r2b2n1c1p1,Green (Default cost),Advanced cost,Constrained,Default,Default,No policy,ammonia,2050,43.66694
h2r2b2n1c1p1,Green (Default cost),Advanced cost,Constrained,Default,Default,No policy,e-diesel,2030,91.98128
h2r2b2n1c1p1,Green (Default cost),Advanced cost,Constrained,Default,Default,No policy,e-diesel,2040,86.30104
h2r2b2n1c1p1,Green (Default cost),Advanced cost,Constrained,Default,Default,No policy,e-diesel,2050,82.33954
h2r2b2n1c1p1,Green (Default cost),Advanced cost,Constrained,Default,Default,No policy,electricity,2030,38.86754
h2r2b2n1c1p1,Green (Default cost),Advanced cost,Constrained,Default,Default,No policy,electricity,2040,38.29716
h2r2b2n1c1p1,Green (Default cost),Advanced cost,Constrained,Default,Default,No policy,electricity,2050,37.55677
h2r2b2n1c1p1,Green (Default cost),Advanced cost,Constrained,Default,Default,No policy,hydrogen,2030,NA
h2r2b2n1c1p1,Green (Default cost),Advanced cost,Constrained,Default,Default,No policy,hydrogen,2040,NA
h2r2b2n1c1p1,Green (Default cost),Advanced cost,Constrained,Default,Default,No policy,hydrogen,2050,NA
h2r2b2n1c1p1,Green (Default cost),Advanced cost,Constrained,Default,Default,No policy,petroleum diesel,2030,28.23499
h2r2b2n1c1p1,Green (Default cost),Advanced cost,Constrained,Default,Default,No policy,petroleum diesel,2040,27.18752
h2r2b2n1c1p1,Green (Default cost),Advanced cost,Constrained,Default,Default,No policy,petroleum diesel,2050,26.47897
h2r2b2n1c1p1,Green (Default cost),Advanced cost,Constrained,Default,Default,No policy,renewable diesel,2030,56.54286
h2r2b2n1c1p1,Green (Default cost),Advanced cost,Constrained,Default,Default,No policy,renewable diesel,2040,49.2157
h2r2b2n1c1p1,Green (Default cost),Advanced cost,Constrained,Default,Default,No policy,renewable diesel,2050,49.74618
h2r2b2n1c1p2,Green (Default cost),Advanced cost,Constrained,Default,Default,50 Percent by 2050,FT biofuels,2030,31.75968
h2r2b2n1c1p2,Green (Default cost),Advanced cost,Constrained,Default,Default,50 Percent by 2050,FT biofuels,2040,29.85614
h2r2b2n1c1p2,Green (Default cost),Advanced cost,Constrained,Default,Default,50 Percent by 2050,FT biofuels,2050,31.92722
h2r2b2n1c1p2,Green (Default cost),Advanced cost,Constrained,Default,Default,50 Percent by 2050,FT biofuels CCS,2030,32.71041
h2r2b2n1c1p2,Green (Default cost),Advanced cost,Constrained,Default,Default,50 Percent by 2050,FT biofuels CCS,2040,26.89565
h2r2b2n1c1p2,Green (Default cost),Advanced cost,Constrained,Default,Default,50 Percent by 2050,FT biofuels CCS,2050,27.30076
h2r2b2n1c1p2,Green (Default cost),Advanced cost,Constrained,Default,Default,50 Percent by 2050,LNG,2030,13.98054
h2r2b2n1c1p2,Green (Default cost),Advanced cost,Constrained,Default,Default,50 Percent by 2050,LNG,2040,18.34039
h2r2b2n1c1p2,Green (Default cost),Advanced cost,Constrained,Default,Default,50 Percent by 2050,LNG,2050,21.32432
h2r2b2n1c1p2,Green (Default cost),Advanced cost,Constrained,Default,Default,50 Percent by 2050,ammonia,2030,56.07698
h2r2b2n1c1p2,Green (Default cost),Advanced cost,Constrained,Default,Default,50 Percent by 2050,ammonia,2040,48.94932
h2r2b2n1c1p2,Green (Default cost),Advanced cost,Constrained,Default,Default,50 Percent by 2050,ammonia,2050,43.95536
h2r2b2n1c1p2,Green (Default cost),Advanced cost,Constrained,Default,Default,50 Percent by 2050,e-diesel,2030,92.72722
h2r2b2n1c1p2,Green (Default cost),Advanced cost,Constrained,Default,Default,50 Percent by 2050,e-diesel,2040,87.77468
h2r2b2n1c1p2,Green (Default cost),Advanced cost,Constrained,Default,Default,50 Percent by 2050,e-diesel,2050,82.88218
h2r2b2n1c1p2,Green (Default cost),Advanced cost,Constrained,Default,Default,50 Percent by 2050,electricity,2030,41.28548
h2r2b2n1c1p2,Green (Default cost),Advanced cost,Constrained,Default,Default,50 Percent by 2050,electricity,2040,43.92534
h2r2b2n1c1p2,Green (Default cost),Advanced cost,Constrained,Default,Default,50 Percent by 2050,electricity,2050,43.71368
h2r2b2n1c1p2,Green (Default cost),Advanced cost,Constrained,Default,Default,50 Percent by 2050,hydrogen,2030,NA
h2r2b2n1c1p2,Green (Default cost),Advanced cost,Constrained,Default,Default,50 Percent by 2050,hydrogen,2040,NA
h2r2b2n1c1p2,Green (Default cost),Advanced cost,Constrained,Default,Default,50 Percent by 2050,hydrogen,2050,NA
h2r2b2n1c1p2,Green (Default cost),Advanced cost,Constrained,Default,Default,50 Percent by 2050,petroleum diesel,2030,30.42877
h2r2b2n1c1p2,Green (Default cost),Advanced cost,Constrained,Default,Default,50 Percent by 2050,petroleum diesel,2040,31.80273
h2r2b2n1c1p2,Green (Default cost),Advanced cost,Constrained,Default,Default,50 Percent by 2050,petroleum diesel,2050,31.59263
h2r2b2n1c1p2,Green (Default cost),Advanced cost,Constrained,Default,Default,50 Percent by 2050,renewable diesel,2030,55.03046
h2r2b2n1c1p2,Green (Default cost),Advanced cost,Constrained,Default,Default,50 Percent by 2050,renewable diesel,2040,45.64408
h2r2b2n1c1p2,Green (Default cost),Advanced cost,Constrained,Default,Default,50 Percent by 2050,renewable diesel,2050,48.19806
h2r2b2n1c1p3,Green (Default cost),Advanced cost,Constrained,Default,Default,Net Zero by 2050,FT biofuels,2030,27.0245
h2r2b2n1c1p3,Green (Default cost),Advanced cost,Constrained,Default,Default,Net Zero by 2050,FT biofuels,2040,25.51681
h2r2b2n1c1p3,Green (Default cost),Advanced cost,Constrained,Default,Default,Net Zero by 2050,FT biofuels,2050,20.6302
h2r2b2n1c1p3,Green (Default cost),Advanced cost,Constrained,Default,Default,Net Zero by 2050,FT biofuels CCS,2030,21.6156
h2r2b2n1c1p3,Green (Default cost),Advanced cost,Constrained,Default,Default,Net Zero by 2050,FT biofuels CCS,2040,17.22407
h2r2b2n1c1p3,Green (Default cost),Advanced cost,Constrained,Default,Default,Net Zero by 2050,FT biofuels CCS,2050,6.60537
h2r2b2n1c1p3,Green (Default cost),Advanced cost,Constrained,Default,Default,Net Zero by 2050,LNG,2030,21.26203
h2r2b2n1c1p3,Green (Default cost),Advanced cost,Constrained,Default,Default,Net Zero by 2050,LNG,2040,24.90679
h2r2b2n1c1p3,Green (Default cost),Advanced cost,Constrained,Default,Default,Net Zero by 2050,LNG,2050,32.41561
h2r2b2n1c1p3,Green (Default cost),Advanced cost,Constrained,Default,Default,Net Zero by 2050,ammonia,2030,56.71918
h2r2b2n1c1p3,Green (Default cost),Advanced cost,Constrained,Default,Default,Net Zero by 2050,ammonia,2040,49.1739
h2r2b2n1c1p3,Green (Default cost),Advanced cost,Constrained,Default,Default,Net Zero by 2050,ammonia,2050,43.97816
h2r2b2n1c1p3,Green (Default cost),Advanced cost,Constrained,Default,Default,Net Zero by 2050,e-diesel,2030,93.26948
h2r2b2n1c1p3,Green (Default cost),Advanced cost,Constrained,Default,Default,Net Zero by 2050,e-diesel,2040,86.79124
h2r2b2n1c1p3,Green (Default cost),Advanced cost,Constrained,Default,Default,Net Zero by 2050,e-diesel,2050,77.89316
h2r2b2n1c1p3,Green (Default cost),Advanced cost,Constrained,Default,Default,Net Zero by 2050,electricity,2030,45.6494
h2r2b2n1c1p3,Green (Default cost),Advanced cost,Constrained,Default,Default,Net Zero by 2050,electricity,2040,46.6526
h2r2b2n1c1p3,Green (Default cost),Advanced cost,Constrained,Default,Default,Net Zero by 2050,electricity,2050,45.47992
h2r2b2n1c1p3,Green (Default cost),Advanced cost,Constrained,Default,Default,Net Zero by 2050,hydrogen,2030,NA
h2r2b2n1c1p3,Green (Default cost),Advanced cost,Constrained,Default,Default,Net Zero by 2050,hydrogen,2040,NA
h2r2b2n1c1p3,Green (Default cost),Advanced cost,Constrained,Default,Default,Net Zero by 2050,hydrogen,2050,NA
h2r2b2n1c1p3,Green (Default cost),Advanced cost,Constrained,Default,Default,Net Zero by 2050,petroleum diesel,2030,35.62565
h2r2b2n1c1p3,Green (Default cost),Advanced cost,Constrained,Default,Default,Net Zero by 2050,petroleum diesel,2040,35.74488
h2r2b2n1c1p3,Green (Default cost),Advanced cost,Constrained,Default,Default,Net Zero by 2050,petroleum diesel,2050,38.42492
h2r2b2n1c1p3,Green (Default cost),Advanced cost,Constrained,Default,Default,Net Zero by 2050,renewable diesel,2030,52.08014
h2r2b2n1c1p3,Green (Default cost),Advanced cost,Constrained,Default,Default,Net Zero by 2050,renewable diesel,2040,47.66264
h2r2b2n1c1p3,Green (Default cost),Advanced cost,Constrained,Default,Default,Net Zero by 2050,renewable diesel,2050,45.24926
h2r2b2n1c2p1,Green (Default cost),Advanced cost,Constrained,Default,Constrained,No policy,FT biofuels,2030,32.18798
h2r2b2n1c2p1,Green (Default cost),Advanced cost,Constrained,Default,Constrained,No policy,FT biofuels,2040,31.8003
h2r2b2n1c2p1,Green (Default cost),Advanced cost,Constrained,Default,Constrained,No policy,FT biofuels,2050,31.29555
h2r2b2n1c2p1,Green (Default cost),Advanced cost,Constrained,Default,Constrained,No policy,FT biofuels CCS,2030,36.29213
h2r2b2n1c2p1,Green (Default cost),Advanced cost,Constrained,Default,Constrained,No policy,FT biofuels CCS,2040,36.62284
h2r2b2n1c2p1,Green (Default cost),Advanced cost,Constrained,Default,Constrained,No policy,FT biofuels CCS,2050,37.41318
h2r2b2n1c2p1,Green (Default cost),Advanced cost,Constrained,Default,Constrained,No policy,LNG,2030,10.77425
h2r2b2n1c2p1,Green (Default cost),Advanced cost,Constrained,Default,Constrained,No policy,LNG,2040,10.50723
h2r2b2n1c2p1,Green (Default cost),Advanced cost,Constrained,Default,Constrained,No policy,LNG,2050,11.06818
h2r2b2n1c2p1,Green (Default cost),Advanced cost,Constrained,Default,Constrained,No policy,ammonia,2030,55.48266
h2r2b2n1c2p1,Green (Default cost),Advanced cost,Constrained,Default,Constrained,No policy,ammonia,2040,48.32422
h2r2b2n1c2p1,Green (Default cost),Advanced cost,Constrained,Default,Constrained,No policy,ammonia,2050,43.66922
h2r2b2n1c2p1,Green (Default cost),Advanced cost,Constrained,Default,Constrained,No policy,e-diesel,2030,91.97292
h2r2b2n1c2p1,Green (Default cost),Advanced cost,Constrained,Default,Constrained,No policy,e-diesel,2040,86.27368
h2r2b2n1c2p1,Green (Default cost),Advanced cost,Constrained,Default,Constrained,No policy,e-diesel,2050,82.29584
h2r2b2n1c2p1,Green (Default cost),Advanced cost,Constrained,Default,Constrained,No policy,electricity,2030,38.85994
h2r2b2n1c2p1,Green (Default cost),Advanced cost,Constrained,Default,Constrained,No policy,electricity,2040,38.2717
h2r2b2n1c2p1,Green (Default cost),Advanced cost,Constrained,Default,Constrained,No policy,electricity,2050,37.51584
h2r2b2n1c2p1,Green (Default cost),Advanced cost,Constrained,Default,Constrained,No policy,hydrogen,2030,NA
h2r2b2n1c2p1,Green (Default cost),Advanced cost,Constrained,Default,Constrained,No policy,hydrogen,2040,NA
h2r2b2n1c2p1,Green (Default cost),Advanced cost,Constrained,Default,Constrained,No policy,hydrogen,2050,NA
h2r2b2n1c2p1,Green (Default cost),Advanced cost,Constrained,Default,Constrained,No policy,petroleum diesel,2030,28.23776
h2r2b2n1c2p1,Green (Default cost),Advanced cost,Constrained,Default,Constrained,No policy,petroleum diesel,2040,27.22487
h2r2b2n1c2p1,Green (Default cost),Advanced cost,Constrained,Default,Constrained,No policy,petroleum diesel,2050,26.58446
h2r2b2n1c2p1,Green (Default cost),Advanced cost,Constrained,Default,Constrained,No policy,renewable diesel,2030,56.55844
h2r2b2n1c2p1,Green (Default cost),Advanced cost,Constrained,Default,Constrained,No policy,renewable diesel,2040,49.29664
h2r2b2n1c2p1,Green (Default cost),Advanced cost,Constrained,Default,Constrained,No policy,renewable diesel,2050,50.12998
h2r2b2n1c2p2,Green (Default cost),Advanced cost,Constrained,Default,Constrained,50 Percent by 2050,FT biofuels,2030,31.53134
h2r2b2n1c2p2,Green (Default cost),Advanced cost,Constrained,Default,Constrained,50 Percent by 2050,FT biofuels,2040,29.12252
h2r2b2n1c2p2,Green (Default cost),Advanced cost,Constrained,Default,Constrained,50 Percent by 2050,FT biofuels,2050,29.69559
h2r2b2n1c2p2,Green (Default cost),Advanced cost,Constrained,Default,Constrained,50 Percent by 2050,FT biofuels CCS,2030,32.84261
h2r2b2n1c2p2,Green (Default cost),Advanced cost,Constrained,Default,Constrained,50 Percent by 2050,FT biofuels CCS,2040,27.69883
h2r2b2n1c2p2,Green (Default cost),Advanced cost,Constrained,Default,Constrained,50 Percent by 2050,FT biofuels CCS,2050,28.88711
h2r2b2n1c2p2,Green (Default cost),Advanced cost,Constrained,Default,Constrained,50 Percent by 2050,LNG,2030,14.09718
h2r2b2n1c2p2,Green (Default cost),Advanced cost,Constrained,Default,Constrained,50 Percent by 2050,LNG,2040,18.96017
h2r2b2n1c2p2,Green (Default cost),Advanced cost,Constrained,Default,Constrained,50 Percent by 2050,LNG,2050,23.00763
h2r2b2n1c2p2,Green (Default cost),Advanced cost,Constrained,Default,Constrained,50 Percent by 2050,ammonia,2030,56.11802
h2r2b2n1c2p2,Green (Default cost),Advanced cost,Constrained,Default,Constrained,50 Percent by 2050,ammonia,2040,49.03102
h2r2b2n1c2p2,Green (Default cost),Advanced cost,Constrained,Default,Constrained,50 Percent by 2050,ammonia,2050,44.01236
h2r2b2n1c2p2,Green (Default cost),Advanced cost,Constrained,Default,Constrained,50 Percent by 2050,e-diesel,2030,92.71696
h2r2b2n1c2p2,Green (Default cost),Advanced cost,Constrained,Default,Constrained,50 Percent by 2050,e-diesel,2040,87.761
h2r2b2n1c2p2,Green (Default cost),Advanced cost,Constrained,Default,Constrained,50 Percent by 2050,e-diesel,2050,82.7127
h2r2b2n1c2p2,Green (Default cost),Advanced cost,Constrained,Default,Constrained,50 Percent by 2050,electricity,2030,41.34514
h2r2b2n1c2p2,Green (Default cost),Advanced cost,Constrained,Default,Constrained,50 Percent by 2050,electricity,2040,44.25898
h2r2b2n1c2p2,Green (Default cost),Advanced cost,Constrained,Default,Constrained,50 Percent by 2050,electricity,2050,44.498
h2r2b2n1c2p2,Green (Default cost),Advanced cost,Constrained,Default,Constrained,50 Percent by 2050,hydrogen,2030,NA
h2r2b2n1c2p2,Green (Default cost),Advanced cost,Constrained,Default,Constrained,50 Percent by 2050,hydrogen,2040,NA
h2r2b2n1c2p2,Green (Default cost),Advanced cost,Constrained,Default,Constrained,50 Percent by 2050,hydrogen,2050,NA
h2r2b2n1c2p2,Green (Default cost),Advanced cost,Constrained,Default,Constrained,50 Percent by 2050,petroleum diesel,2030,30.52223
h2r2b2n1c2p2,Green (Default cost),Advanced cost,Constrained,Default,Constrained,50 Percent by 2050,petroleum diesel,2040,32.21582
h2r2b2n1c2p2,Green (Default cost),Advanced cost,Constrained,Default,Constrained,50 Percent by 2050,petroleum diesel,2050,32.63189
h2r2b2n1c2p2,Green (Default cost),Advanced cost,Constrained,Default,Constrained,50 Percent by 2050,renewable diesel,2030,54.96586
h2r2b2n1c2p2,Green (Default cost),Advanced cost,Constrained,Default,Constrained,50 Percent by 2050,renewable diesel,2040,45.35338
h2r2b2n1c2p2,Green (Default cost),Advanced cost,Constrained,Default,Constrained,50 Percent by 2050,renewable diesel,2050,47.75954
h2r2b2n1c2p3,Green (Default cost),Advanced cost,Constrained,Default,Constrained,Net Zero by 2050,FT biofuels,2030,26.575
h2r2b2n1c2p3,Green (Default cost),Advanced cost,Constrained,Default,Constrained,Net Zero by 2050,FT biofuels,2040,23.10734
h2r2b2n1c2p3,Green (Default cost),Advanced cost,Constrained,Default,Constrained,Net Zero by 2050,FT biofuels,2050,10.61507
h2r2b2n1c2p3,Green (Default cost),Advanced cost,Constrained,Default,Constrained,Net Zero by 2050,FT biofuels CCS,2030,22.18464
h2r2b2n1c2p3,Green (Default cost),Advanced cost,Constrained,Default,Constrained,Net Zero by 2050,FT biofuels CCS,2040,17.82693
h2r2b2n1c2p3,Green (Default cost),Advanced cost,Constrained,Default,Constrained,Net Zero by 2050,FT biofuels CCS,2050,17.93182
h2r2b2n1c2p3,Green (Default cost),Advanced cost,Constrained,Default,Constrained,Net Zero by 2050,LNG,2030,21.71956
h2r2b2n1c2p3,Green (Default cost),Advanced cost,Constrained,Default,Constrained,Net Zero by 2050,LNG,2040,28.12389
h2r2b2n1c2p3,Green (Default cost),Advanced cost,Constrained,Default,Constrained,Net Zero by 2050,LNG,2050,47.95124
h2r2b2n1c2p3,Green (Default cost),Advanced cost,Constrained,Default,Constrained,Net Zero by 2050,ammonia,2030,56.78492
h2r2b2n1c2p3,Green (Default cost),Advanced cost,Constrained,Default,Constrained,Net Zero by 2050,ammonia,2040,49.38328
h2r2b2n1c2p3,Green (Default cost),Advanced cost,Constrained,Default,Constrained,Net Zero by 2050,ammonia,2050,44.3156
h2r2b2n1c2p3,Green (Default cost),Advanced cost,Constrained,Default,Constrained,Net Zero by 2050,e-diesel,2030,93.3584
h2r2b2n1c2p3,Green (Default cost),Advanced cost,Constrained,Default,Constrained,Net Zero by 2050,e-diesel,2040,86.66546
h2r2b2n1c2p3,Green (Default cost),Advanced cost,Constrained,Default,Constrained,Net Zero by 2050,e-diesel,2050,70.07846
h2r2b2n1c2p3,Green (Default cost),Advanced cost,Constrained,Default,Constrained,Net Zero by 2050,electricity,2030,45.96898
h2r2b2n1c2p3,Green (Default cost),Advanced cost,Constrained,Default,Constrained,Net Zero by 2050,electricity,2040,48.28356
h2r2b2n1c2p3,Green (Default cost),Advanced cost,Constrained,Default,Constrained,Net Zero by 2050,electricity,2050,47.20322
h2r2b2n1c2p3,Green (Default cost),Advanced cost,Constrained,Default,Constrained,Net Zero by 2050,hydrogen,2030,NA
h2r2b2n1c2p3,Green (Default cost),Advanced cost,Constrained,Default,Constrained,Net Zero by 2050,hydrogen,2040,NA
h2r2b2n1c2p3,Green (Default cost),Advanced cost,Constrained,Default,Constrained,Net Zero by 2050,hydrogen,2050,NA
h2r2b2n1c2p3,Green (Default cost),Advanced cost,Constrained,Default,Constrained,Net Zero by 2050,petroleum diesel,2030,35.99881
h2r2b2n1c2p3,Green (Default cost),Advanced cost,Constrained,Default,Constrained,Net Zero by 2050,petroleum diesel,2040,38.17151
h2r2b2n1c2p3,Green (Default cost),Advanced cost,Constrained,Default,Constrained,Net Zero by 2050,petroleum diesel,2050,48.2662
h2r2b2n1c2p3,Green (Default cost),Advanced cost,Constrained,Default,Constrained,Net Zero by 2050,renewable diesel,2030,51.6439
h2r2b2n1c2p3,Green (Default cost),Advanced cost,Constrained,Default,Constrained,Net Zero by 2050,renewable diesel,2040,46.17646
h2r2b2n1c2p3,Green (Default cost),Advanced cost,Constrained,Default,Constrained,Net Zero by 2050,renewable diesel,2050,43.26642
h2r2b2n2c1p1,Green (Default cost),Advanced cost,Constrained,Advanced cost,Default,No policy,FT biofuels,2030,32.20975
h2r2b2n2c1p1,Green (Default cost),Advanced cost,Constrained,Advanced cost,Default,No policy,FT biofuels,2040,31.77442
h2r2b2n2c1p1,Green (Default cost),Advanced cost,Constrained,Advanced cost,Default,No policy,FT biofuels,2050,31.35228
h2r2b2n2c1p1,Green (Default cost),Advanced cost,Constrained,Advanced cost,Default,No policy,FT biofuels CCS,2030,35.9115
h2r2b2n2c1p1,Green (Default cost),Advanced cost,Constrained,Advanced cost,Default,No policy,FT biofuels CCS,2040,35.3552
h2r2b2n2c1p1,Green (Default cost),Advanced cost,Constrained,Advanced cost,Default,No policy,FT biofuels CCS,2050,34.97737
h2r2b2n2c1p1,Green (Default cost),Advanced cost,Constrained,Advanced cost,Default,No policy,LNG,2030,10.76388
h2r2b2n2c1p1,Green (Default cost),Advanced cost,Constrained,Advanced cost,Default,No policy,LNG,2040,10.38624
h2r2b2n2c1p1,Green (Default cost),Advanced cost,Constrained,Advanced cost,Default,No policy,LNG,2050,10.90862
h2r2b2n2c1p1,Green (Default cost),Advanced cost,Constrained,Advanced cost,Default,No policy,ammonia,2030,55.44504
h2r2b2n2c1p1,Green (Default cost),Advanced cost,Constrained,Advanced cost,Default,No policy,ammonia,2040,48.26076
h2r2b2n2c1p1,Green (Default cost),Advanced cost,Constrained,Advanced cost,Default,No policy,ammonia,2050,43.57004
h2r2b2n2c1p1,Green (Default cost),Advanced cost,Constrained,Advanced cost,Default,No policy,e-diesel,2030,92.27084
h2r2b2n2c1p1,Green (Default cost),Advanced cost,Constrained,Advanced cost,Default,No policy,e-diesel,2040,84.17076
h2r2b2n2c1p1,Green (Default cost),Advanced cost,Constrained,Advanced cost,Default,No policy,e-diesel,2050,80.42852
h2r2b2n2c1p1,Green (Default cost),Advanced cost,Constrained,Advanced cost,Default,No policy,electricity,2030,39.159
h2r2b2n2c1p1,Green (Default cost),Advanced cost,Constrained,Advanced cost,Default,No policy,electricity,2040,36.45686
h2r2b2n2c1p1,Green (Default cost),Advanced cost,Constrained,Advanced cost,Default,No policy,electricity,2050,35.95313
h2r2b2n2c1p1,Green (Default cost),Advanced cost,Constrained,Advanced cost,Default,No policy,hydrogen,2030,NA
h2r2b2n2c1p1,Green (Default cost),Advanced cost,Constrained,Advanced cost,Default,No policy,hydrogen,2040,NA
h2r2b2n2c1p1,Green (Default cost),Advanced cost,Constrained,Advanced cost,Default,No policy,hydrogen,2050,NA
h2r2b2n2c1p1,Green (Default cost),Advanced cost,Constrained,Advanced cost,Default,No policy,petroleum diesel,2030,28.23582
h2r2b2n2c1p1,Green (Default cost),Advanced cost,Constrained,Advanced cost,Default,No policy,petroleum diesel,2040,27.02161
h2r2b2n2c1p1,Green (Default cost),Advanced cost,Constrained,Advanced cost,Default,No policy,petroleum diesel,2050,26.2922
h2r2b2n2c1p1,Green (Default cost),Advanced cost,Constrained,Advanced cost,Default,No policy,renewable diesel,2030,56.55312
h2r2b2n2c1p1,Green (Default cost),Advanced cost,Constrained,Advanced cost,Default,No policy,renewable diesel,2040,48.99416
h2r2b2n2c1p1,Green (Default cost),Advanced cost,Constrained,Advanced cost,Default,No policy,renewable diesel,2050,49.43078
h2r2b2n2c1p2,Green (Default cost),Advanced cost,Constrained,Advanced cost,Default,50 Percent by 2050,FT biofuels,2030,31.99076
h2r2b2n2c1p2,Green (Default cost),Advanced cost,Constrained,Advanced cost,Default,50 Percent by 2050,FT biofuels,2040,30.35516
h2r2b2n2c1p2,Green (Default cost),Advanced cost,Constrained,Advanced cost,Default,50 Percent by 2050,FT biofuels,2050,31.36668
h2r2b2n2c1p2,Green (Default cost),Advanced cost,Constrained,Advanced cost,Default,50 Percent by 2050,FT biofuels CCS,2030,33.34763
h2r2b2n2c1p2,Green (Default cost),Advanced cost,Constrained,Advanced cost,Default,50 Percent by 2050,FT biofuels CCS,2040,29.13458
h2r2b2n2c1p2,Green (Default cost),Advanced cost,Constrained,Advanced cost,Default,50 Percent by 2050,FT biofuels CCS,2050,28.26871
h2r2b2n2c1p2,Green (Default cost),Advanced cost,Constrained,Advanced cost,Default,50 Percent by 2050,LNG,2030,13.50001
h2r2b2n2c1p2,Green (Default cost),Advanced cost,Constrained,Advanced cost,Default,50 Percent by 2050,LNG,2040,16.0168
h2r2b2n2c1p2,Green (Default cost),Advanced cost,Constrained,Advanced cost,Default,50 Percent by 2050,LNG,2050,19.17035
h2r2b2n2c1p2,Green (Default cost),Advanced cost,Constrained,Advanced cost,Default,50 Percent by 2050,ammonia,2030,55.98084
h2r2b2n2c1p2,Green (Default cost),Advanced cost,Constrained,Advanced cost,Default,50 Percent by 2050,ammonia,2040,48.73234
h2r2b2n2c1p2,Green (Default cost),Advanced cost,Constrained,Advanced cost,Default,50 Percent by 2050,ammonia,2050,43.79728
h2r2b2n2c1p2,Green (Default cost),Advanced cost,Constrained,Advanced cost,Default,50 Percent by 2050,e-diesel,2030,92.81386
h2r2b2n2c1p2,Green (Default cost),Advanced cost,Constrained,Advanced cost,Default,50 Percent by 2050,e-diesel,2040,83.1231
h2r2b2n2c1p2,Green (Default cost),Advanced cost,Constrained,Advanced cost,Default,50 Percent by 2050,e-diesel,2050,78.36436
h2r2b2n2c1p2,Green (Default cost),Advanced cost,Constrained,Advanced cost,Default,50 Percent by 2050,electricity,2030,41.14526
h2r2b2n2c1p2,Green (Default cost),Advanced cost,Constrained,Advanced cost,Default,50 Percent by 2050,electricity,2040,38.68096
h2r2b2n2c1p2,Green (Default cost),Advanced cost,Constrained,Advanced cost,Default,50 Percent by 2050,electricity,2050,38.75962
h2r2b2n2c1p2,Green (Default cost),Advanced cost,Constrained,Advanced cost,Default,50 Percent by 2050,hydrogen,2030,NA
h2r2b2n2c1p2,Green (Default cost),Advanced cost,Constrained,Advanced cost,Default,50 Percent by 2050,hydrogen,2040,NA
h2r2b2n2c1p2,Green (Default cost),Advanced cost,Constrained,Advanced cost,Default,50 Percent by 2050,hydrogen,2050,NA
h2r2b2n2c1p2,Green (Default cost),Advanced cost,Constrained,Advanced cost,Default,50 Percent by 2050,petroleum diesel,2030,30.09428
h2r2b2n2c1p2,Green (Default cost),Advanced cost,Constrained,Advanced cost,Default,50 Percent by 2050,petroleum diesel,2040,30.16604
h2r2b2n2c1p2,Green (Default cost),Advanced cost,Constrained,Advanced cost,Default,50 Percent by 2050,petroleum diesel,2050,30.16379
h2r2b2n2c1p2,Green (Default cost),Advanced cost,Constrained,Advanced cost,Default,50 Percent by 2050,renewable diesel,2030,55.29304
h2r2b2n2c1p2,Green (Default cost),Advanced cost,Constrained,Advanced cost,Default,50 Percent by 2050,renewable diesel,2040,46.2441
h2r2b2n2c1p2,Green (Default cost),Advanced cost,Constrained,Advanced cost,Default,50 Percent by 2050,renewable diesel,2050,47.66112
h2r2b2n2c1p3,Green (Default cost),Advanced cost,Constrained,Advanced cost,Default,Net Zero by 2050,FT biofuels,2030,27.0557
h2r2b2n2c1p3,Green (Default cost),Advanced cost,Constrained,Advanced cost,Default,Net Zero by 2050,FT biofuels,2040,25.47167
h2r2b2n2c1p3,Green (Default cost),Advanced cost,Constrained,Advanced cost,Default,Net Zero by 2050,FT biofuels,2050,21.60444
h2r2b2n2c1p3,Green (Default cost),Advanced cost,Constrained,Advanced cost,Default,Net Zero by 2050,FT biofuels CCS,2030,21.81453
h2r2b2n2c1p3,Green (Default cost),Advanced cost,Constrained,Advanced cost,Default,Net Zero by 2050,FT biofuels CCS,2040,18.2539
h2r2b2n2c1p3,Green (Default cost),Advanced cost,Constrained,Advanced cost,Default,Net Zero by 2050,FT biofuels CCS,2050,9.18415
h2r2b2n2c1p3,Green (Default cost),Advanced cost,Constrained,Advanced cost,Default,Net Zero by 2050,LNG,2030,20.8278
h2r2b2n2c1p3,Green (Default cost),Advanced cost,Constrained,Advanced cost,Default,Net Zero by 2050,LNG,2040,23.33495
h2r2b2n2c1p3,Green (Default cost),Advanced cost,Constrained,Advanced cost,Default,Net Zero by 2050,LNG,2050,30.1348
h2r2b2n2c1p3,Green (Default cost),Advanced cost,Constrained,Advanced cost,Default,Net Zero by 2050,ammonia,2030,56.60746
h2r2b2n2c1p3,Green (Default cost),Advanced cost,Constrained,Advanced cost,Default,Net Zero by 2050,ammonia,2040,49.04204
h2r2b2n2c1p3,Green (Default cost),Advanced cost,Constrained,Advanced cost,Default,Net Zero by 2050,ammonia,2050,43.84706
h2r2b2n2c1p3,Green (Default cost),Advanced cost,Constrained,Advanced cost,Default,Net Zero by 2050,e-diesel,2030,92.6079
h2r2b2n2c1p3,Green (Default cost),Advanced cost,Constrained,Advanced cost,Default,Net Zero by 2050,e-diesel,2040,79.9919
h2r2b2n2c1p3,Green (Default cost),Advanced cost,Constrained,Advanced cost,Default,Net Zero by 2050,e-diesel,2050,72.25814
h2r2b2n2c1p3,Green (Default cost),Advanced cost,Constrained,Advanced cost,Default,Net Zero by 2050,electricity,2030,45.0034
h2r2b2n2c1p3,Green (Default cost),Advanced cost,Constrained,Advanced cost,Default,Net Zero by 2050,electricity,2040,39.92812
h2r2b2n2c1p3,Green (Default cost),Advanced cost,Constrained,Advanced cost,Default,Net Zero by 2050,electricity,2050,39.4972
h2r2b2n2c1p3,Green (Default cost),Advanced cost,Constrained,Advanced cost,Default,Net Zero by 2050,hydrogen,2030,NA
h2r2b2n2c1p3,Green (Default cost),Advanced cost,Constrained,Advanced cost,Default,Net Zero by 2050,hydrogen,2040,NA
h2r2b2n2c1p3,Green (Default cost),Advanced cost,Constrained,Advanced cost,Default,Net Zero by 2050,hydrogen,2050,NA
h2r2b2n2c1p3,Green (Default cost),Advanced cost,Constrained,Advanced cost,Default,Net Zero by 2050,petroleum diesel,2030,35.46336
h2r2b2n2c1p3,Green (Default cost),Advanced cost,Constrained,Advanced cost,Default,Net Zero by 2050,petroleum diesel,2040,35.05866
h2r2b2n2c1p3,Green (Default cost),Advanced cost,Constrained,Advanced cost,Default,Net Zero by 2050,petroleum diesel,2050,36.67761
h2r2b2n2c1p3,Green (Default cost),Advanced cost,Constrained,Advanced cost,Default,Net Zero by 2050,renewable diesel,2030,52.02238
h2r2b2n2c1p3,Green (Default cost),Advanced cost,Constrained,Advanced cost,Default,Net Zero by 2050,renewable diesel,2040,46.00508
h2r2b2n2c1p3,Green (Default cost),Advanced cost,Constrained,Advanced cost,Default,Net Zero by 2050,renewable diesel,2050,44.35664
h2r2b2n2c2p1,Green (Default cost),Advanced cost,Constrained,Advanced cost,Constrained,No policy,FT biofuels,2030,32.18155
h2r2b2n2c2p1,Green (Default cost),Advanced cost,Constrained,Advanced cost,Constrained,No policy,FT biofuels,2040,31.69656
h2r2b2n2c2p1,Green (Default cost),Advanced cost,Constrained,Advanced cost,Constrained,No policy,FT biofuels,2050,31.12382
h2r2b2n2c2p1,Green (Default cost),Advanced cost,Constrained,Advanced cost,Constrained,No policy,FT biofuels CCS,2030,36.2829
h2r2b2n2c2p1,Green (Default cost),Advanced cost,Constrained,Advanced cost,Constrained,No policy,FT biofuels CCS,2040,36.48689
h2r2b2n2c2p1,Green (Default cost),Advanced cost,Constrained,Advanced cost,Constrained,No policy,FT biofuels CCS,2050,37.16945
h2r2b2n2c2p1,Green (Default cost),Advanced cost,Constrained,Advanced cost,Constrained,No policy,LNG,2030,10.76396
h2r2b2n2c2p1,Green (Default cost),Advanced cost,Constrained,Advanced cost,Constrained,No policy,LNG,2040,10.38658
h2r2b2n2c2p1,Green (Default cost),Advanced cost,Constrained,Advanced cost,Constrained,No policy,LNG,2050,10.91056
h2r2b2n2c2p1,Green (Default cost),Advanced cost,Constrained,Advanced cost,Constrained,No policy,ammonia,2030,55.4458
h2r2b2n2c2p1,Green (Default cost),Advanced cost,Constrained,Advanced cost,Constrained,No policy,ammonia,2040,48.26152
h2r2b2n2c2p1,Green (Default cost),Advanced cost,Constrained,Advanced cost,Constrained,No policy,ammonia,2050,43.57232
h2r2b2n2c2p1,Green (Default cost),Advanced cost,Constrained,Advanced cost,Constrained,No policy,e-diesel,2030,92.26286
h2r2b2n2c2p1,Green (Default cost),Advanced cost,Constrained,Advanced cost,Constrained,No policy,e-diesel,2040,84.15632
h2r2b2n2c2p1,Green (Default cost),Advanced cost,Constrained,Advanced cost,Constrained,No policy,e-diesel,2050,80.40458
h2r2b2n2c2p1,Green (Default cost),Advanced cost,Constrained,Advanced cost,Constrained,No policy,electricity,2030,39.15178
h2r2b2n2c2p1,Green (Default cost),Advanced cost,Constrained,Advanced cost,Constrained,No policy,electricity,2040,36.44303
h2r2b2n2c2p1,Green (Default cost),Advanced cost,Constrained,Advanced cost,Constrained,No policy,electricity,2050,35.92968
h2r2b2n2c2p1,Green (Default cost),Advanced cost,Constrained,Advanced cost,Constrained,No policy,hydrogen,2030,NA
h2r2b2n2c2p1,Green (Default cost),Advanced cost,Constrained,Advanced cost,Constrained,No policy,hydrogen,2040,NA
h2r2b2n2c2p1,Green (Default cost),Advanced cost,Constrained,Advanced cost,Constrained,No policy,hydrogen,2050,NA
h2r2b2n2c2p1,Green (Default cost),Advanced cost,Constrained,Advanced cost,Constrained,No policy,petroleum diesel,2030,28.23867
h2r2b2n2c2p1,Green (Default cost),Advanced cost,Constrained,Advanced cost,Constrained,No policy,petroleum diesel,2040,27.06094
h2r2b2n2c2p1,Green (Default cost),Advanced cost,Constrained,Advanced cost,Constrained,No policy,petroleum diesel,2050,26.39982
h2r2b2n2c2p1,Green (Default cost),Advanced cost,Constrained,Advanced cost,Constrained,No policy,renewable diesel,2030,56.5687
h2r2b2n2c2p1,Green (Default cost),Advanced cost,Constrained,Advanced cost,Constrained,No policy,renewable diesel,2040,49.07548
h2r2b2n2c2p1,Green (Default cost),Advanced cost,Constrained,Advanced cost,Constrained,No policy,renewable diesel,2050,49.8085
h2r2b2n2c2p2,Green (Default cost),Advanced cost,Constrained,Advanced cost,Constrained,50 Percent by 2050,FT biofuels,2030,31.76918
h2r2b2n2c2p2,Green (Default cost),Advanced cost,Constrained,Advanced cost,Constrained,50 Percent by 2050,FT biofuels,2040,29.75803
h2r2b2n2c2p2,Green (Default cost),Advanced cost,Constrained,Advanced cost,Constrained,50 Percent by 2050,FT biofuels,2050,29.74898
h2r2b2n2c2p2,Green (Default cost),Advanced cost,Constrained,Advanced cost,Constrained,50 Percent by 2050,FT biofuels CCS,2030,33.47502
h2r2b2n2c2p2,Green (Default cost),Advanced cost,Constrained,Advanced cost,Constrained,50 Percent by 2050,FT biofuels CCS,2040,29.87368
h2r2b2n2c2p2,Green (Default cost),Advanced cost,Constrained,Advanced cost,Constrained,50 Percent by 2050,FT biofuels CCS,2050,29.8412
h2r2b2n2c2p2,Green (Default cost),Advanced cost,Constrained,Advanced cost,Constrained,50 Percent by 2050,LNG,2030,13.60705
h2r2b2n2c2p2,Green (Default cost),Advanced cost,Constrained,Advanced cost,Constrained,50 Percent by 2050,LNG,2040,16.42955
h2r2b2n2c2p2,Green (Default cost),Advanced cost,Constrained,Advanced cost,Constrained,50 Percent by 2050,LNG,2050,20.08541
h2r2b2n2c2p2,Green (Default cost),Advanced cost,Constrained,Advanced cost,Constrained,50 Percent by 2050,ammonia,2030,56.01922
h2r2b2n2c2p2,Green (Default cost),Advanced cost,Constrained,Advanced cost,Constrained,50 Percent by 2050,ammonia,2040,48.78896
h2r2b2n2c2p2,Green (Default cost),Advanced cost,Constrained,Advanced cost,Constrained,50 Percent by 2050,ammonia,2050,43.83148
h2r2b2n2c2p2,Green (Default cost),Advanced cost,Constrained,Advanced cost,Constrained,50 Percent by 2050,e-diesel,2030,92.80056
h2r2b2n2c2p2,Green (Default cost),Advanced cost,Constrained,Advanced cost,Constrained,50 Percent by 2050,e-diesel,2040,82.9863
h2r2b2n2c2p2,Green (Default cost),Advanced cost,Constrained,Advanced cost,Constrained,50 Percent by 2050,e-diesel,2050,78.03338
h2r2b2n2c2p2,Green (Default cost),Advanced cost,Constrained,Advanced cost,Constrained,50 Percent by 2050,electricity,2030,41.1977
h2r2b2n2c2p2,Green (Default cost),Advanced cost,Constrained,Advanced cost,Constrained,50 Percent by 2050,electricity,2040,38.79876
h2r2b2n2c2p2,Green (Default cost),Advanced cost,Constrained,Advanced cost,Constrained,50 Percent by 2050,electricity,2050,38.98724
h2r2b2n2c2p2,Green (Default cost),Advanced cost,Constrained,Advanced cost,Constrained,50 Percent by 2050,hydrogen,2030,NA
h2r2b2n2c2p2,Green (Default cost),Advanced cost,Constrained,Advanced cost,Constrained,50 Percent by 2050,hydrogen,2040,NA
h2r2b2n2c2p2,Green (Default cost),Advanced cost,Constrained,Advanced cost,Constrained,50 Percent by 2050,hydrogen,2050,NA
h2r2b2n2c2p2,Green (Default cost),Advanced cost,Constrained,Advanced cost,Constrained,50 Percent by 2050,petroleum diesel,2030,30.18066
h2r2b2n2c2p2,Green (Default cost),Advanced cost,Constrained,Advanced cost,Constrained,50 Percent by 2050,petroleum diesel,2040,30.45466
h2r2b2n2c2p2,Green (Default cost),Advanced cost,Constrained,Advanced cost,Constrained,50 Percent by 2050,petroleum diesel,2050,30.70969
h2r2b2n2c2p2,Green (Default cost),Advanced cost,Constrained,Advanced cost,Constrained,50 Percent by 2050,renewable diesel,2030,55.23148
h2r2b2n2c2p2,Green (Default cost),Advanced cost,Constrained,Advanced cost,Constrained,50 Percent by 2050,renewable diesel,2040,46.06132
h2r2b2n2c2p2,Green (Default cost),Advanced cost,Constrained,Advanced cost,Constrained,50 Percent by 2050,renewable diesel,2050,47.42514
h2r2b2n2c2p3,Green (Default cost),Advanced cost,Constrained,Advanced cost,Constrained,Net Zero by 2050,FT biofuels,2030,26.65723
h2r2b2n2c2p3,Green (Default cost),Advanced cost,Constrained,Advanced cost,Constrained,Net Zero by 2050,FT biofuels,2040,23.3898
h2r2b2n2c2p3,Green (Default cost),Advanced cost,Constrained,Advanced cost,Constrained,Net Zero by 2050,FT biofuels,2050,12.72688
h2r2b2n2c2p3,Green (Default cost),Advanced cost,Constrained,Advanced cost,Constrained,Net Zero by 2050,FT biofuels CCS,2030,22.40218
h2r2b2n2c2p3,Green (Default cost),Advanced cost,Constrained,Advanced cost,Constrained,Net Zero by 2050,FT biofuels CCS,2040,19.24616
h2r2b2n2c2p3,Green (Default cost),Advanced cost,Constrained,Advanced cost,Constrained,Net Zero by 2050,FT biofuels CCS,2050,17.20782
h2r2b2n2c2p3,Green (Default cost),Advanced cost,Constrained,Advanced cost,Constrained,Net Zero by 2050,LNG,2030,21.19507
h2r2b2n2c2p3,Green (Default cost),Advanced cost,Constrained,Advanced cost,Constrained,Net Zero by 2050,LNG,2040,25.55045
h2r2b2n2c2p3,Green (Default cost),Advanced cost,Constrained,Advanced cost,Constrained,Net Zero by 2050,LNG,2050,43.65351
h2r2b2n2c2p3,Green (Default cost),Advanced cost,Constrained,Advanced cost,Constrained,Net Zero by 2050,ammonia,2030,56.66066
h2r2b2n2c2p3,Green (Default cost),Advanced cost,Constrained,Advanced cost,Constrained,Net Zero by 2050,ammonia,2040,49.17998
h2r2b2n2c2p3,Green (Default cost),Advanced cost,Constrained,Advanced cost,Constrained,Net Zero by 2050,ammonia,2050,44.07886
h2r2b2n2c2p3,Green (Default cost),Advanced cost,Constrained,Advanced cost,Constrained,Net Zero by 2050,e-diesel,2030,92.62082
h2r2b2n2c2p3,Green (Default cost),Advanced cost,Constrained,Advanced cost,Constrained,Net Zero by 2050,e-diesel,2040,78.5498
h2r2b2n2c2p3,Green (Default cost),Advanced cost,Constrained,Advanced cost,Constrained,Net Zero by 2050,e-diesel,2050,63.72676
h2r2b2n2c2p3,Green (Default cost),Advanced cost,Constrained,Advanced cost,Constrained,Net Zero by 2050,electricity,2030,45.21506
h2r2b2n2c2p3,Green (Default cost),Advanced cost,Constrained,Advanced cost,Constrained,Net Zero by 2050,electricity,2040,39.99006
h2r2b2n2c2p3,Green (Default cost),Advanced cost,Constrained,Advanced cost,Constrained,Net Zero by 2050,electricity,2050,39.50594
h2r2b2n2c2p3,Green (Default cost),Advanced cost,Constrained,Advanced cost,Constrained,Net Zero by 2050,hydrogen,2030,NA
h2r2b2n2c2p3,Green (Default cost),Advanced cost,Constrained,Advanced cost,Constrained,Net Zero by 2050,hydrogen,2040,NA
h2r2b2n2c2p3,Green (Default cost),Advanced cost,Constrained,Advanced cost,Constrained,Net Zero by 2050,hydrogen,2050,NA
h2r2b2n2c2p3,Green (Default cost),Advanced cost,Constrained,Advanced cost,Constrained,Net Zero by 2050,petroleum diesel,2030,35.77665
h2r2b2n2c2p3,Green (Default cost),Advanced cost,Constrained,Advanced cost,Constrained,Net Zero by 2050,petroleum diesel,2040,36.96674
h2r2b2n2c2p3,Green (Default cost),Advanced cost,Constrained,Advanced cost,Constrained,Net Zero by 2050,petroleum diesel,2050,45.61784
h2r2b2n2c2p3,Green (Default cost),Advanced cost,Constrained,Advanced cost,Constrained,Net Zero by 2050,renewable diesel,2030,51.62642
h2r2b2n2c2p3,Green (Default cost),Advanced cost,Constrained,Advanced cost,Constrained,Net Zero by 2050,renewable diesel,2040,44.29964
h2r2b2n2c2p3,Green (Default cost),Advanced cost,Constrained,Advanced cost,Constrained,Net Zero by 2050,renewable diesel,2050,41.89306
h2r3b1n1c1p1,Green (Default cost),Constrained,Default,Default,Default,No policy,FT biofuels,2030,32.41959
h2r3b1n1c1p1,Green (Default cost),Constrained,Default,Default,Default,No policy,FT biofuels,2040,32.16958
h2r3b1n1c1p1,Green (Default cost),Constrained,Default,Default,Default,No policy,FT biofuels,2050,31.73198
h2r3b1n1c1p1,Green (Default cost),Constrained,Default,Default,Default,No policy,FT biofuels CCS,2030,36.1395
h2r3b1n1c1p1,Green (Default cost),Constrained,Default,Default,Default,No policy,FT biofuels CCS,2040,35.78837
h2r3b1n1c1p1,Green (Default cost),Constrained,Default,Default,Default,No policy,FT biofuels CCS,2050,35.41218
h2r3b1n1c1p1,Green (Default cost),Constrained,Default,Default,Default,No policy,LNG,2030,10.88229
h2r3b1n1c1p1,Green (Default cost),Constrained,Default,Default,Default,No policy,LNG,2040,10.65148
h2r3b1n1c1p1,Green (Default cost),Constrained,Default,Default,Default,No policy,LNG,2050,11.27996
h2r3b1n1c1p1,Green (Default cost),Constrained,Default,Default,Default,No policy,ammonia,2030,56.85712
h2r3b1n1c1p1,Green (Default cost),Constrained,Default,Default,Default,No policy,ammonia,2040,51.01652
h2r3b1n1c1p1,Green (Default cost),Constrained,Default,Default,Default,No policy,ammonia,2050,46.04004
h2r3b1n1c1p1,Green (Default cost),Constrained,Default,Default,Default,No policy,e-diesel,2030,96.53558
h2r3b1n1c1p1,Green (Default cost),Constrained,Default,Default,Default,No policy,e-diesel,2040,91.60546
h2r3b1n1c1p1,Green (Default cost),Constrained,Default,Default,Default,No policy,e-diesel,2050,87.8503
h2r3b1n1c1p1,Green (Default cost),Constrained,Default,Default,Default,No policy,electricity,2030,41.86422
h2r3b1n1c1p1,Green (Default cost),Constrained,Default,Default,Default,No policy,electricity,2040,40.9849
h2r3b1n1c1p1,Green (Default cost),Constrained,Default,Default,Default,No policy,electricity,2050,40.58096
h2r3b1n1c1p1,Green (Default cost),Constrained,Default,Default,Default,No policy,hydrogen,2030,NA
h2r3b1n1c1p1,Green (Default cost),Constrained,Default,Default,Default,No policy,hydrogen,2040,NA
h2r3b1n1c1p1,Green (Default cost),Constrained,Default,Default,Default,No policy,hydrogen,2050,NA
h2r3b1n1c1p1,Green (Default cost),Constrained,Default,Default,Default,No policy,petroleum diesel,2030,28.43635
h2r3b1n1c1p1,Green (Default cost),Constrained,Default,Default,Default,No policy,petroleum diesel,2040,27.61992
h2r3b1n1c1p1,Green (Default cost),Constrained,Default,Default,Default,No policy,petroleum diesel,2050,26.9702
h2r3b1n1c1p1,Green (Default cost),Constrained,Default,Default,Default,No policy,renewable diesel,2030,56.88714
h2r3b1n1c1p1,Green (Default cost),Constrained,Default,Default,Default,No policy,renewable diesel,2040,49.7553
h2r3b1n1c1p1,Green (Default cost),Constrained,Default,Default,Default,No policy,renewable diesel,2050,50.69542
h2r3b1n1c1p2,Green (Default cost),Constrained,Default,Default,Default,50 Percent by 2050,FT biofuels,2030,30.93861
h2r3b1n1c1p2,Green (Default cost),Constrained,Default,Default,Default,50 Percent by 2050,FT biofuels,2040,29.55879
h2r3b1n1c1p2,Green (Default cost),Constrained,Default,Default,Default,50 Percent by 2050,FT biofuels,2050,32.98924
h2r3b1n1c1p2,Green (Default cost),Constrained,Default,Default,Default,50 Percent by 2050,FT biofuels CCS,2030,29.92433
h2r3b1n1c1p2,Green (Default cost),Constrained,Default,Default,Default,50 Percent by 2050,FT biofuels CCS,2040,25.66277
h2r3b1n1c1p2,Green (Default cost),Constrained,Default,Default,Default,50 Percent by 2050,FT biofuels CCS,2050,26.69009
h2r3b1n1c1p2,Green (Default cost),Constrained,Default,Default,Default,50 Percent by 2050,LNG,2030,16.41583
h2r3b1n1c1p2,Green (Default cost),Constrained,Default,Default,Default,50 Percent by 2050,LNG,2040,19.73488
h2r3b1n1c1p2,Green (Default cost),Constrained,Default,Default,Default,50 Percent by 2050,LNG,2050,23.70203
h2r3b1n1c1p2,Green (Default cost),Constrained,Default,Default,Default,50 Percent by 2050,ammonia,2030,57.72048
h2r3b1n1c1p2,Green (Default cost),Constrained,Default,Default,Default,50 Percent by 2050,ammonia,2040,51.78412
h2r3b1n1c1p2,Green (Default cost),Constrained,Default,Default,Default,50 Percent by 2050,ammonia,2050,49.3088
h2r3b1n1c1p2,Green (Default cost),Constrained,Default,Default,Default,50 Percent by 2050,e-diesel,2030,98.79506
h2r3b1n1c1p2,Green (Default cost),Constrained,Default,Default,Default,50 Percent by 2050,e-diesel,2040,94.43342
h2r3b1n1c1p2,Green (Default cost),Constrained,Default,Default,Default,50 Percent by 2050,e-diesel,2050,95.03306
h2r3b1n1c1p2,Green (Default cost),Constrained,Default,Default,Default,50 Percent by 2050,electricity,2030,46.89466
h2r3b1n1c1p2,Green (Default cost),Constrained,Default,Default,Default,50 Percent by 2050,electricity,2040,48.45646
h2r3b1n1c1p2,Green (Default cost),Constrained,Default,Default,Default,50 Percent by 2050,electricity,2050,50.5742
h2r3b1n1c1p2,Green (Default cost),Constrained,Default,Default,Default,50 Percent by 2050,hydrogen,2030,NA
h2r3b1n1c1p2,Green (Default cost),Constrained,Default,Default,Default,50 Percent by 2050,hydrogen,2040,NA
h2r3b1n1c1p2,Green (Default cost),Constrained,Default,Default,Default,50 Percent by 2050,hydrogen,2050,NA
h2r3b1n1c1p2,Green (Default cost),Constrained,Default,Default,Default,50 Percent by 2050,petroleum diesel,2030,32.21788
h2r3b1n1c1p2,Green (Default cost),Constrained,Default,Default,Default,50 Percent by 2050,petroleum diesel,2040,32.99199
h2r3b1n1c1p2,Green (Default cost),Constrained,Default,Default,Default,50 Percent by 2050,petroleum diesel,2050,33.61501
h2r3b1n1c1p2,Green (Default cost),Constrained,Default,Default,Default,50 Percent by 2050,renewable diesel,2030,54.23512
h2r3b1n1c1p2,Green (Default cost),Constrained,Default,Default,Default,50 Percent by 2050,renewable diesel,2040,46.42688
h2r3b1n1c1p2,Green (Default cost),Constrained,Default,Default,Default,50 Percent by 2050,renewable diesel,2050,49.91186
h2r3b1n1c1p3,Green (Default cost),Constrained,Default,Default,Default,Net Zero by 2050,FT biofuels,2030,26.93687
h2r3b1n1c1p3,Green (Default cost),Constrained,Default,Default,Default,Net Zero by 2050,FT biofuels,2040,25.30329
h2r3b1n1c1p3,Green (Default cost),Constrained,Default,Default,Default,Net Zero by 2050,FT biofuels,2050,18.87388
h2r3b1n1c1p3,Green (Default cost),Constrained,Default,Default,Default,Net Zero by 2050,FT biofuels CCS,2030,20.72878
h2r3b1n1c1p3,Green (Default cost),Constrained,Default,Default,Default,Net Zero by 2050,FT biofuels CCS,2040,17.00615
h2r3b1n1c1p3,Green (Default cost),Constrained,Default,Default,Default,Net Zero by 2050,FT biofuels CCS,2050,2.65574
h2r3b1n1c1p3,Green (Default cost),Constrained,Default,Default,Default,Net Zero by 2050,LNG,2030,22.5108
h2r3b1n1c1p3,Green (Default cost),Constrained,Default,Default,Default,Net Zero by 2050,LNG,2040,25.05638
h2r3b1n1c1p3,Green (Default cost),Constrained,Default,Default,Default,Net Zero by 2050,LNG,2050,35.45545
h2r3b1n1c1p3,Green (Default cost),Constrained,Default,Default,Default,Net Zero by 2050,ammonia,2030,58.21676
h2r3b1n1c1p3,Green (Default cost),Constrained,Default,Default,Default,Net Zero by 2050,ammonia,2040,51.94942
h2r3b1n1c1p3,Green (Default cost),Constrained,Default,Default,Default,Net Zero by 2050,ammonia,2050,56.97948
h2r3b1n1c1p3,Green (Default cost),Constrained,Default,Default,Default,Net Zero by 2050,e-diesel,2030,98.48042
h2r3b1n1c1p3,Green (Default cost),Constrained,Default,Default,Default,Net Zero by 2050,e-diesel,2040,92.71582
h2r3b1n1c1p3,Green (Default cost),Constrained,Default,Default,Default,Net Zero by 2050,e-diesel,2050,NA
h2r3b1n1c1p3,Green (Default cost),Constrained,Default,Default,Default,Net Zero by 2050,electricity,2030,49.79026
h2r3b1n1c1p3,Green (Default cost),Constrained,Default,Default,Default,Net Zero by 2050,electricity,2040,49.84232
h2r3b1n1c1p3,Green (Default cost),Constrained,Default,Default,Default,Net Zero by 2050,electricity,2050,54.66642
h2r3b1n1c1p3,Green (Default cost),Constrained,Default,Default,Default,Net Zero by 2050,hydrogen,2030,NA
h2r3b1n1c1p3,Green (Default cost),Constrained,Default,Default,Default,Net Zero by 2050,hydrogen,2040,NA
h2r3b1n1c1p3,Green (Default cost),Constrained,Default,Default,Default,Net Zero by 2050,hydrogen,2050,NA
h2r3b1n1c1p3,Green (Default cost),Constrained,Default,Default,Default,Net Zero by 2050,petroleum diesel,2030,36.40455
h2r3b1n1c1p3,Green (Default cost),Constrained,Default,Default,Default,Net Zero by 2050,petroleum diesel,2040,35.8484
h2r3b1n1c1p3,Green (Default cost),Constrained,Default,Default,Default,Net Zero by 2050,petroleum diesel,2050,NA
h2r3b1n1c1p3,Green (Default cost),Constrained,Default,Default,Default,Net Zero by 2050,renewable diesel,2030,52.5008
h2r3b1n1c1p3,Green (Default cost),Constrained,Default,Default,Default,Net Zero by 2050,renewable diesel,2040,49.27346
h2r3b1n1c1p3,Green (Default cost),Constrained,Default,Default,Default,Net Zero by 2050,renewable diesel,2050,48.74944
h2r3b1n1c2p1,Green (Default cost),Constrained,Default,Default,Constrained,No policy,FT biofuels,2030,32.38964
h2r3b1n1c2p1,Green (Default cost),Constrained,Default,Default,Constrained,No policy,FT biofuels,2040,32.08572
h2r3b1n1c2p1,Green (Default cost),Constrained,Default,Default,Constrained,No policy,FT biofuels,2050,31.56675
h2r3b1n1c2p1,Green (Default cost),Constrained,Default,Default,Constrained,No policy,FT biofuels CCS,2030,36.51863
h2r3b1n1c2p1,Green (Default cost),Constrained,Default,Default,Constrained,No policy,FT biofuels CCS,2040,36.96998
h2r3b1n1c2p1,Green (Default cost),Constrained,Default,Default,Constrained,No policy,FT biofuels CCS,2050,37.81986
h2r3b1n1c2p1,Green (Default cost),Constrained,Default,Default,Constrained,No policy,LNG,2030,10.88236
h2r3b1n1c2p1,Green (Default cost),Constrained,Default,Default,Constrained,No policy,LNG,2040,10.65189
h2r3b1n1c2p1,Green (Default cost),Constrained,Default,Default,Constrained,No policy,LNG,2050,11.28258
h2r3b1n1c2p1,Green (Default cost),Constrained,Default,Default,Constrained,No policy,ammonia,2030,56.85788
h2r3b1n1c2p1,Green (Default cost),Constrained,Default,Default,Constrained,No policy,ammonia,2040,51.01766
h2r3b1n1c2p1,Green (Default cost),Constrained,Default,Default,Constrained,No policy,ammonia,2050,46.04232
h2r3b1n1c2p1,Green (Default cost),Constrained,Default,Default,Constrained,No policy,e-diesel,2030,96.52228
h2r3b1n1c2p1,Green (Default cost),Constrained,Default,Default,Constrained,No policy,e-diesel,2040,91.56518
h2r3b1n1c2p1,Green (Default cost),Constrained,Default,Default,Constrained,No policy,e-diesel,2050,87.78076
h2r3b1n1c2p1,Green (Default cost),Constrained,Default,Default,Constrained,No policy,electricity,2030,41.85244
h2r3b1n1c2p1,Green (Default cost),Constrained,Default,Default,Constrained,No policy,electricity,2040,40.94804
h2r3b1n1c2p1,Green (Default cost),Constrained,Default,Default,Constrained,No policy,electricity,2050,40.51712
h2r3b1n1c2p1,Green (Default cost),Constrained,Default,Default,Constrained,No policy,hydrogen,2030,NA
h2r3b1n1c2p1,Green (Default cost),Constrained,Default,Default,Constrained,No policy,hydrogen,2040,NA
h2r3b1n1c2p1,Green (Default cost),Constrained,Default,Default,Constrained,No policy,hydrogen,2050,NA
h2r3b1n1c2p1,Green (Default cost),Constrained,Default,Default,Constrained,No policy,petroleum diesel,2030,28.44023
h2r3b1n1c2p1,Green (Default cost),Constrained,Default,Default,Constrained,No policy,petroleum diesel,2040,27.65978
h2r3b1n1c2p1,Green (Default cost),Constrained,Default,Default,Constrained,No policy,petroleum diesel,2050,27.07777
h2r3b1n1c2p1,Green (Default cost),Constrained,Default,Default,Constrained,No policy,renewable diesel,2030,56.90196
h2r3b1n1c2p1,Green (Default cost),Constrained,Default,Default,Constrained,No policy,renewable diesel,2040,49.83814
h2r3b1n1c2p1,Green (Default cost),Constrained,Default,Default,Constrained,No policy,renewable diesel,2050,51.07618
h2r3b1n1c2p2,Green (Default cost),Constrained,Default,Default,Constrained,50 Percent by 2050,FT biofuels,2030,30.64274
h2r3b1n1c2p2,Green (Default cost),Constrained,Default,Default,Constrained,50 Percent by 2050,FT biofuels,2040,28.64201
h2r3b1n1c2p2,Green (Default cost),Constrained,Default,Default,Constrained,50 Percent by 2050,FT biofuels,2050,30.1869
h2r3b1n1c2p2,Green (Default cost),Constrained,Default,Default,Constrained,50 Percent by 2050,FT biofuels CCS,2030,30.05218
h2r3b1n1c2p2,Green (Default cost),Constrained,Default,Default,Constrained,50 Percent by 2050,FT biofuels CCS,2040,26.64405
h2r3b1n1c2p2,Green (Default cost),Constrained,Default,Default,Constrained,50 Percent by 2050,FT biofuels CCS,2050,26.69826
h2r3b1n1c2p2,Green (Default cost),Constrained,Default,Default,Constrained,50 Percent by 2050,LNG,2030,16.58905
h2r3b1n1c2p2,Green (Default cost),Constrained,Default,Default,Constrained,50 Percent by 2050,LNG,2040,20.68674
h2r3b1n1c2p2,Green (Default cost),Constrained,Default,Default,Constrained,50 Percent by 2050,LNG,2050,27.10231
h2r3b1n1c2p2,Green (Default cost),Constrained,Default,Default,Constrained,50 Percent by 2050,ammonia,2030,57.779
h2r3b1n1c2p2,Green (Default cost),Constrained,Default,Default,Constrained,50 Percent by 2050,ammonia,2040,51.90686
h2r3b1n1c2p2,Green (Default cost),Constrained,Default,Default,Constrained,50 Percent by 2050,ammonia,2050,52.77554
h2r3b1n1c2p2,Green (Default cost),Constrained,Default,Default,Constrained,50 Percent by 2050,e-diesel,2030,98.7962
h2r3b1n1c2p2,Green (Default cost),Constrained,Default,Default,Constrained,50 Percent by 2050,e-diesel,2040,94.51854
h2r3b1n1c2p2,Green (Default cost),Constrained,Default,Default,Constrained,50 Percent by 2050,e-diesel,2050,102.13412
h2r3b1n1c2p2,Green (Default cost),Constrained,Default,Default,Constrained,50 Percent by 2050,electricity,2030,46.99194
h2r3b1n1c2p2,Green (Default cost),Constrained,Default,Default,Constrained,50 Percent by 2050,electricity,2040,49.05078
h2r3b1n1c2p2,Green (Default cost),Constrained,Default,Default,Constrained,50 Percent by 2050,electricity,2050,54.36318
h2r3b1n1c2p2,Green (Default cost),Constrained,Default,Default,Constrained,50 Percent by 2050,hydrogen,2030,NA
h2r3b1n1c2p2,Green (Default cost),Constrained,Default,Default,Constrained,50 Percent by 2050,hydrogen,2040,NA
h2r3b1n1c2p2,Green (Default cost),Constrained,Default,Default,Constrained,50 Percent by 2050,hydrogen,2050,NA
h2r3b1n1c2p2,Green (Default cost),Constrained,Default,Default,Constrained,50 Percent by 2050,petroleum diesel,2030,32.35005
h2r3b1n1c2p2,Green (Default cost),Constrained,Default,Default,Constrained,50 Percent by 2050,petroleum diesel,2040,33.61654
h2r3b1n1c2p2,Green (Default cost),Constrained,Default,Default,Constrained,50 Percent by 2050,petroleum diesel,2050,35.7279
h2r3b1n1c2p2,Green (Default cost),Constrained,Default,Default,Constrained,50 Percent by 2050,renewable diesel,2030,54.14924
h2r3b1n1c2p2,Green (Default cost),Constrained,Default,Default,Constrained,50 Percent by 2050,renewable diesel,2040,45.87512
h2r3b1n1c2p2,Green (Default cost),Constrained,Default,Default,Constrained,50 Percent by 2050,renewable diesel,2050,49.70058
h2r3b1n1c2p3,Green (Default cost),Constrained,Default,Default,Constrained,Net Zero by 2050,FT biofuels,2030,26.30759
h2r3b1n1c2p3,Green (Default cost),Constrained,Default,Default,Constrained,Net Zero by 2050,FT biofuels,2040,22.00702
h2r3b1n1c2p3,Green (Default cost),Constrained,Default,Default,Constrained,Net Zero by 2050,FT biofuels,2050,8.42589
h2r3b1n1c2p3,Green (Default cost),Constrained,Default,Default,Constrained,Net Zero by 2050,FT biofuels CCS,2030,21.29577
h2r3b1n1c2p3,Green (Default cost),Constrained,Default,Default,Constrained,Net Zero by 2050,FT biofuels CCS,2040,17.93831
h2r3b1n1c2p3,Green (Default cost),Constrained,Default,Default,Constrained,Net Zero by 2050,FT biofuels CCS,2050,20.93286
h2r3b1n1c2p3,Green (Default cost),Constrained,Default,Default,Constrained,Net Zero by 2050,LNG,2030,23.22338
h2r3b1n1c2p3,Green (Default cost),Constrained,Default,Default,Constrained,Net Zero by 2050,LNG,2040,29.73108
h2r3b1n1c2p3,Green (Default cost),Constrained,Default,Default,Constrained,Net Zero by 2050,LNG,2050,53.03263
h2r3b1n1c2p3,Green (Default cost),Constrained,Default,Default,Constrained,Net Zero by 2050,ammonia,2030,58.318600000000004
h2r3b1n1c2p3,Green (Default cost),Constrained,Default,Default,Constrained,Net Zero by 2050,ammonia,2040,52.28914
h2r3b1n1c2p3,Green (Default cost),Constrained,Default,Default,Constrained,Net Zero by 2050,ammonia,2050,60.28206
h2r3b1n1c2p3,Green (Default cost),Constrained,Default,Default,Constrained,Net Zero by 2050,e-diesel,2030,98.60354
h2r3b1n1c2p3,Green (Default cost),Constrained,Default,Default,Constrained,Net Zero by 2050,e-diesel,2040,92.76294
h2r3b1n1c2p3,Green (Default cost),Constrained,Default,Default,Constrained,Net Zero by 2050,e-diesel,2050,116.97768
h2r3b1n1c2p3,Green (Default cost),Constrained,Default,Default,Constrained,Net Zero by 2050,electricity,2030,50.25842
h2r3b1n1c2p3,Green (Default cost),Constrained,Default,Default,Constrained,Net Zero by 2050,electricity,2040,52.38262
h2r3b1n1c2p3,Green (Default cost),Constrained,Default,Default,Constrained,Net Zero by 2050,electricity,2050,59.44568
h2r3b1n1c2p3,Green (Default cost),Constrained,Default,Default,Constrained,Net Zero by 2050,hydrogen,2030,NA
h2r3b1n1c2p3,Green (Default cost),Constrained,Default,Default,Constrained,Net Zero by 2050,hydrogen,2040,NA
h2r3b1n1c2p3,Green (Default cost),Constrained,Default,Default,Constrained,Net Zero by 2050,hydrogen,2050,NA
h2r3b1n1c2p3,Green (Default cost),Constrained,Default,Default,Constrained,Net Zero by 2050,petroleum diesel,2030,36.96066
h2r3b1n1c2p3,Green (Default cost),Constrained,Default,Default,Constrained,Net Zero by 2050,petroleum diesel,2040,39.36323
h2r3b1n1c2p3,Green (Default cost),Constrained,Default,Default,Constrained,Net Zero by 2050,petroleum diesel,2050,51.38061
h2r3b1n1c2p3,Green (Default cost),Constrained,Default,Default,Constrained,Net Zero by 2050,renewable diesel,2030,51.88558
h2r3b1n1c2p3,Green (Default cost),Constrained,Default,Default,Constrained,Net Zero by 2050,renewable diesel,2040,47.08542
h2r3b1n1c2p3,Green (Default cost),Constrained,Default,Default,Constrained,Net Zero by 2050,renewable diesel,2050,49.90882
h2r3b1n2c1p1,Green (Default cost),Constrained,Default,Advanced cost,Default,No policy,FT biofuels,2030,32.40921
h2r3b1n2c1p1,Green (Default cost),Constrained,Default,Advanced cost,Default,No policy,FT biofuels,2040,32.03035
h2r3b1n2c1p1,Green (Default cost),Constrained,Default,Advanced cost,Default,No policy,FT biofuels,2050,31.56337
h2r3b1n2c1p1,Green (Default cost),Constrained,Default,Advanced cost,Default,No policy,FT biofuels CCS,2030,36.12921
h2r3b1n2c1p1,Green (Default cost),Constrained,Default,Advanced cost,Default,No policy,FT biofuels CCS,2040,35.63085
h2r3b1n2c1p1,Green (Default cost),Constrained,Default,Advanced cost,Default,No policy,FT biofuels CCS,2050,35.21773
h2r3b1n2c1p1,Green (Default cost),Constrained,Default,Advanced cost,Default,No policy,LNG,2030,10.86694
h2r3b1n2c1p1,Green (Default cost),Constrained,Default,Advanced cost,Default,No policy,LNG,2040,10.50252
h2r3b1n2c1p1,Green (Default cost),Constrained,Default,Advanced cost,Default,No policy,LNG,2050,11.08281
h2r3b1n2c1p1,Green (Default cost),Constrained,Default,Advanced cost,Default,No policy,ammonia,2030,56.82482
h2r3b1n2c1p1,Green (Default cost),Constrained,Default,Advanced cost,Default,No policy,ammonia,2040,50.94622
h2r3b1n2c1p1,Green (Default cost),Constrained,Default,Advanced cost,Default,No policy,ammonia,2050,45.92908
h2r3b1n2c1p1,Green (Default cost),Constrained,Default,Advanced cost,Default,No policy,e-diesel,2030,96.76434
h2r3b1n2c1p1,Green (Default cost),Constrained,Default,Advanced cost,Default,No policy,e-diesel,2040,88.60916
h2r3b1n2c1p1,Green (Default cost),Constrained,Default,Advanced cost,Default,No policy,e-diesel,2050,85.25376
h2r3b1n2c1p1,Green (Default cost),Constrained,Default,Advanced cost,Default,No policy,electricity,2030,42.0964
h2r3b1n2c1p1,Green (Default cost),Constrained,Default,Advanced cost,Default,No policy,electricity,2040,38.38
h2r3b1n2c1p1,Green (Default cost),Constrained,Default,Advanced cost,Default,No policy,electricity,2050,38.38076
h2r3b1n2c1p1,Green (Default cost),Constrained,Default,Advanced cost,Default,No policy,hydrogen,2030,NA
h2r3b1n2c1p1,Green (Default cost),Constrained,Default,Advanced cost,Default,No policy,hydrogen,2040,NA
h2r3b1n2c1p1,Green (Default cost),Constrained,Default,Advanced cost,Default,No policy,hydrogen,2050,NA
h2r3b1n2c1p1,Green (Default cost),Constrained,Default,Advanced cost,Default,No policy,petroleum diesel,2030,28.43168
h2r3b1n2c1p1,Green (Default cost),Constrained,Default,Advanced cost,Default,No policy,petroleum diesel,2040,27.37866
h2r3b1n2c1p1,Green (Default cost),Constrained,Default,Advanced cost,Default,No policy,petroleum diesel,2050,26.71522
h2r3b1n2c1p1,Green (Default cost),Constrained,Default,Advanced cost,Default,No policy,renewable diesel,2030,56.89056
h2r3b1n2c1p1,Green (Default cost),Constrained,Default,Advanced cost,Default,No policy,renewable diesel,2040,49.45244
h2r3b1n2c1p1,Green (Default cost),Constrained,Default,Advanced cost,Default,No policy,renewable diesel,2050,50.26526
h2r3b1n2c1p2,Green (Default cost),Constrained,Default,Advanced cost,Default,50 Percent by 2050,FT biofuels,2030,31.20229
h2r3b1n2c1p2,Green (Default cost),Constrained,Default,Advanced cost,Default,50 Percent by 2050,FT biofuels,2040,30.16839
h2r3b1n2c1p2,Green (Default cost),Constrained,Default,Advanced cost,Default,50 Percent by 2050,FT biofuels,2050,32.00934
h2r3b1n2c1p2,Green (Default cost),Constrained,Default,Advanced cost,Default,50 Percent by 2050,FT biofuels CCS,2030,30.67992
h2r3b1n2c1p2,Green (Default cost),Constrained,Default,Advanced cost,Default,50 Percent by 2050,FT biofuels CCS,2040,28.27421
h2r3b1n2c1p2,Green (Default cost),Constrained,Default,Advanced cost,Default,50 Percent by 2050,FT biofuels CCS,2050,28.06977
h2r3b1n2c1p2,Green (Default cost),Constrained,Default,Advanced cost,Default,50 Percent by 2050,LNG,2030,15.81792
h2r3b1n2c1p2,Green (Default cost),Constrained,Default,Advanced cost,Default,50 Percent by 2050,LNG,2040,16.98982
h2r3b1n2c1p2,Green (Default cost),Constrained,Default,Advanced cost,Default,50 Percent by 2050,LNG,2050,20.39548
h2r3b1n2c1p2,Green (Default cost),Constrained,Default,Advanced cost,Default,50 Percent by 2050,ammonia,2030,57.6137
h2r3b1n2c1p2,Green (Default cost),Constrained,Default,Advanced cost,Default,50 Percent by 2050,ammonia,2040,51.50786
h2r3b1n2c1p2,Green (Default cost),Constrained,Default,Advanced cost,Default,50 Percent by 2050,ammonia,2050,46.20952
h2r3b1n2c1p2,Green (Default cost),Constrained,Default,Advanced cost,Default,50 Percent by 2050,e-diesel,2030,98.4504
h2r3b1n2c1p2,Green (Default cost),Constrained,Default,Advanced cost,Default,50 Percent by 2050,e-diesel,2040,87.67588
h2r3b1n2c1p2,Green (Default cost),Constrained,Default,Advanced cost,Default,50 Percent by 2050,e-diesel,2050,83.315
h2r3b1n2c1p2,Green (Default cost),Constrained,Default,Advanced cost,Default,50 Percent by 2050,electricity,2030,46.31098
h2r3b1n2c1p2,Green (Default cost),Constrained,Default,Advanced cost,Default,50 Percent by 2050,electricity,2040,41.1673
h2r3b1n2c1p2,Green (Default cost),Constrained,Default,Advanced cost,Default,50 Percent by 2050,electricity,2050,41.87258
h2r3b1n2c1p2,Green (Default cost),Constrained,Default,Advanced cost,Default,50 Percent by 2050,hydrogen,2030,NA
h2r3b1n2c1p2,Green (Default cost),Constrained,Default,Advanced cost,Default,50 Percent by 2050,hydrogen,2040,NA
h2r3b1n2c1p2,Green (Default cost),Constrained,Default,Advanced cost,Default,50 Percent by 2050,hydrogen,2050,NA
h2r3b1n2c1p2,Green (Default cost),Constrained,Default,Advanced cost,Default,50 Percent by 2050,petroleum diesel,2030,31.80112
h2r3b1n2c1p2,Green (Default cost),Constrained,Default,Advanced cost,Default,50 Percent by 2050,petroleum diesel,2040,31.02835
h2r3b1n2c1p2,Green (Default cost),Constrained,Default,Advanced cost,Default,50 Percent by 2050,petroleum diesel,2050,31.28823
h2r3b1n2c1p2,Green (Default cost),Constrained,Default,Advanced cost,Default,50 Percent by 2050,renewable diesel,2030,54.50606
h2r3b1n2c1p2,Green (Default cost),Constrained,Default,Advanced cost,Default,50 Percent by 2050,renewable diesel,2040,46.46982
h2r3b1n2c1p2,Green (Default cost),Constrained,Default,Advanced cost,Default,50 Percent by 2050,renewable diesel,2050,48.62518
h2r3b1n2c1p3,Green (Default cost),Constrained,Default,Advanced cost,Default,Net Zero by 2050,FT biofuels,2030,26.97099
h2r3b1n2c1p3,Green (Default cost),Constrained,Default,Advanced cost,Default,Net Zero by 2050,FT biofuels,2040,25.39627
h2r3b1n2c1p3,Green (Default cost),Constrained,Default,Advanced cost,Default,Net Zero by 2050,FT biofuels,2050,20.66733
h2r3b1n2c1p3,Green (Default cost),Constrained,Default,Advanced cost,Default,Net Zero by 2050,FT biofuels CCS,2030,20.97487
h2r3b1n2c1p3,Green (Default cost),Constrained,Default,Advanced cost,Default,Net Zero by 2050,FT biofuels CCS,2040,18.16905
h2r3b1n2c1p3,Green (Default cost),Constrained,Default,Advanced cost,Default,Net Zero by 2050,FT biofuels CCS,2050,7.72897
h2r3b1n2c1p3,Green (Default cost),Constrained,Default,Advanced cost,Default,Net Zero by 2050,LNG,2030,22.09348
h2r3b1n2c1p3,Green (Default cost),Constrained,Default,Advanced cost,Default,Net Zero by 2050,LNG,2040,23.44554
h2r3b1n2c1p3,Green (Default cost),Constrained,Default,Advanced cost,Default,Net Zero by 2050,LNG,2050,30.90854
h2r3b1n2c1p3,Green (Default cost),Constrained,Default,Advanced cost,Default,Net Zero by 2050,ammonia,2030,58.1134
h2r3b1n2c1p3,Green (Default cost),Constrained,Default,Advanced cost,Default,Net Zero by 2050,ammonia,2040,51.78336
h2r3b1n2c1p3,Green (Default cost),Constrained,Default,Advanced cost,Default,Net Zero by 2050,ammonia,2050,47.24616
h2r3b1n2c1p3,Green (Default cost),Constrained,Default,Advanced cost,Default,Net Zero by 2050,e-diesel,2030,97.50686
h2r3b1n2c1p3,Green (Default cost),Constrained,Default,Advanced cost,Default,Net Zero by 2050,e-diesel,2040,84.22092
h2r3b1n2c1p3,Green (Default cost),Constrained,Default,Advanced cost,Default,Net Zero by 2050,e-diesel,2050,78.42174
h2r3b1n2c1p3,Green (Default cost),Constrained,Default,Advanced cost,Default,Net Zero by 2050,electricity,2030,48.83152
h2r3b1n2c1p3,Green (Default cost),Constrained,Default,Advanced cost,Default,Net Zero by 2050,electricity,2040,41.6423
h2r3b1n2c1p3,Green (Default cost),Constrained,Default,Advanced cost,Default,Net Zero by 2050,electricity,2050,42.35062
h2r3b1n2c1p3,Green (Default cost),Constrained,Default,Advanced cost,Default,Net Zero by 2050,hydrogen,2030,NA
h2r3b1n2c1p3,Green (Default cost),Constrained,Default,Advanced cost,Default,Net Zero by 2050,hydrogen,2040,NA
h2r3b1n2c1p3,Green (Default cost),Constrained,Default,Advanced cost,Default,Net Zero by 2050,hydrogen,2050,NA
h2r3b1n2c1p3,Green (Default cost),Constrained,Default,Advanced cost,Default,Net Zero by 2050,petroleum diesel,2030,36.21007
h2r3b1n2c1p3,Green (Default cost),Constrained,Default,Advanced cost,Default,Net Zero by 2050,petroleum diesel,2040,35.22869
h2r3b1n2c1p3,Green (Default cost),Constrained,Default,Advanced cost,Default,Net Zero by 2050,petroleum diesel,2050,37.49941
h2r3b1n2c1p3,Green (Default cost),Constrained,Default,Advanced cost,Default,Net Zero by 2050,renewable diesel,2030,52.39326
h2r3b1n2c1p3,Green (Default cost),Constrained,Default,Advanced cost,Default,Net Zero by 2050,renewable diesel,2040,47.0478
h2r3b1n2c1p3,Green (Default cost),Constrained,Default,Advanced cost,Default,Net Zero by 2050,renewable diesel,2050,45.6779
h2r3b1n2c2p1,Green (Default cost),Constrained,Default,Advanced cost,Constrained,No policy,FT biofuels,2030,32.37931
h2r3b1n2c2p1,Green (Default cost),Constrained,Default,Advanced cost,Constrained,No policy,FT biofuels,2040,31.94964
h2r3b1n2c2p1,Green (Default cost),Constrained,Default,Advanced cost,Constrained,No policy,FT biofuels,2050,31.40111
h2r3b1n2c2p1,Green (Default cost),Constrained,Default,Advanced cost,Constrained,No policy,FT biofuels CCS,2030,36.5047
h2r3b1n2c2p1,Green (Default cost),Constrained,Default,Advanced cost,Constrained,No policy,FT biofuels CCS,2040,36.79122
h2r3b1n2c2p1,Green (Default cost),Constrained,Default,Advanced cost,Constrained,No policy,FT biofuels CCS,2050,37.55948
h2r3b1n2c2p1,Green (Default cost),Constrained,Default,Advanced cost,Constrained,No policy,LNG,2030,10.86701
h2r3b1n2c2p1,Green (Default cost),Constrained,Default,Advanced cost,Constrained,No policy,LNG,2040,10.50316
h2r3b1n2c2p1,Green (Default cost),Constrained,Default,Advanced cost,Constrained,No policy,LNG,2050,11.08563
h2r3b1n2c2p1,Green (Default cost),Constrained,Default,Advanced cost,Constrained,No policy,ammonia,2030,56.8252
h2r3b1n2c2p1,Green (Default cost),Constrained,Default,Advanced cost,Constrained,No policy,ammonia,2040,50.94774
h2r3b1n2c2p1,Green (Default cost),Constrained,Default,Advanced cost,Constrained,No policy,ammonia,2050,45.93174
h2r3b1n2c2p1,Green (Default cost),Constrained,Default,Advanced cost,Constrained,No policy,e-diesel,2030,96.75218
h2r3b1n2c2p1,Green (Default cost),Constrained,Default,Advanced cost,Constrained,No policy,e-diesel,2040,88.58864
h2r3b1n2c2p1,Green (Default cost),Constrained,Default,Advanced cost,Constrained,No policy,e-diesel,2050,85.21462
h2r3b1n2c2p1,Green (Default cost),Constrained,Default,Advanced cost,Constrained,No policy,electricity,2030,42.08538
h2r3b1n2c2p1,Green (Default cost),Constrained,Default,Advanced cost,Constrained,No policy,electricity,2040,38.36062
h2r3b1n2c2p1,Green (Default cost),Constrained,Default,Advanced cost,Constrained,No policy,electricity,2050,38.34352
h2r3b1n2c2p1,Green (Default cost),Constrained,Default,Advanced cost,Constrained,No policy,hydrogen,2030,NA
h2r3b1n2c2p1,Green (Default cost),Constrained,Default,Advanced cost,Constrained,No policy,hydrogen,2040,NA
h2r3b1n2c2p1,Green (Default cost),Constrained,Default,Advanced cost,Constrained,No policy,hydrogen,2050,NA
h2r3b1n2c2p1,Green (Default cost),Constrained,Default,Advanced cost,Constrained,No policy,petroleum diesel,2030,28.43563
h2r3b1n2c2p1,Green (Default cost),Constrained,Default,Advanced cost,Constrained,No policy,petroleum diesel,2040,27.42213
h2r3b1n2c2p1,Green (Default cost),Constrained,Default,Advanced cost,Constrained,No policy,petroleum diesel,2050,26.82633
h2r3b1n2c2p1,Green (Default cost),Constrained,Default,Advanced cost,Constrained,No policy,renewable diesel,2030,56.90538
h2r3b1n2c2p1,Green (Default cost),Constrained,Default,Advanced cost,Constrained,No policy,renewable diesel,2040,49.53566
h2r3b1n2c2p1,Green (Default cost),Constrained,Default,Advanced cost,Constrained,No policy,renewable diesel,2050,50.63956
h2r3b1n2c2p2,Green (Default cost),Constrained,Default,Advanced cost,Constrained,50 Percent by 2050,FT biofuels,2030,30.91855
h2r3b1n2c2p2,Green (Default cost),Constrained,Default,Advanced cost,Constrained,50 Percent by 2050,FT biofuels,2040,29.56643
h2r3b1n2c2p2,Green (Default cost),Constrained,Default,Advanced cost,Constrained,50 Percent by 2050,FT biofuels,2050,30.16193
h2r3b1n2c2p2,Green (Default cost),Constrained,Default,Advanced cost,Constrained,50 Percent by 2050,FT biofuels CCS,2030,30.79795
h2r3b1n2c2p2,Green (Default cost),Constrained,Default,Advanced cost,Constrained,50 Percent by 2050,FT biofuels CCS,2040,29.29259
h2r3b1n2c2p2,Green (Default cost),Constrained,Default,Advanced cost,Constrained,50 Percent by 2050,FT biofuels CCS,2050,29.93059
h2r3b1n2c2p2,Green (Default cost),Constrained,Default,Advanced cost,Constrained,50 Percent by 2050,LNG,2030,15.97011
h2r3b1n2c2p2,Green (Default cost),Constrained,Default,Advanced cost,Constrained,50 Percent by 2050,LNG,2040,17.51261
h2r3b1n2c2p2,Green (Default cost),Constrained,Default,Advanced cost,Constrained,50 Percent by 2050,LNG,2050,21.67585
h2r3b1n2c2p2,Green (Default cost),Constrained,Default,Advanced cost,Constrained,50 Percent by 2050,ammonia,2030,57.66728
h2r3b1n2c2p2,Green (Default cost),Constrained,Default,Advanced cost,Constrained,50 Percent by 2050,ammonia,2040,51.58006
h2r3b1n2c2p2,Green (Default cost),Constrained,Default,Advanced cost,Constrained,50 Percent by 2050,ammonia,2050,46.2593
h2r3b1n2c2p2,Green (Default cost),Constrained,Default,Advanced cost,Constrained,50 Percent by 2050,e-diesel,2030,98.44052
h2r3b1n2c2p2,Green (Default cost),Constrained,Default,Advanced cost,Constrained,50 Percent by 2050,e-diesel,2040,87.52616
h2r3b1n2c2p2,Green (Default cost),Constrained,Default,Advanced cost,Constrained,50 Percent by 2050,e-diesel,2050,82.83582
h2r3b1n2c2p2,Green (Default cost),Constrained,Default,Advanced cost,Constrained,50 Percent by 2050,electricity,2030,46.3885
h2r3b1n2c2p2,Green (Default cost),Constrained,Default,Advanced cost,Constrained,50 Percent by 2050,electricity,2040,41.3345
h2r3b1n2c2p2,Green (Default cost),Constrained,Default,Advanced cost,Constrained,50 Percent by 2050,electricity,2050,42.17126
h2r3b1n2c2p2,Green (Default cost),Constrained,Default,Advanced cost,Constrained,50 Percent by 2050,hydrogen,2030,NA
h2r3b1n2c2p2,Green (Default cost),Constrained,Default,Advanced cost,Constrained,50 Percent by 2050,hydrogen,2040,NA
h2r3b1n2c2p2,Green (Default cost),Constrained,Default,Advanced cost,Constrained,50 Percent by 2050,hydrogen,2050,NA
h2r3b1n2c2p2,Green (Default cost),Constrained,Default,Advanced cost,Constrained,50 Percent by 2050,petroleum diesel,2030,31.918
h2r3b1n2c2p2,Green (Default cost),Constrained,Default,Advanced cost,Constrained,50 Percent by 2050,petroleum diesel,2040,31.36175
h2r3b1n2c2p2,Green (Default cost),Constrained,Default,Advanced cost,Constrained,50 Percent by 2050,petroleum diesel,2050,32.0121
h2r3b1n2c2p2,Green (Default cost),Constrained,Default,Advanced cost,Constrained,50 Percent by 2050,renewable diesel,2030,54.42816
h2r3b1n2c2p2,Green (Default cost),Constrained,Default,Advanced cost,Constrained,50 Percent by 2050,renewable diesel,2040,46.19318
h2r3b1n2c2p2,Green (Default cost),Constrained,Default,Advanced cost,Constrained,50 Percent by 2050,renewable diesel,2050,48.26228
h2r3b1n2c2p3,Green (Default cost),Constrained,Default,Advanced cost,Constrained,Net Zero by 2050,FT biofuels,2030,26.41315
h2r3b1n2c2p3,Green (Default cost),Constrained,Default,Advanced cost,Constrained,Net Zero by 2050,FT biofuels,2040,23.2595
h2r3b1n2c2p3,Green (Default cost),Constrained,Default,Advanced cost,Constrained,Net Zero by 2050,FT biofuels,2050,11.40228
h2r3b1n2c2p3,Green (Default cost),Constrained,Default,Advanced cost,Constrained,Net Zero by 2050,FT biofuels CCS,2030,21.56404
h2r3b1n2c2p3,Green (Default cost),Constrained,Default,Advanced cost,Constrained,Net Zero by 2050,FT biofuels CCS,2040,19.37141
h2r3b1n2c2p3,Green (Default cost),Constrained,Default,Advanced cost,Constrained,Net Zero by 2050,FT biofuels CCS,2050,19.03504
h2r3b1n2c2p3,Green (Default cost),Constrained,Default,Advanced cost,Constrained,Net Zero by 2050,LNG,2030,22.62323
h2r3b1n2c2p3,Green (Default cost),Constrained,Default,Advanced cost,Constrained,Net Zero by 2050,LNG,2040,26.04429
h2r3b1n2c2p3,Green (Default cost),Constrained,Default,Advanced cost,Constrained,Net Zero by 2050,LNG,2050,45.43364
h2r3b1n2c2p3,Green (Default cost),Constrained,Default,Advanced cost,Constrained,Net Zero by 2050,ammonia,2030,58.18598
h2r3b1n2c2p3,Green (Default cost),Constrained,Default,Advanced cost,Constrained,Net Zero by 2050,ammonia,2040,51.965
h2r3b1n2c2p3,Green (Default cost),Constrained,Default,Advanced cost,Constrained,Net Zero by 2050,ammonia,2050,56.83204
h2r3b1n2c2p3,Green (Default cost),Constrained,Default,Advanced cost,Constrained,Net Zero by 2050,e-diesel,2030,97.47076
h2r3b1n2c2p3,Green (Default cost),Constrained,Default,Advanced cost,Constrained,Net Zero by 2050,e-diesel,2040,82.54778
h2r3b1n2c2p3,Green (Default cost),Constrained,Default,Advanced cost,Constrained,Net Zero by 2050,e-diesel,2050,86.29534
h2r3b1n2c2p3,Green (Default cost),Constrained,Default,Advanced cost,Constrained,Net Zero by 2050,electricity,2030,49.1017
h2r3b1n2c2p3,Green (Default cost),Constrained,Default,Advanced cost,Constrained,Net Zero by 2050,electricity,2040,41.65104
h2r3b1n2c2p3,Green (Default cost),Constrained,Default,Advanced cost,Constrained,Net Zero by 2050,electricity,2050,43.22386
h2r3b1n2c2p3,Green (Default cost),Constrained,Default,Advanced cost,Constrained,Net Zero by 2050,hydrogen,2030,NA
h2r3b1n2c2p3,Green (Default cost),Constrained,Default,Advanced cost,Constrained,Net Zero by 2050,hydrogen,2040,NA
h2r3b1n2c2p3,Green (Default cost),Constrained,Default,Advanced cost,Constrained,Net Zero by 2050,hydrogen,2050,NA
h2r3b1n2c2p3,Green (Default cost),Constrained,Default,Advanced cost,Constrained,Net Zero by 2050,petroleum diesel,2030,36.67414
h2r3b1n2c2p3,Green (Default cost),Constrained,Default,Advanced cost,Constrained,Net Zero by 2050,petroleum diesel,2040,37.40864
h2r3b1n2c2p3,Green (Default cost),Constrained,Default,Advanced cost,Constrained,Net Zero by 2050,petroleum diesel,2050,46.86344
h2r3b1n2c2p3,Green (Default cost),Constrained,Default,Advanced cost,Constrained,Net Zero by 2050,renewable diesel,2030,51.82858
h2r3b1n2c2p3,Green (Default cost),Constrained,Default,Advanced cost,Constrained,Net Zero by 2050,renewable diesel,2040,45.05318
h2r3b1n2c2p3,Green (Default cost),Constrained,Default,Advanced cost,Constrained,Net Zero by 2050,renewable diesel,2050,44.92588
h2r3b2n1c1p1,Green (Default cost),Constrained,Constrained,Default,Default,No policy,FT biofuels,2030,32.41959
h2r3b2n1c1p1,Green (Default cost),Constrained,Constrained,Default,Default,No policy,FT biofuels,2040,32.16958
h2r3b2n1c1p1,Green (Default cost),Constrained,Constrained,Default,Default,No policy,FT biofuels,2050,32.0109
h2r3b2n1c1p1,Green (Default cost),Constrained,Constrained,Default,Default,No policy,FT biofuels CCS,2030,36.1395
h2r3b2n1c1p1,Green (Default cost),Constrained,Constrained,Default,Default,No policy,FT biofuels CCS,2040,35.78837
h2r3b2n1c1p1,Green (Default cost),Constrained,Constrained,Default,Default,No policy,FT biofuels CCS,2050,35.69873
h2r3b2n1c1p1,Green (Default cost),Constrained,Constrained,Default,Default,No policy,LNG,2030,10.88229
h2r3b2n1c1p1,Green (Default cost),Constrained,Constrained,Default,Default,No policy,LNG,2040,10.65148
h2r3b2n1c1p1,Green (Default cost),Constrained,Constrained,Default,Default,No policy,LNG,2050,11.28038
h2r3b2n1c1p1,Green (Default cost),Constrained,Constrained,Default,Default,No policy,ammonia,2030,56.85712
h2r3b2n1c1p1,Green (Default cost),Constrained,Constrained,Default,Default,No policy,ammonia,2040,51.01652
h2r3b2n1c1p1,Green (Default cost),Constrained,Constrained,Default,Default,No policy,ammonia,2050,46.03966
h2r3b2n1c1p1,Green (Default cost),Constrained,Constrained,Default,Default,No policy,e-diesel,2030,96.53558
h2r3b2n1c1p1,Green (Default cost),Constrained,Constrained,Default,Default,No policy,e-diesel,2040,91.60546
h2r3b2n1c1p1,Green (Default cost),Constrained,Constrained,Default,Default,No policy,e-diesel,2050,87.84612
h2r3b2n1c1p1,Green (Default cost),Constrained,Constrained,Default,Default,No policy,electricity,2030,41.86422
h2r3b2n1c1p1,Green (Default cost),Constrained,Constrained,Default,Default,No policy,electricity,2040,40.9849
h2r3b2n1c1p1,Green (Default cost),Constrained,Constrained,Default,Default,No policy,electricity,2050,40.57792
h2r3b2n1c1p1,Green (Default cost),Constrained,Constrained,Default,Default,No policy,hydrogen,2030,NA
h2r3b2n1c1p1,Green (Default cost),Constrained,Constrained,Default,Default,No policy,hydrogen,2040,NA
h2r3b2n1c1p1,Green (Default cost),Constrained,Constrained,Default,Default,No policy,hydrogen,2050,NA
h2r3b2n1c1p1,Green (Default cost),Constrained,Constrained,Default,Default,No policy,petroleum diesel,2030,28.43635
h2r3b2n1c1p1,Green (Default cost),Constrained,Constrained,Default,Default,No policy,petroleum diesel,2040,27.61992
h2r3b2n1c1p1,Green (Default cost),Constrained,Constrained,Default,Default,No policy,petroleum diesel,2050,26.98255
h2r3b2n1c1p1,Green (Default cost),Constrained,Constrained,Default,Default,No policy,renewable diesel,2030,56.88714
h2r3b2n1c1p1,Green (Default cost),Constrained,Constrained,Default,Default,No policy,renewable diesel,2040,49.7553
h2r3b2n1c1p1,Green (Default cost),Constrained,Constrained,Default,Default,No policy,renewable diesel,2050,50.6388
h2r3b2n1c1p2,Green (Default cost),Constrained,Constrained,Default,Default,50 Percent by 2050,FT biofuels,2030,30.93846
h2r3b2n1c1p2,Green (Default cost),Constrained,Constrained,Default,Default,50 Percent by 2050,FT biofuels,2040,30.15403
h2r3b2n1c1p2,Green (Default cost),Constrained,Constrained,Default,Default,50 Percent by 2050,FT biofuels,2050,33.74826
h2r3b2n1c1p2,Green (Default cost),Constrained,Constrained,Default,Default,50 Percent by 2050,FT biofuels CCS,2030,29.92415
h2r3b2n1c1p2,Green (Default cost),Constrained,Constrained,Default,Default,50 Percent by 2050,FT biofuels CCS,2040,26.17235
h2r3b2n1c1p2,Green (Default cost),Constrained,Constrained,Default,Default,50 Percent by 2050,FT biofuels CCS,2050,27.17102
h2r3b2n1c1p2,Green (Default cost),Constrained,Constrained,Default,Default,50 Percent by 2050,LNG,2030,16.41586
h2r3b2n1c1p2,Green (Default cost),Constrained,Constrained,Default,Default,50 Percent by 2050,LNG,2040,19.8567
h2r3b2n1c1p2,Green (Default cost),Constrained,Constrained,Default,Default,50 Percent by 2050,LNG,2050,24.07408
h2r3b2n1c1p2,Green (Default cost),Constrained,Constrained,Default,Default,50 Percent by 2050,ammonia,2030,57.72048
h2r3b2n1c1p2,Green (Default cost),Constrained,Constrained,Default,Default,50 Percent by 2050,ammonia,2040,51.79286
h2r3b2n1c1p2,Green (Default cost),Constrained,Constrained,Default,Default,50 Percent by 2050,ammonia,2050,49.63142
h2r3b2n1c1p2,Green (Default cost),Constrained,Constrained,Default,Default,50 Percent by 2050,e-diesel,2030,98.79544
h2r3b2n1c1p2,Green (Default cost),Constrained,Constrained,Default,Default,50 Percent by 2050,e-diesel,2040,94.40948
h2r3b2n1c1p2,Green (Default cost),Constrained,Constrained,Default,Default,50 Percent by 2050,e-diesel,2050,95.51262
h2r3b2n1c1p2,Green (Default cost),Constrained,Constrained,Default,Default,50 Percent by 2050,electricity,2030,46.89466
h2r3b2n1c1p2,Green (Default cost),Constrained,Constrained,Default,Default,50 Percent by 2050,electricity,2040,48.50168
h2r3b2n1c1p2,Green (Default cost),Constrained,Constrained,Default,Default,50 Percent by 2050,electricity,2050,50.82766
h2r3b2n1c1p2,Green (Default cost),Constrained,Constrained,Default,Default,50 Percent by 2050,hydrogen,2030,NA
h2r3b2n1c1p2,Green (Default cost),Constrained,Constrained,Default,Default,50 Percent by 2050,hydrogen,2040,NA
h2r3b2n1c1p2,Green (Default cost),Constrained,Constrained,Default,Default,50 Percent by 2050,hydrogen,2050,NA
h2r3b2n1c1p2,Green (Default cost),Constrained,Constrained,Default,Default,50 Percent by 2050,petroleum diesel,2030,32.21791
h2r3b2n1c1p2,Green (Default cost),Constrained,Constrained,Default,Default,50 Percent by 2050,petroleum diesel,2040,33.09325
h2r3b2n1c1p2,Green (Default cost),Constrained,Constrained,Default,Default,50 Percent by 2050,petroleum diesel,2050,33.92589
h2r3b2n1c1p2,Green (Default cost),Constrained,Constrained,Default,Default,50 Percent by 2050,renewable diesel,2030,54.23512
h2r3b2n1c1p2,Green (Default cost),Constrained,Constrained,Default,Default,50 Percent by 2050,renewable diesel,2040,46.06816
h2r3b2n1c1p2,Green (Default cost),Constrained,Constrained,Default,Default,50 Percent by 2050,renewable diesel,2050,49.8104
h2r3b2n1c1p3,Green (Default cost),Constrained,Constrained,Default,Default,Net Zero by 2050,FT biofuels,2030,26.93687
h2r3b2n1c1p3,Green (Default cost),Constrained,Constrained,Default,Default,Net Zero by 2050,FT biofuels,2040,25.82666
h2r3b2n1c1p3,Green (Default cost),Constrained,Constrained,Default,Default,Net Zero by 2050,FT biofuels,2050,19.50439
h2r3b2n1c1p3,Green (Default cost),Constrained,Constrained,Default,Default,Net Zero by 2050,FT biofuels CCS,2030,20.72878
h2r3b2n1c1p3,Green (Default cost),Constrained,Constrained,Default,Default,Net Zero by 2050,FT biofuels CCS,2040,17.21911
h2r3b2n1c1p3,Green (Default cost),Constrained,Constrained,Default,Default,Net Zero by 2050,FT biofuels CCS,2050,3.16704
h2r3b2n1c1p3,Green (Default cost),Constrained,Constrained,Default,Default,Net Zero by 2050,LNG,2030,22.51083
h2r3b2n1c1p3,Green (Default cost),Constrained,Constrained,Default,Default,Net Zero by 2050,LNG,2040,25.44582
h2r3b2n1c1p3,Green (Default cost),Constrained,Constrained,Default,Default,Net Zero by 2050,LNG,2050,35.63368
h2r3b2n1c1p3,Green (Default cost),Constrained,Constrained,Default,Default,Net Zero by 2050,ammonia,2030,58.21676
h2r3b2n1c1p3,Green (Default cost),Constrained,Constrained,Default,Default,Net Zero by 2050,ammonia,2040,51.9745
h2r3b2n1c1p3,Green (Default cost),Constrained,Constrained,Default,Default,Net Zero by 2050,ammonia,2050,57.19608
h2r3b2n1c1p3,Green (Default cost),Constrained,Constrained,Default,Default,Net Zero by 2050,e-diesel,2030,98.48042
h2r3b2n1c1p3,Green (Default cost),Constrained,Constrained,Default,Default,Net Zero by 2050,e-diesel,2040,92.6003
h2r3b2n1c1p3,Green (Default cost),Constrained,Constrained,Default,Default,Net Zero by 2050,e-diesel,2050,107.15998
h2r3b2n1c1p3,Green (Default cost),Constrained,Constrained,Default,Default,Net Zero by 2050,electricity,2030,49.79026
h2r3b2n1c1p3,Green (Default cost),Constrained,Constrained,Default,Default,Net Zero by 2050,electricity,2040,49.95138
h2r3b2n1c1p3,Green (Default cost),Constrained,Constrained,Default,Default,Net Zero by 2050,electricity,2050,54.74622
h2r3b2n1c1p3,Green (Default cost),Constrained,Constrained,Default,Default,Net Zero by 2050,hydrogen,2030,NA
h2r3b2n1c1p3,Green (Default cost),Constrained,Constrained,Default,Default,Net Zero by 2050,hydrogen,2040,NA
h2r3b2n1c1p3,Green (Default cost),Constrained,Constrained,Default,Default,Net Zero by 2050,hydrogen,2050,NA
h2r3b2n1c1p3,Green (Default cost),Constrained,Constrained,Default,Default,Net Zero by 2050,petroleum diesel,2030,36.40458
h2r3b2n1c1p3,Green (Default cost),Constrained,Constrained,Default,Default,Net Zero by 2050,petroleum diesel,2040,36.21524
h2r3b2n1c1p3,Green (Default cost),Constrained,Constrained,Default,Default,Net Zero by 2050,petroleum diesel,2050,40.95787
h2r3b2n1c1p3,Green (Default cost),Constrained,Constrained,Default,Default,Net Zero by 2050,renewable diesel,2030,52.5008
h2r3b2n1c1p3,Green (Default cost),Constrained,Constrained,Default,Default,Net Zero by 2050,renewable diesel,2040,48.72132
h2r3b2n1c1p3,Green (Default cost),Constrained,Constrained,Default,Default,Net Zero by 2050,renewable diesel,2050,48.40514
h2r3b2n1c2p1,Green (Default cost),Constrained,Constrained,Default,Constrained,No policy,FT biofuels,2030,32.38964
h2r3b2n1c2p1,Green (Default cost),Constrained,Constrained,Default,Constrained,No policy,FT biofuels,2040,32.08572
h2r3b2n1c2p1,Green (Default cost),Constrained,Constrained,Default,Constrained,No policy,FT biofuels,2050,31.78027
h2r3b2n1c2p1,Green (Default cost),Constrained,Constrained,Default,Constrained,No policy,FT biofuels CCS,2030,36.51863
h2r3b2n1c2p1,Green (Default cost),Constrained,Constrained,Default,Constrained,No policy,FT biofuels CCS,2040,36.96998
h2r3b2n1c2p1,Green (Default cost),Constrained,Constrained,Default,Constrained,No policy,FT biofuels CCS,2050,38.03434
h2r3b2n1c2p1,Green (Default cost),Constrained,Constrained,Default,Constrained,No policy,LNG,2030,10.88236
h2r3b2n1c2p1,Green (Default cost),Constrained,Constrained,Default,Constrained,No policy,LNG,2040,10.65189
h2r3b2n1c2p1,Green (Default cost),Constrained,Constrained,Default,Constrained,No policy,LNG,2050,11.28285
h2r3b2n1c2p1,Green (Default cost),Constrained,Constrained,Default,Constrained,No policy,ammonia,2030,56.85788
h2r3b2n1c2p1,Green (Default cost),Constrained,Constrained,Default,Constrained,No policy,ammonia,2040,51.01766
h2r3b2n1c2p1,Green (Default cost),Constrained,Constrained,Default,Constrained,No policy,ammonia,2050,46.04194
h2r3b2n1c2p1,Green (Default cost),Constrained,Constrained,Default,Constrained,No policy,e-diesel,2030,96.52228
h2r3b2n1c2p1,Green (Default cost),Constrained,Constrained,Default,Constrained,No policy,e-diesel,2040,91.56518
h2r3b2n1c2p1,Green (Default cost),Constrained,Constrained,Default,Constrained,No policy,e-diesel,2050,87.77772
h2r3b2n1c2p1,Green (Default cost),Constrained,Constrained,Default,Constrained,No policy,electricity,2030,41.85244
h2r3b2n1c2p1,Green (Default cost),Constrained,Constrained,Default,Constrained,No policy,electricity,2040,40.94804
h2r3b2n1c2p1,Green (Default cost),Constrained,Constrained,Default,Constrained,No policy,electricity,2050,40.51484
h2r3b2n1c2p1,Green (Default cost),Constrained,Constrained,Default,Constrained,No policy,hydrogen,2030,NA
h2r3b2n1c2p1,Green (Default cost),Constrained,Constrained,Default,Constrained,No policy,hydrogen,2040,NA
h2r3b2n1c2p1,Green (Default cost),Constrained,Constrained,Default,Constrained,No policy,hydrogen,2050,NA
h2r3b2n1c2p1,Green (Default cost),Constrained,Constrained,Default,Constrained,No policy,petroleum diesel,2030,28.44023
h2r3b2n1c2p1,Green (Default cost),Constrained,Constrained,Default,Constrained,No policy,petroleum diesel,2040,27.65978
h2r3b2n1c2p1,Green (Default cost),Constrained,Constrained,Default,Constrained,No policy,petroleum diesel,2050,27.08572
h2r3b2n1c2p1,Green (Default cost),Constrained,Constrained,Default,Constrained,No policy,renewable diesel,2030,56.90196
h2r3b2n1c2p1,Green (Default cost),Constrained,Constrained,Default,Constrained,No policy,renewable diesel,2040,49.83814
h2r3b2n1c2p1,Green (Default cost),Constrained,Constrained,Default,Constrained,No policy,renewable diesel,2050,51.03324
h2r3b2n1c2p2,Green (Default cost),Constrained,Constrained,Default,Constrained,50 Percent by 2050,FT biofuels,2030,30.64286
h2r3b2n1c2p2,Green (Default cost),Constrained,Constrained,Default,Constrained,50 Percent by 2050,FT biofuels,2040,29.26327
h2r3b2n1c2p2,Green (Default cost),Constrained,Constrained,Default,Constrained,50 Percent by 2050,FT biofuels,2050,30.913
h2r3b2n1c2p2,Green (Default cost),Constrained,Constrained,Default,Constrained,50 Percent by 2050,FT biofuels CCS,2030,30.05245
h2r3b2n1c2p2,Green (Default cost),Constrained,Constrained,Default,Constrained,50 Percent by 2050,FT biofuels CCS,2040,27.18442
h2r3b2n1c2p2,Green (Default cost),Constrained,Constrained,Default,Constrained,50 Percent by 2050,FT biofuels CCS,2050,27.18697
h2r3b2n1c2p2,Green (Default cost),Constrained,Constrained,Default,Constrained,50 Percent by 2050,LNG,2030,16.58884
h2r3b2n1c2p2,Green (Default cost),Constrained,Constrained,Default,Constrained,50 Percent by 2050,LNG,2040,20.78608
h2r3b2n1c2p2,Green (Default cost),Constrained,Constrained,Default,Constrained,50 Percent by 2050,LNG,2050,27.41976
h2r3b2n1c2p2,Green (Default cost),Constrained,Constrained,Default,Constrained,50 Percent by 2050,ammonia,2030,57.779
h2r3b2n1c2p2,Green (Default cost),Constrained,Constrained,Default,Constrained,50 Percent by 2050,ammonia,2040,51.91446
h2r3b2n1c2p2,Green (Default cost),Constrained,Constrained,Default,Constrained,50 Percent by 2050,ammonia,2050,53.04116
h2r3b2n1c2p2,Green (Default cost),Constrained,Constrained,Default,Constrained,50 Percent by 2050,e-diesel,2030,98.7962
h2r3b2n1c2p2,Green (Default cost),Constrained,Constrained,Default,Constrained,50 Percent by 2050,e-diesel,2040,94.49992
h2r3b2n1c2p2,Green (Default cost),Constrained,Constrained,Default,Constrained,50 Percent by 2050,e-diesel,2050,102.61748
h2r3b2n1c2p2,Green (Default cost),Constrained,Constrained,Default,Constrained,50 Percent by 2050,electricity,2030,46.99194
h2r3b2n1c2p2,Green (Default cost),Constrained,Constrained,Default,Constrained,50 Percent by 2050,electricity,2040,49.0884
h2r3b2n1c2p2,Green (Default cost),Constrained,Constrained,Default,Constrained,50 Percent by 2050,electricity,2050,54.58472
h2r3b2n1c2p2,Green (Default cost),Constrained,Constrained,Default,Constrained,50 Percent by 2050,hydrogen,2030,NA
h2r3b2n1c2p2,Green (Default cost),Constrained,Constrained,Default,Constrained,50 Percent by 2050,hydrogen,2040,NA
h2r3b2n1c2p2,Green (Default cost),Constrained,Constrained,Default,Constrained,50 Percent by 2050,hydrogen,2050,NA
h2r3b2n1c2p2,Green (Default cost),Constrained,Constrained,Default,Constrained,50 Percent by 2050,petroleum diesel,2030,32.34991
h2r3b2n1c2p2,Green (Default cost),Constrained,Constrained,Default,Constrained,50 Percent by 2050,petroleum diesel,2040,33.70302
h2r3b2n1c2p2,Green (Default cost),Constrained,Constrained,Default,Constrained,50 Percent by 2050,petroleum diesel,2050,35.99208
h2r3b2n1c2p2,Green (Default cost),Constrained,Constrained,Default,Constrained,50 Percent by 2050,renewable diesel,2030,54.14962
h2r3b2n1c2p2,Green (Default cost),Constrained,Constrained,Default,Constrained,50 Percent by 2050,renewable diesel,2040,45.54452
h2r3b2n1c2p2,Green (Default cost),Constrained,Constrained,Default,Constrained,50 Percent by 2050,renewable diesel,2050,49.61356
h2r3b2n1c2p3,Green (Default cost),Constrained,Constrained,Default,Constrained,Net Zero by 2050,FT biofuels,2030,26.30755
h2r3b2n1c2p3,Green (Default cost),Constrained,Constrained,Default,Constrained,Net Zero by 2050,FT biofuels,2040,22.56292
h2r3b2n1c2p3,Green (Default cost),Constrained,Constrained,Default,Constrained,Net Zero by 2050,FT biofuels,2050,8.5538
h2r3b2n1c2p3,Green (Default cost),Constrained,Constrained,Default,Constrained,Net Zero by 2050,FT biofuels CCS,2030,21.29577
h2r3b2n1c2p3,Green (Default cost),Constrained,Constrained,Default,Constrained,Net Zero by 2050,FT biofuels CCS,2040,18.04268
h2r3b2n1c2p3,Green (Default cost),Constrained,Constrained,Default,Constrained,Net Zero by 2050,FT biofuels CCS,2050,20.87454
h2r3b2n1c2p3,Green (Default cost),Constrained,Constrained,Default,Constrained,Net Zero by 2050,LNG,2030,23.22338
h2r3b2n1c2p3,Green (Default cost),Constrained,Constrained,Default,Constrained,Net Zero by 2050,LNG,2040,29.92981
h2r3b2n1c2p3,Green (Default cost),Constrained,Constrained,Default,Constrained,Net Zero by 2050,LNG,2050,53.4137
h2r3b2n1c2p3,Green (Default cost),Constrained,Constrained,Default,Constrained,Net Zero by 2050,ammonia,2030,58.318600000000004
h2r3b2n1c2p3,Green (Default cost),Constrained,Constrained,Default,Constrained,Net Zero by 2050,ammonia,2040,52.30054
h2r3b2n1c2p3,Green (Default cost),Constrained,Constrained,Default,Constrained,Net Zero by 2050,ammonia,2050,60.287
h2r3b2n1c2p3,Green (Default cost),Constrained,Constrained,Default,Constrained,Net Zero by 2050,e-diesel,2030,98.60354
h2r3b2n1c2p3,Green (Default cost),Constrained,Constrained,Default,Constrained,Net Zero by 2050,e-diesel,2040,92.67516
h2r3b2n1c2p3,Green (Default cost),Constrained,Constrained,Default,Constrained,Net Zero by 2050,e-diesel,2050,116.78996
h2r3b2n1c2p3,Green (Default cost),Constrained,Constrained,Default,Constrained,Net Zero by 2050,electricity,2030,50.25842
h2r3b2n1c2p3,Green (Default cost),Constrained,Constrained,Default,Constrained,Net Zero by 2050,electricity,2040,52.41454
h2r3b2n1c2p3,Green (Default cost),Constrained,Constrained,Default,Constrained,Net Zero by 2050,electricity,2050,59.4586
h2r3b2n1c2p3,Green (Default cost),Constrained,Constrained,Default,Constrained,Net Zero by 2050,hydrogen,2030,NA
h2r3b2n1c2p3,Green (Default cost),Constrained,Constrained,Default,Constrained,Net Zero by 2050,hydrogen,2040,NA
h2r3b2n1c2p3,Green (Default cost),Constrained,Constrained,Default,Constrained,Net Zero by 2050,hydrogen,2050,NA
h2r3b2n1c2p3,Green (Default cost),Constrained,Constrained,Default,Constrained,Net Zero by 2050,petroleum diesel,2030,36.96066
h2r3b2n1c2p3,Green (Default cost),Constrained,Constrained,Default,Constrained,Net Zero by 2050,petroleum diesel,2040,39.56264
h2r3b2n1c2p3,Green (Default cost),Constrained,Constrained,Default,Constrained,Net Zero by 2050,petroleum diesel,2050,51.66949
h2r3b2n1c2p3,Green (Default cost),Constrained,Constrained,Default,Constrained,Net Zero by 2050,renewable diesel,2030,51.88558
h2r3b2n1c2p3,Green (Default cost),Constrained,Constrained,Default,Constrained,Net Zero by 2050,renewable diesel,2040,46.74228
h2r3b2n1c2p3,Green (Default cost),Constrained,Constrained,Default,Constrained,Net Zero by 2050,renewable diesel,2050,49.1511
h2r3b2n2c1p1,Green (Default cost),Constrained,Constrained,Advanced cost,Default,No policy,FT biofuels,2030,32.40921
h2r3b2n2c1p1,Green (Default cost),Constrained,Constrained,Advanced cost,Default,No policy,FT biofuels,2040,32.03035
h2r3b2n2c1p1,Green (Default cost),Constrained,Constrained,Advanced cost,Default,No policy,FT biofuels,2050,31.78012
h2r3b2n2c1p1,Green (Default cost),Constrained,Constrained,Advanced cost,Default,No policy,FT biofuels CCS,2030,36.12921
h2r3b2n2c1p1,Green (Default cost),Constrained,Constrained,Advanced cost,Default,No policy,FT biofuels CCS,2040,35.63085
h2r3b2n2c1p1,Green (Default cost),Constrained,Constrained,Advanced cost,Default,No policy,FT biofuels CCS,2050,35.44064
h2r3b2n2c1p1,Green (Default cost),Constrained,Constrained,Advanced cost,Default,No policy,LNG,2030,10.86694
h2r3b2n2c1p1,Green (Default cost),Constrained,Constrained,Advanced cost,Default,No policy,LNG,2040,10.50252
h2r3b2n2c1p1,Green (Default cost),Constrained,Constrained,Advanced cost,Default,No policy,LNG,2050,11.08308
h2r3b2n2c1p1,Green (Default cost),Constrained,Constrained,Advanced cost,Default,No policy,ammonia,2030,56.82482
h2r3b2n2c1p1,Green (Default cost),Constrained,Constrained,Advanced cost,Default,No policy,ammonia,2040,50.94622
h2r3b2n2c1p1,Green (Default cost),Constrained,Constrained,Advanced cost,Default,No policy,ammonia,2050,45.9287
h2r3b2n2c1p1,Green (Default cost),Constrained,Constrained,Advanced cost,Default,No policy,e-diesel,2030,96.76434
h2r3b2n2c1p1,Green (Default cost),Constrained,Constrained,Advanced cost,Default,No policy,e-diesel,2040,88.60916
h2r3b2n2c1p1,Green (Default cost),Constrained,Constrained,Advanced cost,Default,No policy,e-diesel,2050,85.25034
h2r3b2n2c1p1,Green (Default cost),Constrained,Constrained,Advanced cost,Default,No policy,electricity,2030,42.0964
h2r3b2n2c1p1,Green (Default cost),Constrained,Constrained,Advanced cost,Default,No policy,electricity,2040,38.38
h2r3b2n2c1p1,Green (Default cost),Constrained,Constrained,Advanced cost,Default,No policy,electricity,2050,38.3781
h2r3b2n2c1p1,Green (Default cost),Constrained,Constrained,Advanced cost,Default,No policy,hydrogen,2030,NA
h2r3b2n2c1p1,Green (Default cost),Constrained,Constrained,Advanced cost,Default,No policy,hydrogen,2040,NA
h2r3b2n2c1p1,Green (Default cost),Constrained,Constrained,Advanced cost,Default,No policy,hydrogen,2050,NA
h2r3b2n2c1p1,Green (Default cost),Constrained,Constrained,Advanced cost,Default,No policy,petroleum diesel,2030,28.43168
h2r3b2n2c1p1,Green (Default cost),Constrained,Constrained,Advanced cost,Default,No policy,petroleum diesel,2040,27.37866
h2r3b2n2c1p1,Green (Default cost),Constrained,Constrained,Advanced cost,Default,No policy,petroleum diesel,2050,26.72365
h2r3b2n2c1p1,Green (Default cost),Constrained,Constrained,Advanced cost,Default,No policy,renewable diesel,2030,56.89056
h2r3b2n2c1p1,Green (Default cost),Constrained,Constrained,Advanced cost,Default,No policy,renewable diesel,2040,49.45244
h2r3b2n2c1p1,Green (Default cost),Constrained,Constrained,Advanced cost,Default,No policy,renewable diesel,2050,50.21776
h2r3b2n2c1p2,Green (Default cost),Constrained,Constrained,Advanced cost,Default,50 Percent by 2050,FT biofuels,2030,31.20229
h2r3b2n2c1p2,Green (Default cost),Constrained,Constrained,Advanced cost,Default,50 Percent by 2050,FT biofuels,2040,30.57685
h2r3b2n2c1p2,Green (Default cost),Constrained,Constrained,Advanced cost,Default,50 Percent by 2050,FT biofuels,2050,32.5641
h2r3b2n2c1p2,Green (Default cost),Constrained,Constrained,Advanced cost,Default,50 Percent by 2050,FT biofuels CCS,2030,30.67992
h2r3b2n2c1p2,Green (Default cost),Constrained,Constrained,Advanced cost,Default,50 Percent by 2050,FT biofuels CCS,2040,28.66044
h2r3b2n2c1p2,Green (Default cost),Constrained,Constrained,Advanced cost,Default,50 Percent by 2050,FT biofuels CCS,2050,28.51842
h2r3b2n2c1p2,Green (Default cost),Constrained,Constrained,Advanced cost,Default,50 Percent by 2050,LNG,2030,15.81792
h2r3b2n2c1p2,Green (Default cost),Constrained,Constrained,Advanced cost,Default,50 Percent by 2050,LNG,2040,17.02976
h2r3b2n2c1p2,Green (Default cost),Constrained,Constrained,Advanced cost,Default,50 Percent by 2050,LNG,2050,20.54392
h2r3b2n2c1p2,Green (Default cost),Constrained,Constrained,Advanced cost,Default,50 Percent by 2050,ammonia,2030,57.6137
h2r3b2n2c1p2,Green (Default cost),Constrained,Constrained,Advanced cost,Default,50 Percent by 2050,ammonia,2040,51.51052
h2r3b2n2c1p2,Green (Default cost),Constrained,Constrained,Advanced cost,Default,50 Percent by 2050,ammonia,2050,46.21294
h2r3b2n2c1p2,Green (Default cost),Constrained,Constrained,Advanced cost,Default,50 Percent by 2050,e-diesel,2030,98.4504
h2r3b2n2c1p2,Green (Default cost),Constrained,Constrained,Advanced cost,Default,50 Percent by 2050,e-diesel,2040,87.65156
h2r3b2n2c1p2,Green (Default cost),Constrained,Constrained,Advanced cost,Default,50 Percent by 2050,e-diesel,2050,83.23368
h2r3b2n2c1p2,Green (Default cost),Constrained,Constrained,Advanced cost,Default,50 Percent by 2050,electricity,2030,46.31098
h2r3b2n2c1p2,Green (Default cost),Constrained,Constrained,Advanced cost,Default,50 Percent by 2050,electricity,2040,41.16844
h2r3b2n2c1p2,Green (Default cost),Constrained,Constrained,Advanced cost,Default,50 Percent by 2050,electricity,2050,41.88246
h2r3b2n2c1p2,Green (Default cost),Constrained,Constrained,Advanced cost,Default,50 Percent by 2050,hydrogen,2030,NA
h2r3b2n2c1p2,Green (Default cost),Constrained,Constrained,Advanced cost,Default,50 Percent by 2050,hydrogen,2040,NA
h2r3b2n2c1p2,Green (Default cost),Constrained,Constrained,Advanced cost,Default,50 Percent by 2050,hydrogen,2050,NA
h2r3b2n2c1p2,Green (Default cost),Constrained,Constrained,Advanced cost,Default,50 Percent by 2050,petroleum diesel,2030,31.80112
h2r3b2n2c1p2,Green (Default cost),Constrained,Constrained,Advanced cost,Default,50 Percent by 2050,petroleum diesel,2040,31.06576
h2r3b2n2c1p2,Green (Default cost),Constrained,Constrained,Advanced cost,Default,50 Percent by 2050,petroleum diesel,2050,31.42729
h2r3b2n2c1p2,Green (Default cost),Constrained,Constrained,Advanced cost,Default,50 Percent by 2050,renewable diesel,2030,54.50606
h2r3b2n2c1p2,Green (Default cost),Constrained,Constrained,Advanced cost,Default,50 Percent by 2050,renewable diesel,2040,46.31022
h2r3b2n2c1p2,Green (Default cost),Constrained,Constrained,Advanced cost,Default,50 Percent by 2050,renewable diesel,2050,48.52828
h2r3b2n2c1p3,Green (Default cost),Constrained,Constrained,Advanced cost,Default,Net Zero by 2050,FT biofuels,2030,26.97099
h2r3b2n2c1p3,Green (Default cost),Constrained,Constrained,Advanced cost,Default,Net Zero by 2050,FT biofuels,2040,25.78201
h2r3b2n2c1p3,Green (Default cost),Constrained,Constrained,Advanced cost,Default,Net Zero by 2050,FT biofuels,2050,21.49155
h2r3b2n2c1p3,Green (Default cost),Constrained,Constrained,Advanced cost,Default,Net Zero by 2050,FT biofuels CCS,2030,20.97487
h2r3b2n2c1p3,Green (Default cost),Constrained,Constrained,Advanced cost,Default,Net Zero by 2050,FT biofuels CCS,2040,18.36068
h2r3b2n2c1p3,Green (Default cost),Constrained,Constrained,Advanced cost,Default,Net Zero by 2050,FT biofuels CCS,2050,8.40912
h2r3b2n2c1p3,Green (Default cost),Constrained,Constrained,Advanced cost,Default,Net Zero by 2050,LNG,2030,22.09348
h2r3b2n2c1p3,Green (Default cost),Constrained,Constrained,Advanced cost,Default,Net Zero by 2050,LNG,2040,23.68729
h2r3b2n2c1p3,Green (Default cost),Constrained,Constrained,Advanced cost,Default,Net Zero by 2050,LNG,2050,31.12019
h2r3b2n2c1p3,Green (Default cost),Constrained,Constrained,Advanced cost,Default,Net Zero by 2050,ammonia,2030,58.1134
h2r3b2n2c1p3,Green (Default cost),Constrained,Constrained,Advanced cost,Default,Net Zero by 2050,ammonia,2040,51.7978
h2r3b2n2c1p3,Green (Default cost),Constrained,Constrained,Advanced cost,Default,Net Zero by 2050,ammonia,2050,47.41298
h2r3b2n2c1p3,Green (Default cost),Constrained,Constrained,Advanced cost,Default,Net Zero by 2050,e-diesel,2030,97.50686
h2r3b2n2c1p3,Green (Default cost),Constrained,Constrained,Advanced cost,Default,Net Zero by 2050,e-diesel,2040,84.07994
h2r3b2n2c1p3,Green (Default cost),Constrained,Constrained,Advanced cost,Default,Net Zero by 2050,e-diesel,2050,78.52472
h2r3b2n2c1p3,Green (Default cost),Constrained,Constrained,Advanced cost,Default,Net Zero by 2050,electricity,2030,48.83152
h2r3b2n2c1p3,Green (Default cost),Constrained,Constrained,Advanced cost,Default,Net Zero by 2050,electricity,2040,41.6518
h2r3b2n2c1p3,Green (Default cost),Constrained,Constrained,Advanced cost,Default,Net Zero by 2050,electricity,2050,42.38026
h2r3b2n2c1p3,Green (Default cost),Constrained,Constrained,Advanced cost,Default,Net Zero by 2050,hydrogen,2030,NA
h2r3b2n2c1p3,Green (Default cost),Constrained,Constrained,Advanced cost,Default,Net Zero by 2050,hydrogen,2040,NA
h2r3b2n2c1p3,Green (Default cost),Constrained,Constrained,Advanced cost,Default,Net Zero by 2050,hydrogen,2050,NA
h2r3b2n2c1p3,Green (Default cost),Constrained,Constrained,Advanced cost,Default,Net Zero by 2050,petroleum diesel,2030,36.21007
h2r3b2n2c1p3,Green (Default cost),Constrained,Constrained,Advanced cost,Default,Net Zero by 2050,petroleum diesel,2040,35.46092
h2r3b2n2c1p3,Green (Default cost),Constrained,Constrained,Advanced cost,Default,Net Zero by 2050,petroleum diesel,2050,37.69216
h2r3b2n2c1p3,Green (Default cost),Constrained,Constrained,Advanced cost,Default,Net Zero by 2050,renewable diesel,2030,52.39326
h2r3b2n2c1p3,Green (Default cost),Constrained,Constrained,Advanced cost,Default,Net Zero by 2050,renewable diesel,2040,46.66894
h2r3b2n2c1p3,Green (Default cost),Constrained,Constrained,Advanced cost,Default,Net Zero by 2050,renewable diesel,2050,45.30474
h2r3b2n2c2p1,Green (Default cost),Constrained,Constrained,Advanced cost,Constrained,No policy,FT biofuels,2030,32.37931
h2r3b2n2c2p1,Green (Default cost),Constrained,Constrained,Advanced cost,Constrained,No policy,FT biofuels,2040,31.94964
h2r3b2n2c2p1,Green (Default cost),Constrained,Constrained,Advanced cost,Constrained,No policy,FT biofuels,2050,31.55239
h2r3b2n2c2p1,Green (Default cost),Constrained,Constrained,Advanced cost,Constrained,No policy,FT biofuels CCS,2030,36.5047
h2r3b2n2c2p1,Green (Default cost),Constrained,Constrained,Advanced cost,Constrained,No policy,FT biofuels CCS,2040,36.79122
h2r3b2n2c2p1,Green (Default cost),Constrained,Constrained,Advanced cost,Constrained,No policy,FT biofuels CCS,2050,37.71149
h2r3b2n2c2p1,Green (Default cost),Constrained,Constrained,Advanced cost,Constrained,No policy,LNG,2030,10.86701
h2r3b2n2c2p1,Green (Default cost),Constrained,Constrained,Advanced cost,Constrained,No policy,LNG,2040,10.50316
h2r3b2n2c2p1,Green (Default cost),Constrained,Constrained,Advanced cost,Constrained,No policy,LNG,2050,11.08582
h2r3b2n2c2p1,Green (Default cost),Constrained,Constrained,Advanced cost,Constrained,No policy,ammonia,2030,56.8252
h2r3b2n2c2p1,Green (Default cost),Constrained,Constrained,Advanced cost,Constrained,No policy,ammonia,2040,50.94774
h2r3b2n2c2p1,Green (Default cost),Constrained,Constrained,Advanced cost,Constrained,No policy,ammonia,2050,45.93136
h2r3b2n2c2p1,Green (Default cost),Constrained,Constrained,Advanced cost,Constrained,No policy,e-diesel,2030,96.75218
h2r3b2n2c2p1,Green (Default cost),Constrained,Constrained,Advanced cost,Constrained,No policy,e-diesel,2040,88.58864
h2r3b2n2c2p1,Green (Default cost),Constrained,Constrained,Advanced cost,Constrained,No policy,e-diesel,2050,85.21234
h2r3b2n2c2p1,Green (Default cost),Constrained,Constrained,Advanced cost,Constrained,No policy,electricity,2030,42.08538
h2r3b2n2c2p1,Green (Default cost),Constrained,Constrained,Advanced cost,Constrained,No policy,electricity,2040,38.36062
h2r3b2n2c2p1,Green (Default cost),Constrained,Constrained,Advanced cost,Constrained,No policy,electricity,2050,38.34162
h2r3b2n2c2p1,Green (Default cost),Constrained,Constrained,Advanced cost,Constrained,No policy,hydrogen,2030,NA
h2r3b2n2c2p1,Green (Default cost),Constrained,Constrained,Advanced cost,Constrained,No policy,hydrogen,2040,NA
h2r3b2n2c2p1,Green (Default cost),Constrained,Constrained,Advanced cost,Constrained,No policy,hydrogen,2050,NA
h2r3b2n2c2p1,Green (Default cost),Constrained,Constrained,Advanced cost,Constrained,No policy,petroleum diesel,2030,28.43563
h2r3b2n2c2p1,Green (Default cost),Constrained,Constrained,Advanced cost,Constrained,No policy,petroleum diesel,2040,27.42213
h2r3b2n2c2p1,Green (Default cost),Constrained,Constrained,Advanced cost,Constrained,No policy,petroleum diesel,2050,26.83203
h2r3b2n2c2p1,Green (Default cost),Constrained,Constrained,Advanced cost,Constrained,No policy,renewable diesel,2030,56.90538
h2r3b2n2c2p1,Green (Default cost),Constrained,Constrained,Advanced cost,Constrained,No policy,renewable diesel,2040,49.53566
h2r3b2n2c2p1,Green (Default cost),Constrained,Constrained,Advanced cost,Constrained,No policy,renewable diesel,2050,50.61182
h2r3b2n2c2p2,Green (Default cost),Constrained,Constrained,Advanced cost,Constrained,50 Percent by 2050,FT biofuels,2030,30.91847
h2r3b2n2c2p2,Green (Default cost),Constrained,Constrained,Advanced cost,Constrained,50 Percent by 2050,FT biofuels,2040,29.89278
h2r3b2n2c2p2,Green (Default cost),Constrained,Constrained,Advanced cost,Constrained,50 Percent by 2050,FT biofuels,2050,30.63564
h2r3b2n2c2p2,Green (Default cost),Constrained,Constrained,Advanced cost,Constrained,50 Percent by 2050,FT biofuels CCS,2030,30.79785
h2r3b2n2c2p2,Green (Default cost),Constrained,Constrained,Advanced cost,Constrained,50 Percent by 2050,FT biofuels CCS,2040,29.59716
h2r3b2n2c2p2,Green (Default cost),Constrained,Constrained,Advanced cost,Constrained,50 Percent by 2050,FT biofuels CCS,2050,30.28784
h2r3b2n2c2p2,Green (Default cost),Constrained,Constrained,Advanced cost,Constrained,50 Percent by 2050,LNG,2030,15.97003
h2r3b2n2c2p2,Green (Default cost),Constrained,Constrained,Advanced cost,Constrained,50 Percent by 2050,LNG,2040,17.54215
h2r3b2n2c2p2,Green (Default cost),Constrained,Constrained,Advanced cost,Constrained,50 Percent by 2050,LNG,2050,21.77048
h2r3b2n2c2p2,Green (Default cost),Constrained,Constrained,Advanced cost,Constrained,50 Percent by 2050,ammonia,2030,57.66728
h2r3b2n2c2p2,Green (Default cost),Constrained,Constrained,Advanced cost,Constrained,50 Percent by 2050,ammonia,2040,51.58196
h2r3b2n2c2p2,Green (Default cost),Constrained,Constrained,Advanced cost,Constrained,50 Percent by 2050,ammonia,2050,46.2612
h2r3b2n2c2p2,Green (Default cost),Constrained,Constrained,Advanced cost,Constrained,50 Percent by 2050,e-diesel,2030,98.44052
h2r3b2n2c2p2,Green (Default cost),Constrained,Constrained,Advanced cost,Constrained,50 Percent by 2050,e-diesel,2040,87.50754
h2r3b2n2c2p2,Green (Default cost),Constrained,Constrained,Advanced cost,Constrained,50 Percent by 2050,e-diesel,2050,82.77958
h2r3b2n2c2p2,Green (Default cost),Constrained,Constrained,Advanced cost,Constrained,50 Percent by 2050,electricity,2030,46.3885
h2r3b2n2c2p2,Green (Default cost),Constrained,Constrained,Advanced cost,Constrained,50 Percent by 2050,electricity,2040,41.33488
h2r3b2n2c2p2,Green (Default cost),Constrained,Constrained,Advanced cost,Constrained,50 Percent by 2050,electricity,2050,42.17392
h2r3b2n2c2p2,Green (Default cost),Constrained,Constrained,Advanced cost,Constrained,50 Percent by 2050,hydrogen,2030,NA
h2r3b2n2c2p2,Green (Default cost),Constrained,Constrained,Advanced cost,Constrained,50 Percent by 2050,hydrogen,2040,NA
h2r3b2n2c2p2,Green (Default cost),Constrained,Constrained,Advanced cost,Constrained,50 Percent by 2050,hydrogen,2050,NA
h2r3b2n2c2p2,Green (Default cost),Constrained,Constrained,Advanced cost,Constrained,50 Percent by 2050,petroleum diesel,2030,31.91804
h2r3b2n2c2p2,Green (Default cost),Constrained,Constrained,Advanced cost,Constrained,50 Percent by 2050,petroleum diesel,2040,31.38912
h2r3b2n2c2p2,Green (Default cost),Constrained,Constrained,Advanced cost,Constrained,50 Percent by 2050,petroleum diesel,2050,32.103
h2r3b2n2c2p2,Green (Default cost),Constrained,Constrained,Advanced cost,Constrained,50 Percent by 2050,renewable diesel,2030,54.42816
h2r3b2n2c2p2,Green (Default cost),Constrained,Constrained,Advanced cost,Constrained,50 Percent by 2050,renewable diesel,2040,46.07006
h2r3b2n2c2p2,Green (Default cost),Constrained,Constrained,Advanced cost,Constrained,50 Percent by 2050,renewable diesel,2050,48.18742
h2r3b2n2c2p3,Green (Default cost),Constrained,Constrained,Advanced cost,Constrained,Net Zero by 2050,FT biofuels,2030,26.41315
h2r3b2n2c2p3,Green (Default cost),Constrained,Constrained,Advanced cost,Constrained,Net Zero by 2050,FT biofuels,2040,23.50425
h2r3b2n2c2p3,Green (Default cost),Constrained,Constrained,Advanced cost,Constrained,Net Zero by 2050,FT biofuels,2050,NA
h2r3b2n2c2p3,Green (Default cost),Constrained,Constrained,Advanced cost,Constrained,Net Zero by 2050,FT biofuels CCS,2030,21.56404
h2r3b2n2c2p3,Green (Default cost),Constrained,Constrained,Advanced cost,Constrained,Net Zero by 2050,FT biofuels CCS,2040,19.47518
h2r3b2n2c2p3,Green (Default cost),Constrained,Constrained,Advanced cost,Constrained,Net Zero by 2050,FT biofuels CCS,2050,NA
h2r3b2n2c2p3,Green (Default cost),Constrained,Constrained,Advanced cost,Constrained,Net Zero by 2050,LNG,2030,22.62323
h2r3b2n2c2p3,Green (Default cost),Constrained,Constrained,Advanced cost,Constrained,Net Zero by 2050,LNG,2040,26.18303
h2r3b2n2c2p3,Green (Default cost),Constrained,Constrained,Advanced cost,Constrained,Net Zero by 2050,LNG,2050,NA
h2r3b2n2c2p3,Green (Default cost),Constrained,Constrained,Advanced cost,Constrained,Net Zero by 2050,ammonia,2030,58.18598
h2r3b2n2c2p3,Green (Default cost),Constrained,Constrained,Advanced cost,Constrained,Net Zero by 2050,ammonia,2040,51.97184
h2r3b2n2c2p3,Green (Default cost),Constrained,Constrained,Advanced cost,Constrained,Net Zero by 2050,ammonia,2050,-222196.64
h2r3b2n2c2p3,Green (Default cost),Constrained,Constrained,Advanced cost,Constrained,Net Zero by 2050,e-diesel,2030,97.47076
h2r3b2n2c2p3,Green (Default cost),Constrained,Constrained,Advanced cost,Constrained,Net Zero by 2050,e-diesel,2040,82.4353
h2r3b2n2c2p3,Green (Default cost),Constrained,Constrained,Advanced cost,Constrained,Net Zero by 2050,e-diesel,2050,11471858
h2r3b2n2c2p3,Green (Default cost),Constrained,Constrained,Advanced cost,Constrained,Net Zero by 2050,electricity,2030,49.1017
h2r3b2n2c2p3,Green (Default cost),Constrained,Constrained,Advanced cost,Constrained,Net Zero by 2050,electricity,2040,41.64838
h2r3b2n2c2p3,Green (Default cost),Constrained,Constrained,Advanced cost,Constrained,Net Zero by 2050,electricity,2050,393.5204
h2r3b2n2c2p3,Green (Default cost),Constrained,Constrained,Advanced cost,Constrained,Net Zero by 2050,hydrogen,2030,NA
h2r3b2n2c2p3,Green (Default cost),Constrained,Constrained,Advanced cost,Constrained,Net Zero by 2050,hydrogen,2040,NA
h2r3b2n2c2p3,Green (Default cost),Constrained,Constrained,Advanced cost,Constrained,Net Zero by 2050,hydrogen,2050,NA
h2r3b2n2c2p3,Green (Default cost),Constrained,Constrained,Advanced cost,Constrained,Net Zero by 2050,petroleum diesel,2030,36.67414
h2r3b2n2c2p3,Green (Default cost),Constrained,Constrained,Advanced cost,Constrained,Net Zero by 2050,petroleum diesel,2040,37.55879
h2r3b2n2c2p3,Green (Default cost),Constrained,Constrained,Advanced cost,Constrained,Net Zero by 2050,petroleum diesel,2050,NA
h2r3b2n2c2p3,Green (Default cost),Constrained,Constrained,Advanced cost,Constrained,Net Zero by 2050,renewable diesel,2030,51.82858
h2r3b2n2c2p3,Green (Default cost),Constrained,Constrained,Advanced cost,Constrained,Net Zero by 2050,renewable diesel,2040,44.81796
h2r3b2n2c2p3,Green (Default cost),Constrained,Constrained,Advanced cost,Constrained,Net Zero by 2050,renewable diesel,2050,2420752000
h3r1b1n1c1p1,Green (Advanced cost),Default,Default,Default,Default,No policy,FT biofuels,2030,32.28788
h3r1b1n1c1p1,Green (Advanced cost),Default,Default,Default,Default,No policy,FT biofuels,2040,31.97274
h3r1b1n1c1p1,Green (Advanced cost),Default,Default,Default,Default,No policy,FT biofuels,2050,31.48923
h3r1b1n1c1p1,Green (Advanced cost),Default,Default,Default,Default,No policy,FT biofuels CCS,2030,35.99808
h3r1b1n1c1p1,Green (Advanced cost),Default,Default,Default,Default,No policy,FT biofuels CCS,2040,35.57452
h3r1b1n1c1p1,Green (Advanced cost),Default,Default,Default,Default,No policy,FT biofuels CCS,2050,35.1418
h3r1b1n1c1p1,Green (Advanced cost),Default,Default,Default,Default,No policy,LNG,2030,10.84695
h3r1b1n1c1p1,Green (Advanced cost),Default,Default,Default,Default,No policy,LNG,2040,10.57073
h3r1b1n1c1p1,Green (Advanced cost),Default,Default,Default,Default,No policy,LNG,2050,11.16197
h3r1b1n1c1p1,Green (Advanced cost),Default,Default,Default,Default,No policy,ammonia,2030,52.63038
h3r1b1n1c1p1,Green (Advanced cost),Default,Default,Default,Default,No policy,ammonia,2040,47.61628
h3r1b1n1c1p1,Green (Advanced cost),Default,Default,Default,Default,No policy,ammonia,2050,42.81498
h3r1b1n1c1p1,Green (Advanced cost),Default,Default,Default,Default,No policy,e-diesel,2030,91.14794
h3r1b1n1c1p1,Green (Advanced cost),Default,Default,Default,Default,No policy,e-diesel,2040,86.53588
h3r1b1n1c1p1,Green (Advanced cost),Default,Default,Default,Default,No policy,e-diesel,2050,82.67964
h3r1b1n1c1p1,Green (Advanced cost),Default,Default,Default,Default,No policy,electricity,2030,40.56956
h3r1b1n1c1p1,Green (Advanced cost),Default,Default,Default,Default,No policy,electricity,2040,39.25324
h3r1b1n1c1p1,Green (Advanced cost),Default,Default,Default,Default,No policy,electricity,2050,38.59584
h3r1b1n1c1p1,Green (Advanced cost),Default,Default,Default,Default,No policy,hydrogen,2030,NA
h3r1b1n1c1p1,Green (Advanced cost),Default,Default,Default,Default,No policy,hydrogen,2040,NA
h3r1b1n1c1p1,Green (Advanced cost),Default,Default,Default,Default,No policy,hydrogen,2050,NA
h3r1b1n1c1p1,Green (Advanced cost),Default,Default,Default,Default,No policy,petroleum diesel,2030,28.31509
h3r1b1n1c1p1,Green (Advanced cost),Default,Default,Default,Default,No policy,petroleum diesel,2040,27.33374
h3r1b1n1c1p1,Green (Advanced cost),Default,Default,Default,Default,No policy,petroleum diesel,2050,26.63253
h3r1b1n1c1p1,Green (Advanced cost),Default,Default,Default,Default,No policy,renewable diesel,2030,56.5041
h3r1b1n1c1p1,Green (Advanced cost),Default,Default,Default,Default,No policy,renewable diesel,2040,49.3031
h3r1b1n1c1p1,Green (Advanced cost),Default,Default,Default,Default,No policy,renewable diesel,2050,49.93504
h3r1b1n1c1p2,Green (Advanced cost),Default,Default,Default,Default,50 Percent by 2050,FT biofuels,2030,31.18664
h3r1b1n1c1p2,Green (Advanced cost),Default,Default,Default,Default,50 Percent by 2050,FT biofuels,2040,29.4649
h3r1b1n1c1p2,Green (Advanced cost),Default,Default,Default,Default,50 Percent by 2050,FT biofuels,2050,32.18015
h3r1b1n1c1p2,Green (Advanced cost),Default,Default,Default,Default,50 Percent by 2050,FT biofuels CCS,2030,30.97608
h3r1b1n1c1p2,Green (Advanced cost),Default,Default,Default,Default,50 Percent by 2050,FT biofuels CCS,2040,26.19596
h3r1b1n1c1p2,Green (Advanced cost),Default,Default,Default,Default,50 Percent by 2050,FT biofuels CCS,2050,27.03819
h3r1b1n1c1p2,Green (Advanced cost),Default,Default,Default,Default,50 Percent by 2050,LNG,2030,15.38144
h3r1b1n1c1p2,Green (Advanced cost),Default,Default,Default,Default,50 Percent by 2050,LNG,2040,18.80869
h3r1b1n1c1p2,Green (Advanced cost),Default,Default,Default,Default,50 Percent by 2050,LNG,2050,22.08576
h3r1b1n1c1p2,Green (Advanced cost),Default,Default,Default,Default,50 Percent by 2050,ammonia,2030,53.38278
h3r1b1n1c1p2,Green (Advanced cost),Default,Default,Default,Default,50 Percent by 2050,ammonia,2040,48.336
h3r1b1n1c1p2,Green (Advanced cost),Default,Default,Default,Default,50 Percent by 2050,ammonia,2050,43.1661
h3r1b1n1c1p2,Green (Advanced cost),Default,Default,Default,Default,50 Percent by 2050,e-diesel,2030,92.37002
h3r1b1n1c1p2,Green (Advanced cost),Default,Default,Default,Default,50 Percent by 2050,e-diesel,2040,88.42638
h3r1b1n1c1p2,Green (Advanced cost),Default,Default,Default,Default,50 Percent by 2050,e-diesel,2050,84.2745
h3r1b1n1c1p2,Green (Advanced cost),Default,Default,Default,Default,50 Percent by 2050,electricity,2030,44.1465
h3r1b1n1c1p2,Green (Advanced cost),Default,Default,Default,Default,50 Percent by 2050,electricity,2040,45.42292
h3r1b1n1c1p2,Green (Advanced cost),Default,Default,Default,Default,50 Percent by 2050,electricity,2050,46.0009
h3r1b1n1c1p2,Green (Advanced cost),Default,Default,Default,Default,50 Percent by 2050,hydrogen,2030,NA
h3r1b1n1c1p2,Green (Advanced cost),Default,Default,Default,Default,50 Percent by 2050,hydrogen,2040,NA
h3r1b1n1c1p2,Green (Advanced cost),Default,Default,Default,Default,50 Percent by 2050,hydrogen,2050,NA
h3r1b1n1c1p2,Green (Advanced cost),Default,Default,Default,Default,50 Percent by 2050,petroleum diesel,2030,31.45563
h3r1b1n1c1p2,Green (Advanced cost),Default,Default,Default,Default,50 Percent by 2050,petroleum diesel,2040,32.1948
h3r1b1n1c1p2,Green (Advanced cost),Default,Default,Default,Default,50 Percent by 2050,petroleum diesel,2050,32.20923
h3r1b1n1c1p2,Green (Advanced cost),Default,Default,Default,Default,50 Percent by 2050,renewable diesel,2030,54.24842
h3r1b1n1c1p2,Green (Advanced cost),Default,Default,Default,Default,50 Percent by 2050,renewable diesel,2040,45.8033
h3r1b1n1c1p2,Green (Advanced cost),Default,Default,Default,Default,50 Percent by 2050,renewable diesel,2050,48.58832
h3r1b1n1c1p3,Green (Advanced cost),Default,Default,Default,Default,Net Zero by 2050,FT biofuels,2030,26.94983
h3r1b1n1c1p3,Green (Advanced cost),Default,Default,Default,Default,Net Zero by 2050,FT biofuels,2040,25.13989
h3r1b1n1c1p3,Green (Advanced cost),Default,Default,Default,Default,Net Zero by 2050,FT biofuels,2050,19.49884
h3r1b1n1c1p3,Green (Advanced cost),Default,Default,Default,Default,Net Zero by 2050,FT biofuels CCS,2030,21.16902
h3r1b1n1c1p3,Green (Advanced cost),Default,Default,Default,Default,Net Zero by 2050,FT biofuels CCS,2040,17.01917
h3r1b1n1c1p3,Green (Advanced cost),Default,Default,Default,Default,Net Zero by 2050,FT biofuels CCS,2050,4.96123
h3r1b1n1c1p3,Green (Advanced cost),Default,Default,Default,Default,Net Zero by 2050,LNG,2030,21.79617
h3r1b1n1c1p3,Green (Advanced cost),Default,Default,Default,Default,Net Zero by 2050,LNG,2040,24.74888
h3r1b1n1c1p3,Green (Advanced cost),Default,Default,Default,Default,Net Zero by 2050,LNG,2050,33.13543
h3r1b1n1c1p3,Green (Advanced cost),Default,Default,Default,Default,Net Zero by 2050,ammonia,2030,53.95924
h3r1b1n1c1p3,Green (Advanced cost),Default,Default,Default,Default,Net Zero by 2050,ammonia,2040,48.54918
h3r1b1n1c1p3,Green (Advanced cost),Default,Default,Default,Default,Net Zero by 2050,ammonia,2050,43.17104
h3r1b1n1c1p3,Green (Advanced cost),Default,Default,Default,Default,Net Zero by 2050,e-diesel,2030,92.28908
h3r1b1n1c1p3,Green (Advanced cost),Default,Default,Default,Default,Net Zero by 2050,e-diesel,2040,87.39088
h3r1b1n1c1p3,Green (Advanced cost),Default,Default,Default,Default,Net Zero by 2050,e-diesel,2050,79.7149
h3r1b1n1c1p3,Green (Advanced cost),Default,Default,Default,Default,Net Zero by 2050,electricity,2030,47.4506
h3r1b1n1c1p3,Green (Advanced cost),Default,Default,Default,Default,Net Zero by 2050,electricity,2040,47.7413
h3r1b1n1c1p3,Green (Advanced cost),Default,Default,Default,Default,Net Zero by 2050,electricity,2050,48.12358
h3r1b1n1c1p3,Green (Advanced cost),Default,Default,Default,Default,Net Zero by 2050,hydrogen,2030,NA
h3r1b1n1c1p3,Green (Advanced cost),Default,Default,Default,Default,Net Zero by 2050,hydrogen,2040,NA
h3r1b1n1c1p3,Green (Advanced cost),Default,Default,Default,Default,Net Zero by 2050,hydrogen,2050,NA
h3r1b1n1c1p3,Green (Advanced cost),Default,Default,Default,Default,Net Zero by 2050,petroleum diesel,2030,35.98563
h3r1b1n1c1p3,Green (Advanced cost),Default,Default,Default,Default,Net Zero by 2050,petroleum diesel,2040,35.5813
h3r1b1n1c1p3,Green (Advanced cost),Default,Default,Default,Default,Net Zero by 2050,petroleum diesel,2050,38.99528
h3r1b1n1c1p3,Green (Advanced cost),Default,Default,Default,Default,Net Zero by 2050,renewable diesel,2030,52.0125
h3r1b1n1c1p3,Green (Advanced cost),Default,Default,Default,Default,Net Zero by 2050,renewable diesel,2040,48.40212
h3r1b1n1c1p3,Green (Advanced cost),Default,Default,Default,Default,Net Zero by 2050,renewable diesel,2050,45.92378
h3r1b1n1c2p1,Green (Advanced cost),Default,Default,Default,Constrained,No policy,FT biofuels,2030,32.25923
h3r1b1n1c2p1,Green (Advanced cost),Default,Default,Default,Constrained,No policy,FT biofuels,2040,31.89154
h3r1b1n1c2p1,Green (Advanced cost),Default,Default,Default,Constrained,No policy,FT biofuels,2050,31.32595
h3r1b1n1c2p1,Green (Advanced cost),Default,Default,Default,Constrained,No policy,FT biofuels CCS,2030,36.3735
h3r1b1n1c2p1,Green (Advanced cost),Default,Default,Default,Constrained,No policy,FT biofuels CCS,2040,36.72912
h3r1b1n1c2p1,Green (Advanced cost),Default,Default,Default,Constrained,No policy,FT biofuels CCS,2050,37.47497
h3r1b1n1c2p1,Green (Advanced cost),Default,Default,Default,Constrained,No policy,LNG,2030,10.84702
h3r1b1n1c2p1,Green (Advanced cost),Default,Default,Default,Constrained,No policy,LNG,2040,10.57099
h3r1b1n1c2p1,Green (Advanced cost),Default,Default,Default,Constrained,No policy,LNG,2050,11.16413
h3r1b1n1c2p1,Green (Advanced cost),Default,Default,Default,Constrained,No policy,ammonia,2030,52.63114
h3r1b1n1c2p1,Green (Advanced cost),Default,Default,Default,Constrained,No policy,ammonia,2040,47.6178
h3r1b1n1c2p1,Green (Advanced cost),Default,Default,Default,Constrained,No policy,ammonia,2050,42.81764
h3r1b1n1c2p1,Green (Advanced cost),Default,Default,Default,Constrained,No policy,e-diesel,2030,91.13768
h3r1b1n1c2p1,Green (Advanced cost),Default,Default,Default,Constrained,No policy,e-diesel,2040,86.50548
h3r1b1n1c2p1,Green (Advanced cost),Default,Default,Default,Constrained,No policy,e-diesel,2050,82.62796
h3r1b1n1c2p1,Green (Advanced cost),Default,Default,Default,Constrained,No policy,electricity,2030,40.56006
h3r1b1n1c2p1,Green (Advanced cost),Default,Default,Default,Constrained,No policy,electricity,2040,39.22474
h3r1b1n1c2p1,Green (Advanced cost),Default,Default,Default,Constrained,No policy,electricity,2050,38.54758
h3r1b1n1c2p1,Green (Advanced cost),Default,Default,Default,Constrained,No policy,hydrogen,2030,NA
h3r1b1n1c2p1,Green (Advanced cost),Default,Default,Default,Constrained,No policy,hydrogen,2040,NA
h3r1b1n1c2p1,Green (Advanced cost),Default,Default,Default,Constrained,No policy,hydrogen,2050,NA
h3r1b1n1c2p1,Green (Advanced cost),Default,Default,Default,Constrained,No policy,petroleum diesel,2030,28.31912
h3r1b1n1c2p1,Green (Advanced cost),Default,Default,Default,Constrained,No policy,petroleum diesel,2040,27.37345
h3r1b1n1c2p1,Green (Advanced cost),Default,Default,Default,Constrained,No policy,petroleum diesel,2050,26.74045
h3r1b1n1c2p1,Green (Advanced cost),Default,Default,Default,Constrained,No policy,renewable diesel,2030,56.51968
h3r1b1n1c2p1,Green (Advanced cost),Default,Default,Default,Constrained,No policy,renewable diesel,2040,49.38404
h3r1b1n1c2p1,Green (Advanced cost),Default,Default,Default,Constrained,No policy,renewable diesel,2050,50.30098
h3r1b1n1c2p2,Green (Advanced cost),Default,Default,Default,Constrained,50 Percent by 2050,FT biofuels,2030,30.91585
h3r1b1n1c2p2,Green (Advanced cost),Default,Default,Default,Constrained,50 Percent by 2050,FT biofuels,2040,28.77086
h3r1b1n1c2p2,Green (Advanced cost),Default,Default,Default,Constrained,50 Percent by 2050,FT biofuels,2050,29.89183
h3r1b1n1c2p2,Green (Advanced cost),Default,Default,Default,Constrained,50 Percent by 2050,FT biofuels CCS,2030,31.08293
h3r1b1n1c2p2,Green (Advanced cost),Default,Default,Default,Constrained,50 Percent by 2050,FT biofuels CCS,2040,27.20058
h3r1b1n1c2p2,Green (Advanced cost),Default,Default,Default,Constrained,50 Percent by 2050,FT biofuels CCS,2050,28.48329
h3r1b1n1c2p2,Green (Advanced cost),Default,Default,Default,Constrained,50 Percent by 2050,LNG,2030,15.50508
h3r1b1n1c2p2,Green (Advanced cost),Default,Default,Default,Constrained,50 Percent by 2050,LNG,2040,19.54778
h3r1b1n1c2p2,Green (Advanced cost),Default,Default,Default,Constrained,50 Percent by 2050,LNG,2050,24.26908
h3r1b1n1c2p2,Green (Advanced cost),Default,Default,Default,Constrained,50 Percent by 2050,ammonia,2030,53.42724
h3r1b1n1c2p2,Green (Advanced cost),Default,Default,Default,Constrained,50 Percent by 2050,ammonia,2040,48.43898
h3r1b1n1c2p2,Green (Advanced cost),Default,Default,Default,Constrained,50 Percent by 2050,ammonia,2050,43.24324
h3r1b1n1c2p2,Green (Advanced cost),Default,Default,Default,Constrained,50 Percent by 2050,e-diesel,2030,92.32784
h3r1b1n1c2p2,Green (Advanced cost),Default,Default,Default,Constrained,50 Percent by 2050,e-diesel,2040,88.46324
h3r1b1n1c2p2,Green (Advanced cost),Default,Default,Default,Constrained,50 Percent by 2050,e-diesel,2050,84.45424
h3r1b1n1c2p2,Green (Advanced cost),Default,Default,Default,Constrained,50 Percent by 2050,electricity,2030,44.20046
h3r1b1n1c2p2,Green (Advanced cost),Default,Default,Default,Constrained,50 Percent by 2050,electricity,2040,45.85878
h3r1b1n1c2p2,Green (Advanced cost),Default,Default,Default,Constrained,50 Percent by 2050,electricity,2050,47.35636
h3r1b1n1c2p2,Green (Advanced cost),Default,Default,Default,Constrained,50 Percent by 2050,hydrogen,2030,NA
h3r1b1n1c2p2,Green (Advanced cost),Default,Default,Default,Constrained,50 Percent by 2050,hydrogen,2040,NA
h3r1b1n1c2p2,Green (Advanced cost),Default,Default,Default,Constrained,50 Percent by 2050,hydrogen,2050,NA
h3r1b1n1c2p2,Green (Advanced cost),Default,Default,Default,Constrained,50 Percent by 2050,petroleum diesel,2030,31.57668
h3r1b1n1c2p2,Green (Advanced cost),Default,Default,Default,Constrained,50 Percent by 2050,petroleum diesel,2040,32.6761
h3r1b1n1c2p2,Green (Advanced cost),Default,Default,Default,Constrained,50 Percent by 2050,petroleum diesel,2050,33.53779
h3r1b1n1c2p2,Green (Advanced cost),Default,Default,Default,Constrained,50 Percent by 2050,renewable diesel,2030,54.15874
h3r1b1n1c2p2,Green (Advanced cost),Default,Default,Default,Constrained,50 Percent by 2050,renewable diesel,2040,45.42786
h3r1b1n1c2p2,Green (Advanced cost),Default,Default,Default,Constrained,50 Percent by 2050,renewable diesel,2050,48.04872
h3r1b1n1c2p3,Green (Advanced cost),Default,Default,Default,Constrained,Net Zero by 2050,FT biofuels,2030,26.4116
h3r1b1n1c2p3,Green (Advanced cost),Default,Default,Default,Constrained,Net Zero by 2050,FT biofuels,2040,22.75174
h3r1b1n1c2p3,Green (Advanced cost),Default,Default,Default,Constrained,Net Zero by 2050,FT biofuels,2050,9.62065
h3r1b1n1c2p3,Green (Advanced cost),Default,Default,Default,Constrained,Net Zero by 2050,FT biofuels CCS,2030,21.75334
h3r1b1n1c2p3,Green (Advanced cost),Default,Default,Default,Constrained,Net Zero by 2050,FT biofuels CCS,2040,17.55475
h3r1b1n1c2p3,Green (Advanced cost),Default,Default,Default,Constrained,Net Zero by 2050,FT biofuels CCS,2050,18.57529
h3r1b1n1c2p3,Green (Advanced cost),Default,Default,Default,Constrained,Net Zero by 2050,LNG,2030,22.34705
h3r1b1n1c2p3,Green (Advanced cost),Default,Default,Default,Constrained,Net Zero by 2050,LNG,2040,28.11649
h3r1b1n1c2p3,Green (Advanced cost),Default,Default,Default,Constrained,Net Zero by 2050,LNG,2050,48.75795
h3r1b1n1c2p3,Green (Advanced cost),Default,Default,Default,Constrained,Net Zero by 2050,ammonia,2030,54.0398
h3r1b1n1c2p3,Green (Advanced cost),Default,Default,Default,Constrained,Net Zero by 2050,ammonia,2040,48.7958
h3r1b1n1c2p3,Green (Advanced cost),Default,Default,Default,Constrained,Net Zero by 2050,ammonia,2050,43.57156
h3r1b1n1c2p3,Green (Advanced cost),Default,Default,Default,Constrained,Net Zero by 2050,e-diesel,2030,92.36432
h3r1b1n1c2p3,Green (Advanced cost),Default,Default,Default,Constrained,Net Zero by 2050,e-diesel,2040,87.6299
h3r1b1n1c2p3,Green (Advanced cost),Default,Default,Default,Constrained,Net Zero by 2050,e-diesel,2050,74.09696
h3r1b1n1c2p3,Green (Advanced cost),Default,Default,Default,Constrained,Net Zero by 2050,electricity,2030,47.8116
h3r1b1n1c2p3,Green (Advanced cost),Default,Default,Default,Constrained,Net Zero by 2050,electricity,2040,49.74884
h3r1b1n1c2p3,Green (Advanced cost),Default,Default,Default,Constrained,Net Zero by 2050,electricity,2050,51.775
h3r1b1n1c2p3,Green (Advanced cost),Default,Default,Default,Constrained,Net Zero by 2050,hydrogen,2030,NA
h3r1b1n1c2p3,Green (Advanced cost),Default,Default,Default,Constrained,Net Zero by 2050,hydrogen,2040,NA
h3r1b1n1c2p3,Green (Advanced cost),Default,Default,Default,Constrained,Net Zero by 2050,hydrogen,2050,NA
h3r1b1n1c2p3,Green (Advanced cost),Default,Default,Default,Constrained,Net Zero by 2050,petroleum diesel,2030,36.44229
h3r1b1n1c2p3,Green (Advanced cost),Default,Default,Default,Constrained,Net Zero by 2050,petroleum diesel,2040,38.09853
h3r1b1n1c2p3,Green (Advanced cost),Default,Default,Default,Constrained,Net Zero by 2050,petroleum diesel,2050,48.66092
h3r1b1n1c2p3,Green (Advanced cost),Default,Default,Default,Constrained,Net Zero by 2050,renewable diesel,2030,51.48126
h3r1b1n1c2p3,Green (Advanced cost),Default,Default,Default,Constrained,Net Zero by 2050,renewable diesel,2040,46.87756
h3r1b1n1c2p3,Green (Advanced cost),Default,Default,Default,Constrained,Net Zero by 2050,renewable diesel,2050,44.59414
h3r1b1n2c1p1,Green (Advanced cost),Default,Default,Advanced cost,Default,No policy,FT biofuels,2030,32.27948
h3r1b1n2c1p1,Green (Advanced cost),Default,Default,Advanced cost,Default,No policy,FT biofuels,2040,31.85358
h3r1b1n2c1p1,Green (Advanced cost),Default,Default,Advanced cost,Default,No policy,FT biofuels,2050,31.34426
h3r1b1n2c1p1,Green (Advanced cost),Default,Default,Advanced cost,Default,No policy,FT biofuels CCS,2030,35.99001
h3r1b1n2c1p1,Green (Advanced cost),Default,Default,Advanced cost,Default,No policy,FT biofuels CCS,2040,35.4405
h3r1b1n2c1p1,Green (Advanced cost),Default,Default,Advanced cost,Default,No policy,FT biofuels CCS,2050,34.97523
h3r1b1n2c1p1,Green (Advanced cost),Default,Default,Advanced cost,Default,No policy,LNG,2030,10.83395
h3r1b1n2c1p1,Green (Advanced cost),Default,Default,Advanced cost,Default,No policy,LNG,2040,10.44137
h3r1b1n2c1p1,Green (Advanced cost),Default,Default,Advanced cost,Default,No policy,LNG,2050,10.9893
h3r1b1n2c1p1,Green (Advanced cost),Default,Default,Advanced cost,Default,No policy,ammonia,2030,52.592
h3r1b1n2c1p1,Green (Advanced cost),Default,Default,Advanced cost,Default,No policy,ammonia,2040,47.54218
h3r1b1n2c1p1,Green (Advanced cost),Default,Default,Advanced cost,Default,No policy,ammonia,2050,42.7063
h3r1b1n2c1p1,Green (Advanced cost),Default,Default,Advanced cost,Default,No policy,e-diesel,2030,91.42952
h3r1b1n2c1p1,Green (Advanced cost),Default,Default,Advanced cost,Default,No policy,e-diesel,2040,84.19204
h3r1b1n2c1p1,Green (Advanced cost),Default,Default,Advanced cost,Default,No policy,e-diesel,2050,80.54024
h3r1b1n2c1p1,Green (Advanced cost),Default,Default,Advanced cost,Default,No policy,electricity,2030,40.85494
h3r1b1n2c1p1,Green (Advanced cost),Default,Default,Advanced cost,Default,No policy,electricity,2040,37.23289
h3r1b1n2c1p1,Green (Advanced cost),Default,Default,Advanced cost,Default,No policy,electricity,2050,36.80053
h3r1b1n2c1p1,Green (Advanced cost),Default,Default,Advanced cost,Default,No policy,hydrogen,2030,NA
h3r1b1n2c1p1,Green (Advanced cost),Default,Default,Advanced cost,Default,No policy,hydrogen,2040,NA
h3r1b1n2c1p1,Green (Advanced cost),Default,Default,Advanced cost,Default,No policy,hydrogen,2050,NA
h3r1b1n2c1p1,Green (Advanced cost),Default,Default,Advanced cost,Default,No policy,petroleum diesel,2030,28.31258
h3r1b1n2c1p1,Green (Advanced cost),Default,Default,Advanced cost,Default,No policy,petroleum diesel,2040,27.13945
h3r1b1n2c1p1,Green (Advanced cost),Default,Default,Advanced cost,Default,No policy,petroleum diesel,2050,26.41961
h3r1b1n2c1p1,Green (Advanced cost),Default,Default,Advanced cost,Default,No policy,renewable diesel,2030,56.50942
h3r1b1n2c1p1,Green (Advanced cost),Default,Default,Advanced cost,Default,No policy,renewable diesel,2040,49.06408
h3r1b1n2c1p1,Green (Advanced cost),Default,Default,Advanced cost,Default,No policy,renewable diesel,2050,49.57252
h3r1b1n2c1p2,Green (Advanced cost),Default,Default,Advanced cost,Default,50 Percent by 2050,FT biofuels,2030,31.42881
h3r1b1n2c1p2,Green (Advanced cost),Default,Default,Advanced cost,Default,50 Percent by 2050,FT biofuels,2040,30.17192
h3r1b1n2c1p2,Green (Advanced cost),Default,Default,Advanced cost,Default,50 Percent by 2050,FT biofuels,2050,31.41289
h3r1b1n2c1p2,Green (Advanced cost),Default,Default,Advanced cost,Default,50 Percent by 2050,FT biofuels CCS,2030,31.65763
h3r1b1n2c1p2,Green (Advanced cost),Default,Default,Advanced cost,Default,50 Percent by 2050,FT biofuels CCS,2040,28.7391
h3r1b1n2c1p2,Green (Advanced cost),Default,Default,Advanced cost,Default,50 Percent by 2050,FT biofuels CCS,2050,28.07617
h3r1b1n2c1p2,Green (Advanced cost),Default,Default,Advanced cost,Default,50 Percent by 2050,LNG,2030,14.86257
h3r1b1n2c1p2,Green (Advanced cost),Default,Default,Advanced cost,Default,50 Percent by 2050,LNG,2040,16.34106
h3r1b1n2c1p2,Green (Advanced cost),Default,Default,Advanced cost,Default,50 Percent by 2050,LNG,2050,19.54922
h3r1b1n2c1p2,Green (Advanced cost),Default,Default,Advanced cost,Default,50 Percent by 2050,ammonia,2030,53.2779
h3r1b1n2c1p2,Green (Advanced cost),Default,Default,Advanced cost,Default,50 Percent by 2050,ammonia,2040,48.078360000000004
h3r1b1n2c1p2,Green (Advanced cost),Default,Default,Advanced cost,Default,50 Percent by 2050,ammonia,2050,42.97496
h3r1b1n2c1p2,Green (Advanced cost),Default,Default,Advanced cost,Default,50 Percent by 2050,e-diesel,2030,92.33544
h3r1b1n2c1p2,Green (Advanced cost),Default,Default,Advanced cost,Default,50 Percent by 2050,e-diesel,2040,83.14894
h3r1b1n2c1p2,Green (Advanced cost),Default,Default,Advanced cost,Default,50 Percent by 2050,e-diesel,2050,78.60376
h3r1b1n2c1p2,Green (Advanced cost),Default,Default,Advanced cost,Default,50 Percent by 2050,electricity,2030,43.87974
h3r1b1n2c1p2,Green (Advanced cost),Default,Default,Advanced cost,Default,50 Percent by 2050,electricity,2040,39.58004
h3r1b1n2c1p2,Green (Advanced cost),Default,Default,Advanced cost,Default,50 Percent by 2050,electricity,2050,39.8601
h3r1b1n2c1p2,Green (Advanced cost),Default,Default,Advanced cost,Default,50 Percent by 2050,hydrogen,2030,NA
h3r1b1n2c1p2,Green (Advanced cost),Default,Default,Advanced cost,Default,50 Percent by 2050,hydrogen,2040,NA
h3r1b1n2c1p2,Green (Advanced cost),Default,Default,Advanced cost,Default,50 Percent by 2050,hydrogen,2050,NA
h3r1b1n2c1p2,Green (Advanced cost),Default,Default,Advanced cost,Default,50 Percent by 2050,petroleum diesel,2030,31.09019
h3r1b1n2c1p2,Green (Advanced cost),Default,Default,Advanced cost,Default,50 Percent by 2050,petroleum diesel,2040,30.43596
h3r1b1n2c1p2,Green (Advanced cost),Default,Default,Advanced cost,Default,50 Percent by 2050,petroleum diesel,2050,30.48613
h3r1b1n2c1p2,Green (Advanced cost),Default,Default,Advanced cost,Default,50 Percent by 2050,renewable diesel,2030,54.51518
h3r1b1n2c1p2,Green (Advanced cost),Default,Default,Advanced cost,Default,50 Percent by 2050,renewable diesel,2040,46.29578
h3r1b1n2c1p2,Green (Advanced cost),Default,Default,Advanced cost,Default,50 Percent by 2050,renewable diesel,2050,47.90318
h3r1b1n2c1p3,Green (Advanced cost),Default,Default,Advanced cost,Default,Net Zero by 2050,FT biofuels,2030,26.97529
h3r1b1n2c1p3,Green (Advanced cost),Default,Default,Advanced cost,Default,Net Zero by 2050,FT biofuels,2040,25.24625
h3r1b1n2c1p3,Green (Advanced cost),Default,Default,Advanced cost,Default,Net Zero by 2050,FT biofuels,2050,20.73554
h3r1b1n2c1p3,Green (Advanced cost),Default,Default,Advanced cost,Default,Net Zero by 2050,FT biofuels CCS,2030,21.36608
h3r1b1n2c1p3,Green (Advanced cost),Default,Default,Advanced cost,Default,Net Zero by 2050,FT biofuels CCS,2040,18.13915
h3r1b1n2c1p3,Green (Advanced cost),Default,Default,Advanced cost,Default,Net Zero by 2050,FT biofuels CCS,2050,8.19297
h3r1b1n2c1p3,Green (Advanced cost),Default,Default,Advanced cost,Default,Net Zero by 2050,LNG,2030,21.34851
h3r1b1n2c1p3,Green (Advanced cost),Default,Default,Advanced cost,Default,Net Zero by 2050,LNG,2040,23.23977
h3r1b1n2c1p3,Green (Advanced cost),Default,Default,Advanced cost,Default,Net Zero by 2050,LNG,2050,30.32162
h3r1b1n2c1p3,Green (Advanced cost),Default,Default,Advanced cost,Default,Net Zero by 2050,ammonia,2030,53.8403
h3r1b1n2c1p3,Green (Advanced cost),Default,Default,Advanced cost,Default,Net Zero by 2050,ammonia,2040,48.39832
h3r1b1n2c1p3,Green (Advanced cost),Default,Default,Advanced cost,Default,Net Zero by 2050,ammonia,2050,43.0179
h3r1b1n2c1p3,Green (Advanced cost),Default,Default,Advanced cost,Default,Net Zero by 2050,e-diesel,2030,91.51844
h3r1b1n2c1p3,Green (Advanced cost),Default,Default,Advanced cost,Default,Net Zero by 2050,e-diesel,2040,79.96226
h3r1b1n2c1p3,Green (Advanced cost),Default,Default,Advanced cost,Default,Net Zero by 2050,e-diesel,2050,72.53706
h3r1b1n2c1p3,Green (Advanced cost),Default,Default,Advanced cost,Default,Net Zero by 2050,electricity,2030,46.70732
h3r1b1n2c1p3,Green (Advanced cost),Default,Default,Advanced cost,Default,Net Zero by 2050,electricity,2040,40.5194
h3r1b1n2c1p3,Green (Advanced cost),Default,Default,Advanced cost,Default,Net Zero by 2050,electricity,2050,40.52586
h3r1b1n2c1p3,Green (Advanced cost),Default,Default,Advanced cost,Default,Net Zero by 2050,hydrogen,2030,NA
h3r1b1n2c1p3,Green (Advanced cost),Default,Default,Advanced cost,Default,Net Zero by 2050,hydrogen,2040,NA
h3r1b1n2c1p3,Green (Advanced cost),Default,Default,Advanced cost,Default,Net Zero by 2050,hydrogen,2050,NA
h3r1b1n2c1p3,Green (Advanced cost),Default,Default,Advanced cost,Default,Net Zero by 2050,petroleum diesel,2030,35.81765
h3r1b1n2c1p3,Green (Advanced cost),Default,Default,Advanced cost,Default,Net Zero by 2050,petroleum diesel,2040,34.99129
h3r1b1n2c1p3,Green (Advanced cost),Default,Default,Advanced cost,Default,Net Zero by 2050,petroleum diesel,2050,36.87864
h3r1b1n2c1p3,Green (Advanced cost),Default,Default,Advanced cost,Default,Net Zero by 2050,renewable diesel,2030,51.93612
h3r1b1n2c1p3,Green (Advanced cost),Default,Default,Advanced cost,Default,Net Zero by 2050,renewable diesel,2040,46.42384
h3r1b1n2c1p3,Green (Advanced cost),Default,Default,Advanced cost,Default,Net Zero by 2050,renewable diesel,2050,44.80466
h3r1b1n2c2p1,Green (Advanced cost),Default,Default,Advanced cost,Constrained,No policy,FT biofuels,2030,32.25087
h3r1b1n2c2p1,Green (Advanced cost),Default,Default,Advanced cost,Constrained,No policy,FT biofuels,2040,31.77476
h3r1b1n2c2p1,Green (Advanced cost),Default,Default,Advanced cost,Constrained,No policy,FT biofuels,2050,31.18531
h3r1b1n2c2p1,Green (Advanced cost),Default,Default,Advanced cost,Constrained,No policy,FT biofuels CCS,2030,36.36188
h3r1b1n2c2p1,Green (Advanced cost),Default,Default,Advanced cost,Constrained,No policy,FT biofuels CCS,2040,36.57663
h3r1b1n2c2p1,Green (Advanced cost),Default,Default,Advanced cost,Constrained,No policy,FT biofuels CCS,2050,37.25485
h3r1b1n2c2p1,Green (Advanced cost),Default,Default,Advanced cost,Constrained,No policy,LNG,2030,10.83403
h3r1b1n2c2p1,Green (Advanced cost),Default,Default,Advanced cost,Constrained,No policy,LNG,2040,10.44183
h3r1b1n2c2p1,Green (Advanced cost),Default,Default,Advanced cost,Constrained,No policy,LNG,2050,10.99154
h3r1b1n2c2p1,Green (Advanced cost),Default,Default,Advanced cost,Constrained,No policy,ammonia,2030,52.59276
h3r1b1n2c2p1,Green (Advanced cost),Default,Default,Advanced cost,Constrained,No policy,ammonia,2040,47.5437
h3r1b1n2c2p1,Green (Advanced cost),Default,Default,Advanced cost,Constrained,No policy,ammonia,2050,42.70934
h3r1b1n2c2p1,Green (Advanced cost),Default,Default,Advanced cost,Constrained,No policy,e-diesel,2030,91.42002
h3r1b1n2c2p1,Green (Advanced cost),Default,Default,Advanced cost,Constrained,No policy,e-diesel,2040,84.17646
h3r1b1n2c2p1,Green (Advanced cost),Default,Default,Advanced cost,Constrained,No policy,e-diesel,2050,80.51212
h3r1b1n2c2p1,Green (Advanced cost),Default,Default,Advanced cost,Constrained,No policy,electricity,2030,40.84582
h3r1b1n2c2p1,Green (Advanced cost),Default,Default,Advanced cost,Constrained,No policy,electricity,2040,37.21769
h3r1b1n2c2p1,Green (Advanced cost),Default,Default,Advanced cost,Constrained,No policy,electricity,2050,36.77283
h3r1b1n2c2p1,Green (Advanced cost),Default,Default,Advanced cost,Constrained,No policy,hydrogen,2030,NA
h3r1b1n2c2p1,Green (Advanced cost),Default,Default,Advanced cost,Constrained,No policy,hydrogen,2040,NA
h3r1b1n2c2p1,Green (Advanced cost),Default,Default,Advanced cost,Constrained,No policy,hydrogen,2050,NA
h3r1b1n2c2p1,Green (Advanced cost),Default,Default,Advanced cost,Constrained,No policy,petroleum diesel,2030,28.31665
h3r1b1n2c2p1,Green (Advanced cost),Default,Default,Advanced cost,Constrained,No policy,petroleum diesel,2040,27.17798
h3r1b1n2c2p1,Green (Advanced cost),Default,Default,Advanced cost,Constrained,No policy,petroleum diesel,2050,26.52742
h3r1b1n2c2p1,Green (Advanced cost),Default,Default,Advanced cost,Constrained,No policy,renewable diesel,2030,56.525
h3r1b1n2c2p1,Green (Advanced cost),Default,Default,Advanced cost,Constrained,No policy,renewable diesel,2040,49.1454
h3r1b1n2c2p1,Green (Advanced cost),Default,Default,Advanced cost,Constrained,No policy,renewable diesel,2050,49.93618
h3r1b1n2c2p2,Green (Advanced cost),Default,Default,Advanced cost,Constrained,50 Percent by 2050,FT biofuels,2030,31.16543
h3r1b1n2c2p2,Green (Advanced cost),Default,Default,Advanced cost,Constrained,50 Percent by 2050,FT biofuels,2040,29.62879
h3r1b1n2c2p2,Green (Advanced cost),Default,Default,Advanced cost,Constrained,50 Percent by 2050,FT biofuels,2050,29.7521
h3r1b1n2c2p2,Green (Advanced cost),Default,Default,Advanced cost,Constrained,50 Percent by 2050,FT biofuels CCS,2030,31.75199
h3r1b1n2c2p2,Green (Advanced cost),Default,Default,Advanced cost,Constrained,50 Percent by 2050,FT biofuels CCS,2040,29.66615
h3r1b1n2c2p2,Green (Advanced cost),Default,Default,Advanced cost,Constrained,50 Percent by 2050,FT biofuels CCS,2050,29.80791
h3r1b1n2c2p2,Green (Advanced cost),Default,Default,Advanced cost,Constrained,50 Percent by 2050,LNG,2030,14.97497
h3r1b1n2c2p2,Green (Advanced cost),Default,Default,Advanced cost,Constrained,50 Percent by 2050,LNG,2040,16.79641
h3r1b1n2c2p2,Green (Advanced cost),Default,Default,Advanced cost,Constrained,50 Percent by 2050,LNG,2050,20.61627
h3r1b1n2c2p2,Green (Advanced cost),Default,Default,Advanced cost,Constrained,50 Percent by 2050,ammonia,2030,53.31894
h3r1b1n2c2p2,Green (Advanced cost),Default,Default,Advanced cost,Constrained,50 Percent by 2050,ammonia,2040,48.1441
h3r1b1n2c2p2,Green (Advanced cost),Default,Default,Advanced cost,Constrained,50 Percent by 2050,ammonia,2050,43.01828
h3r1b1n2c2p2,Green (Advanced cost),Default,Default,Advanced cost,Constrained,50 Percent by 2050,e-diesel,2030,92.28984
h3r1b1n2c2p2,Green (Advanced cost),Default,Default,Advanced cost,Constrained,50 Percent by 2050,e-diesel,2040,83.00606
h3r1b1n2c2p2,Green (Advanced cost),Default,Default,Advanced cost,Constrained,50 Percent by 2050,e-diesel,2050,78.2344
h3r1b1n2c2p2,Green (Advanced cost),Default,Default,Advanced cost,Constrained,50 Percent by 2050,electricity,2030,43.92572
h3r1b1n2c2p2,Green (Advanced cost),Default,Default,Advanced cost,Constrained,50 Percent by 2050,electricity,2040,39.71418
h3r1b1n2c2p2,Green (Advanced cost),Default,Default,Advanced cost,Constrained,50 Percent by 2050,electricity,2050,40.13446
h3r1b1n2c2p2,Green (Advanced cost),Default,Default,Advanced cost,Constrained,50 Percent by 2050,hydrogen,2030,NA
h3r1b1n2c2p2,Green (Advanced cost),Default,Default,Advanced cost,Constrained,50 Percent by 2050,hydrogen,2040,NA
h3r1b1n2c2p2,Green (Advanced cost),Default,Default,Advanced cost,Constrained,50 Percent by 2050,hydrogen,2050,NA
h3r1b1n2c2p2,Green (Advanced cost),Default,Default,Advanced cost,Constrained,50 Percent by 2050,petroleum diesel,2030,31.20271
h3r1b1n2c2p2,Green (Advanced cost),Default,Default,Advanced cost,Constrained,50 Percent by 2050,petroleum diesel,2040,30.72974
h3r1b1n2c2p2,Green (Advanced cost),Default,Default,Advanced cost,Constrained,50 Percent by 2050,petroleum diesel,2050,31.10613
h3r1b1n2c2p2,Green (Advanced cost),Default,Default,Advanced cost,Constrained,50 Percent by 2050,renewable diesel,2030,54.42816
h3r1b1n2c2p2,Green (Advanced cost),Default,Default,Advanced cost,Constrained,50 Percent by 2050,renewable diesel,2040,46.06246
h3r1b1n2c2p2,Green (Advanced cost),Default,Default,Advanced cost,Constrained,50 Percent by 2050,renewable diesel,2050,47.61286
h3r1b1n2c2p3,Green (Advanced cost),Default,Default,Advanced cost,Constrained,Net Zero by 2050,FT biofuels,2030,26.49888
h3r1b1n2c2p3,Green (Advanced cost),Default,Default,Advanced cost,Constrained,Net Zero by 2050,FT biofuels,2040,23.15481
h3r1b1n2c2p3,Green (Advanced cost),Default,Default,Advanced cost,Constrained,Net Zero by 2050,FT biofuels,2050,12.28168
h3r1b1n2c2p3,Green (Advanced cost),Default,Default,Advanced cost,Constrained,Net Zero by 2050,FT biofuels CCS,2030,21.97406
h3r1b1n2c2p3,Green (Advanced cost),Default,Default,Advanced cost,Constrained,Net Zero by 2050,FT biofuels CCS,2040,19.25127
h3r1b1n2c2p3,Green (Advanced cost),Default,Default,Advanced cost,Constrained,Net Zero by 2050,FT biofuels CCS,2050,17.43409
h3r1b1n2c2p3,Green (Advanced cost),Default,Default,Advanced cost,Constrained,Net Zero by 2050,LNG,2030,21.7893
h3r1b1n2c2p3,Green (Advanced cost),Default,Default,Advanced cost,Constrained,Net Zero by 2050,LNG,2040,25.63812
h3r1b1n2c2p3,Green (Advanced cost),Default,Default,Advanced cost,Constrained,Net Zero by 2050,LNG,2050,43.27035
h3r1b1n2c2p3,Green (Advanced cost),Default,Default,Advanced cost,Constrained,Net Zero by 2050,ammonia,2030,53.90528
h3r1b1n2c2p3,Green (Advanced cost),Default,Default,Advanced cost,Constrained,Net Zero by 2050,ammonia,2040,48.564
h3r1b1n2c2p3,Green (Advanced cost),Default,Default,Advanced cost,Constrained,Net Zero by 2050,ammonia,2050,43.28998
h3r1b1n2c2p3,Green (Advanced cost),Default,Default,Advanced cost,Constrained,Net Zero by 2050,e-diesel,2030,91.49944
h3r1b1n2c2p3,Green (Advanced cost),Default,Default,Advanced cost,Constrained,Net Zero by 2050,e-diesel,2040,78.36474
h3r1b1n2c2p3,Green (Advanced cost),Default,Default,Advanced cost,Constrained,Net Zero by 2050,e-diesel,2050,64.48296
h3r1b1n2c2p3,Green (Advanced cost),Default,Default,Advanced cost,Constrained,Net Zero by 2050,electricity,2030,46.93456
h3r1b1n2c2p3,Green (Advanced cost),Default,Default,Advanced cost,Constrained,Net Zero by 2050,electricity,2040,40.57678
h3r1b1n2c2p3,Green (Advanced cost),Default,Default,Advanced cost,Constrained,Net Zero by 2050,electricity,2050,40.60946
h3r1b1n2c2p3,Green (Advanced cost),Default,Default,Advanced cost,Constrained,Net Zero by 2050,hydrogen,2030,NA
h3r1b1n2c2p3,Green (Advanced cost),Default,Default,Advanced cost,Constrained,Net Zero by 2050,hydrogen,2040,NA
h3r1b1n2c2p3,Green (Advanced cost),Default,Default,Advanced cost,Constrained,Net Zero by 2050,hydrogen,2050,NA
h3r1b1n2c2p3,Green (Advanced cost),Default,Default,Advanced cost,Constrained,Net Zero by 2050,petroleum diesel,2030,36.20053
h3r1b1n2c2p3,Green (Advanced cost),Default,Default,Advanced cost,Constrained,Net Zero by 2050,petroleum diesel,2040,37.11426
h3r1b1n2c2p3,Green (Advanced cost),Default,Default,Advanced cost,Constrained,Net Zero by 2050,petroleum diesel,2050,45.3713
h3r1b1n2c2p3,Green (Advanced cost),Default,Default,Advanced cost,Constrained,Net Zero by 2050,renewable diesel,2030,51.45162
h3r1b1n2c2p3,Green (Advanced cost),Default,Default,Advanced cost,Constrained,Net Zero by 2050,renewable diesel,2040,44.47672
h3r1b1n2c2p3,Green (Advanced cost),Default,Default,Advanced cost,Constrained,Net Zero by 2050,renewable diesel,2050,42.47792
h3r1b2n1c1p1,Green (Advanced cost),Default,Constrained,Default,Default,No policy,FT biofuels,2030,32.28792
h3r1b2n1c1p1,Green (Advanced cost),Default,Constrained,Default,Default,No policy,FT biofuels,2040,31.97274
h3r1b2n1c1p1,Green (Advanced cost),Default,Constrained,Default,Default,No policy,FT biofuels,2050,31.69557
h3r1b2n1c1p1,Green (Advanced cost),Default,Constrained,Default,Default,No policy,FT biofuels CCS,2030,35.9981
h3r1b2n1c1p1,Green (Advanced cost),Default,Constrained,Default,Default,No policy,FT biofuels CCS,2040,35.57452
h3r1b2n1c1p1,Green (Advanced cost),Default,Constrained,Default,Default,No policy,FT biofuels CCS,2050,35.35401
h3r1b2n1c1p1,Green (Advanced cost),Default,Constrained,Default,Default,No policy,LNG,2030,10.84695
h3r1b2n1c1p1,Green (Advanced cost),Default,Constrained,Default,Default,No policy,LNG,2040,10.57073
h3r1b2n1c1p1,Green (Advanced cost),Default,Constrained,Default,Default,No policy,LNG,2050,11.16223
h3r1b2n1c1p1,Green (Advanced cost),Default,Constrained,Default,Default,No policy,ammonia,2030,52.63038
h3r1b2n1c1p1,Green (Advanced cost),Default,Constrained,Default,Default,No policy,ammonia,2040,47.61628
h3r1b2n1c1p1,Green (Advanced cost),Default,Constrained,Default,Default,No policy,ammonia,2050,42.81498
h3r1b2n1c1p1,Green (Advanced cost),Default,Constrained,Default,Default,No policy,e-diesel,2030,91.14794
h3r1b2n1c1p1,Green (Advanced cost),Default,Constrained,Default,Default,No policy,e-diesel,2040,86.53588
h3r1b2n1c1p1,Green (Advanced cost),Default,Constrained,Default,Default,No policy,e-diesel,2050,82.67698
h3r1b2n1c1p1,Green (Advanced cost),Default,Constrained,Default,Default,No policy,electricity,2030,40.56956
h3r1b2n1c1p1,Green (Advanced cost),Default,Constrained,Default,Default,No policy,electricity,2040,39.25324
h3r1b2n1c1p1,Green (Advanced cost),Default,Constrained,Default,Default,No policy,electricity,2050,38.59394
h3r1b2n1c1p1,Green (Advanced cost),Default,Constrained,Default,Default,No policy,hydrogen,2030,NA
h3r1b2n1c1p1,Green (Advanced cost),Default,Constrained,Default,Default,No policy,hydrogen,2040,NA
h3r1b2n1c1p1,Green (Advanced cost),Default,Constrained,Default,Default,No policy,hydrogen,2050,NA
h3r1b2n1c1p1,Green (Advanced cost),Default,Constrained,Default,Default,No policy,petroleum diesel,2030,28.31509
h3r1b2n1c1p1,Green (Advanced cost),Default,Constrained,Default,Default,No policy,petroleum diesel,2040,27.33374
h3r1b2n1c1p1,Green (Advanced cost),Default,Constrained,Default,Default,No policy,petroleum diesel,2050,26.64047
h3r1b2n1c1p1,Green (Advanced cost),Default,Constrained,Default,Default,No policy,renewable diesel,2030,56.50372
h3r1b2n1c1p1,Green (Advanced cost),Default,Constrained,Default,Default,No policy,renewable diesel,2040,49.3031
h3r1b2n1c1p1,Green (Advanced cost),Default,Constrained,Default,Default,No policy,renewable diesel,2050,49.89096
h3r1b2n1c1p2,Green (Advanced cost),Default,Constrained,Default,Default,50 Percent by 2050,FT biofuels,2030,31.1866
h3r1b2n1c1p2,Green (Advanced cost),Default,Constrained,Default,Default,50 Percent by 2050,FT biofuels,2040,29.99614
h3r1b2n1c1p2,Green (Advanced cost),Default,Constrained,Default,Default,50 Percent by 2050,FT biofuels,2050,32.84484
h3r1b2n1c1p2,Green (Advanced cost),Default,Constrained,Default,Default,50 Percent by 2050,FT biofuels CCS,2030,30.97603
h3r1b2n1c1p2,Green (Advanced cost),Default,Constrained,Default,Default,50 Percent by 2050,FT biofuels CCS,2040,26.67439
h3r1b2n1c1p2,Green (Advanced cost),Default,Constrained,Default,Default,50 Percent by 2050,FT biofuels CCS,2050,27.53104
h3r1b2n1c1p2,Green (Advanced cost),Default,Constrained,Default,Default,50 Percent by 2050,LNG,2030,15.38142
h3r1b2n1c1p2,Green (Advanced cost),Default,Constrained,Default,Default,50 Percent by 2050,LNG,2040,18.88982
h3r1b2n1c1p2,Green (Advanced cost),Default,Constrained,Default,Default,50 Percent by 2050,LNG,2050,22.32075
h3r1b2n1c1p2,Green (Advanced cost),Default,Constrained,Default,Default,50 Percent by 2050,ammonia,2030,53.38278
h3r1b2n1c1p2,Green (Advanced cost),Default,Constrained,Default,Default,50 Percent by 2050,ammonia,2040,48.34284
h3r1b2n1c1p2,Green (Advanced cost),Default,Constrained,Default,Default,50 Percent by 2050,ammonia,2050,43.17218
h3r1b2n1c1p2,Green (Advanced cost),Default,Constrained,Default,Default,50 Percent by 2050,e-diesel,2030,92.37002
h3r1b2n1c1p2,Green (Advanced cost),Default,Constrained,Default,Default,50 Percent by 2050,e-diesel,2040,88.41612
h3r1b2n1c1p2,Green (Advanced cost),Default,Constrained,Default,Default,50 Percent by 2050,e-diesel,2050,84.23308
h3r1b2n1c1p2,Green (Advanced cost),Default,Constrained,Default,Default,50 Percent by 2050,electricity,2030,44.1465
h3r1b2n1c1p2,Green (Advanced cost),Default,Constrained,Default,Default,50 Percent by 2050,electricity,2040,45.4575
h3r1b2n1c1p2,Green (Advanced cost),Default,Constrained,Default,Default,50 Percent by 2050,electricity,2050,46.09096
h3r1b2n1c1p2,Green (Advanced cost),Default,Constrained,Default,Default,50 Percent by 2050,hydrogen,2030,NA
h3r1b2n1c1p2,Green (Advanced cost),Default,Constrained,Default,Default,50 Percent by 2050,hydrogen,2040,NA
h3r1b2n1c1p2,Green (Advanced cost),Default,Constrained,Default,Default,50 Percent by 2050,hydrogen,2050,NA
h3r1b2n1c1p2,Green (Advanced cost),Default,Constrained,Default,Default,50 Percent by 2050,petroleum diesel,2030,31.45565
h3r1b2n1c1p2,Green (Advanced cost),Default,Constrained,Default,Default,50 Percent by 2050,petroleum diesel,2040,32.26386
h3r1b2n1c1p2,Green (Advanced cost),Default,Constrained,Default,Default,50 Percent by 2050,petroleum diesel,2050,32.41549
h3r1b2n1c1p2,Green (Advanced cost),Default,Constrained,Default,Default,50 Percent by 2050,renewable diesel,2030,54.24842
h3r1b2n1c1p2,Green (Advanced cost),Default,Constrained,Default,Default,50 Percent by 2050,renewable diesel,2040,45.56162
h3r1b2n1c1p2,Green (Advanced cost),Default,Constrained,Default,Default,50 Percent by 2050,renewable diesel,2050,48.46862
h3r1b2n1c1p3,Green (Advanced cost),Default,Constrained,Default,Default,Net Zero by 2050,FT biofuels,2030,26.94983
h3r1b2n1c1p3,Green (Advanced cost),Default,Constrained,Default,Default,Net Zero by 2050,FT biofuels,2040,25.61964
h3r1b2n1c1p3,Green (Advanced cost),Default,Constrained,Default,Default,Net Zero by 2050,FT biofuels,2050,20.30188
h3r1b2n1c1p3,Green (Advanced cost),Default,Constrained,Default,Default,Net Zero by 2050,FT biofuels CCS,2030,21.16902
h3r1b2n1c1p3,Green (Advanced cost),Default,Constrained,Default,Default,Net Zero by 2050,FT biofuels CCS,2040,17.21601
h3r1b2n1c1p3,Green (Advanced cost),Default,Constrained,Default,Default,Net Zero by 2050,FT biofuels CCS,2050,5.62536
h3r1b2n1c1p3,Green (Advanced cost),Default,Constrained,Default,Default,Net Zero by 2050,LNG,2030,21.79617
h3r1b2n1c1p3,Green (Advanced cost),Default,Constrained,Default,Default,Net Zero by 2050,LNG,2040,25.10373
h3r1b2n1c1p3,Green (Advanced cost),Default,Constrained,Default,Default,Net Zero by 2050,LNG,2050,33.34153
h3r1b2n1c1p3,Green (Advanced cost),Default,Constrained,Default,Default,Net Zero by 2050,ammonia,2030,53.95924
h3r1b2n1c1p3,Green (Advanced cost),Default,Constrained,Default,Default,Net Zero by 2050,ammonia,2040,48.57236
h3r1b2n1c1p3,Green (Advanced cost),Default,Constrained,Default,Default,Net Zero by 2050,ammonia,2050,43.18168
h3r1b2n1c1p3,Green (Advanced cost),Default,Constrained,Default,Default,Net Zero by 2050,e-diesel,2030,92.28908
h3r1b2n1c1p3,Green (Advanced cost),Default,Constrained,Default,Default,Net Zero by 2050,e-diesel,2040,87.30272
h3r1b2n1c1p3,Green (Advanced cost),Default,Constrained,Default,Default,Net Zero by 2050,e-diesel,2050,79.6195
h3r1b2n1c1p3,Green (Advanced cost),Default,Constrained,Default,Default,Net Zero by 2050,electricity,2030,47.4506
h3r1b2n1c1p3,Green (Advanced cost),Default,Constrained,Default,Default,Net Zero by 2050,electricity,2040,47.8553
h3r1b2n1c1p3,Green (Advanced cost),Default,Constrained,Default,Default,Net Zero by 2050,electricity,2050,48.14486
h3r1b2n1c1p3,Green (Advanced cost),Default,Constrained,Default,Default,Net Zero by 2050,hydrogen,2030,NA
h3r1b2n1c1p3,Green (Advanced cost),Default,Constrained,Default,Default,Net Zero by 2050,hydrogen,2040,NA
h3r1b2n1c1p3,Green (Advanced cost),Default,Constrained,Default,Default,Net Zero by 2050,hydrogen,2050,NA
h3r1b2n1c1p3,Green (Advanced cost),Default,Constrained,Default,Default,Net Zero by 2050,petroleum diesel,2030,35.98563
h3r1b2n1c1p3,Green (Advanced cost),Default,Constrained,Default,Default,Net Zero by 2050,petroleum diesel,2040,35.91318
h3r1b2n1c1p3,Green (Advanced cost),Default,Constrained,Default,Default,Net Zero by 2050,petroleum diesel,2050,39.19545
h3r1b2n1c1p3,Green (Advanced cost),Default,Constrained,Default,Default,Net Zero by 2050,renewable diesel,2030,52.0125
h3r1b2n1c1p3,Green (Advanced cost),Default,Constrained,Default,Default,Net Zero by 2050,renewable diesel,2040,47.91002
h3r1b2n1c1p3,Green (Advanced cost),Default,Constrained,Default,Default,Net Zero by 2050,renewable diesel,2050,45.50348
h3r1b2n1c2p1,Green (Advanced cost),Default,Constrained,Default,Constrained,No policy,FT biofuels,2030,32.25923
h3r1b2n1c2p1,Green (Advanced cost),Default,Constrained,Default,Constrained,No policy,FT biofuels,2040,31.89154
h3r1b2n1c2p1,Green (Advanced cost),Default,Constrained,Default,Constrained,No policy,FT biofuels,2050,31.46282
h3r1b2n1c2p1,Green (Advanced cost),Default,Constrained,Default,Constrained,No policy,FT biofuels CCS,2030,36.3735
h3r1b2n1c2p1,Green (Advanced cost),Default,Constrained,Default,Constrained,No policy,FT biofuels CCS,2040,36.72912
h3r1b2n1c2p1,Green (Advanced cost),Default,Constrained,Default,Constrained,No policy,FT biofuels CCS,2050,37.61256
h3r1b2n1c2p1,Green (Advanced cost),Default,Constrained,Default,Constrained,No policy,LNG,2030,10.84702
h3r1b2n1c2p1,Green (Advanced cost),Default,Constrained,Default,Constrained,No policy,LNG,2040,10.57099
h3r1b2n1c2p1,Green (Advanced cost),Default,Constrained,Default,Constrained,No policy,LNG,2050,11.16432
h3r1b2n1c2p1,Green (Advanced cost),Default,Constrained,Default,Constrained,No policy,ammonia,2030,52.63114
h3r1b2n1c2p1,Green (Advanced cost),Default,Constrained,Default,Constrained,No policy,ammonia,2040,47.6178
h3r1b2n1c2p1,Green (Advanced cost),Default,Constrained,Default,Constrained,No policy,ammonia,2050,42.81764
h3r1b2n1c2p1,Green (Advanced cost),Default,Constrained,Default,Constrained,No policy,e-diesel,2030,91.13768
h3r1b2n1c2p1,Green (Advanced cost),Default,Constrained,Default,Constrained,No policy,e-diesel,2040,86.50548
h3r1b2n1c2p1,Green (Advanced cost),Default,Constrained,Default,Constrained,No policy,e-diesel,2050,82.62644
h3r1b2n1c2p1,Green (Advanced cost),Default,Constrained,Default,Constrained,No policy,electricity,2030,40.56006
h3r1b2n1c2p1,Green (Advanced cost),Default,Constrained,Default,Constrained,No policy,electricity,2040,39.22474
h3r1b2n1c2p1,Green (Advanced cost),Default,Constrained,Default,Constrained,No policy,electricity,2050,38.54644
h3r1b2n1c2p1,Green (Advanced cost),Default,Constrained,Default,Constrained,No policy,hydrogen,2030,NA
h3r1b2n1c2p1,Green (Advanced cost),Default,Constrained,Default,Constrained,No policy,hydrogen,2040,NA
h3r1b2n1c2p1,Green (Advanced cost),Default,Constrained,Default,Constrained,No policy,hydrogen,2050,NA
h3r1b2n1c2p1,Green (Advanced cost),Default,Constrained,Default,Constrained,No policy,petroleum diesel,2030,28.31912
h3r1b2n1c2p1,Green (Advanced cost),Default,Constrained,Default,Constrained,No policy,petroleum diesel,2040,27.37345
h3r1b2n1c2p1,Green (Advanced cost),Default,Constrained,Default,Constrained,No policy,petroleum diesel,2050,26.74558
h3r1b2n1c2p1,Green (Advanced cost),Default,Constrained,Default,Constrained,No policy,renewable diesel,2030,56.51968
h3r1b2n1c2p1,Green (Advanced cost),Default,Constrained,Default,Constrained,No policy,renewable diesel,2040,49.38404
h3r1b2n1c2p1,Green (Advanced cost),Default,Constrained,Default,Constrained,No policy,renewable diesel,2050,50.27552
h3r1b2n1c2p2,Green (Advanced cost),Default,Constrained,Default,Constrained,50 Percent by 2050,FT biofuels,2030,30.91574
h3r1b2n1c2p2,Green (Advanced cost),Default,Constrained,Default,Constrained,50 Percent by 2050,FT biofuels,2040,29.23458
h3r1b2n1c2p2,Green (Advanced cost),Default,Constrained,Default,Constrained,50 Percent by 2050,FT biofuels,2050,30.49603
h3r1b2n1c2p2,Green (Advanced cost),Default,Constrained,Default,Constrained,50 Percent by 2050,FT biofuels CCS,2030,31.08262
h3r1b2n1c2p2,Green (Advanced cost),Default,Constrained,Default,Constrained,50 Percent by 2050,FT biofuels CCS,2040,27.61537
h3r1b2n1c2p2,Green (Advanced cost),Default,Constrained,Default,Constrained,50 Percent by 2050,FT biofuels CCS,2050,28.95649
h3r1b2n1c2p2,Green (Advanced cost),Default,Constrained,Default,Constrained,50 Percent by 2050,LNG,2030,15.5053
h3r1b2n1c2p2,Green (Advanced cost),Default,Constrained,Default,Constrained,50 Percent by 2050,LNG,2040,19.61052
h3r1b2n1c2p2,Green (Advanced cost),Default,Constrained,Default,Constrained,50 Percent by 2050,LNG,2050,24.44894
h3r1b2n1c2p2,Green (Advanced cost),Default,Constrained,Default,Constrained,50 Percent by 2050,ammonia,2030,53.42724
h3r1b2n1c2p2,Green (Advanced cost),Default,Constrained,Default,Constrained,50 Percent by 2050,ammonia,2040,48.44392
h3r1b2n1c2p2,Green (Advanced cost),Default,Constrained,Default,Constrained,50 Percent by 2050,ammonia,2050,43.24818
h3r1b2n1c2p2,Green (Advanced cost),Default,Constrained,Default,Constrained,50 Percent by 2050,e-diesel,2030,92.32784
h3r1b2n1c2p2,Green (Advanced cost),Default,Constrained,Default,Constrained,50 Percent by 2050,e-diesel,2040,88.4545
h3r1b2n1c2p2,Green (Advanced cost),Default,Constrained,Default,Constrained,50 Percent by 2050,e-diesel,2050,84.43182
h3r1b2n1c2p2,Green (Advanced cost),Default,Constrained,Default,Constrained,50 Percent by 2050,electricity,2030,44.20046
h3r1b2n1c2p2,Green (Advanced cost),Default,Constrained,Default,Constrained,50 Percent by 2050,electricity,2040,45.88538
h3r1b2n1c2p2,Green (Advanced cost),Default,Constrained,Default,Constrained,50 Percent by 2050,electricity,2050,47.43388
h3r1b2n1c2p2,Green (Advanced cost),Default,Constrained,Default,Constrained,50 Percent by 2050,hydrogen,2030,NA
h3r1b2n1c2p2,Green (Advanced cost),Default,Constrained,Default,Constrained,50 Percent by 2050,hydrogen,2040,NA
h3r1b2n1c2p2,Green (Advanced cost),Default,Constrained,Default,Constrained,50 Percent by 2050,hydrogen,2050,NA
h3r1b2n1c2p2,Green (Advanced cost),Default,Constrained,Default,Constrained,50 Percent by 2050,petroleum diesel,2030,31.57682
h3r1b2n1c2p2,Green (Advanced cost),Default,Constrained,Default,Constrained,50 Percent by 2050,petroleum diesel,2040,32.72951
h3r1b2n1c2p2,Green (Advanced cost),Default,Constrained,Default,Constrained,50 Percent by 2050,petroleum diesel,2050,33.69592
h3r1b2n1c2p2,Green (Advanced cost),Default,Constrained,Default,Constrained,50 Percent by 2050,renewable diesel,2030,54.15874
h3r1b2n1c2p2,Green (Advanced cost),Default,Constrained,Default,Constrained,50 Percent by 2050,renewable diesel,2040,45.22608
h3r1b2n1c2p2,Green (Advanced cost),Default,Constrained,Default,Constrained,50 Percent by 2050,renewable diesel,2050,47.96816
h3r1b2n1c2p3,Green (Advanced cost),Default,Constrained,Default,Constrained,Net Zero by 2050,FT biofuels,2030,26.4116
h3r1b2n1c2p3,Green (Advanced cost),Default,Constrained,Default,Constrained,Net Zero by 2050,FT biofuels,2040,23.16947
h3r1b2n1c2p3,Green (Advanced cost),Default,Constrained,Default,Constrained,Net Zero by 2050,FT biofuels,2050,9.9658
h3r1b2n1c2p3,Green (Advanced cost),Default,Constrained,Default,Constrained,Net Zero by 2050,FT biofuels CCS,2030,21.75334
h3r1b2n1c2p3,Green (Advanced cost),Default,Constrained,Default,Constrained,Net Zero by 2050,FT biofuels CCS,2040,17.7121
h3r1b2n1c2p3,Green (Advanced cost),Default,Constrained,Default,Constrained,Net Zero by 2050,FT biofuels CCS,2050,18.02933
h3r1b2n1c2p3,Green (Advanced cost),Default,Constrained,Default,Constrained,Net Zero by 2050,LNG,2030,22.34705
h3r1b2n1c2p3,Green (Advanced cost),Default,Constrained,Default,Constrained,Net Zero by 2050,LNG,2040,28.43913
h3r1b2n1c2p3,Green (Advanced cost),Default,Constrained,Default,Constrained,Net Zero by 2050,LNG,2050,49.55859
h3r1b2n1c2p3,Green (Advanced cost),Default,Constrained,Default,Constrained,Net Zero by 2050,ammonia,2030,54.0398
h3r1b2n1c2p3,Green (Advanced cost),Default,Constrained,Default,Constrained,Net Zero by 2050,ammonia,2040,48.81594
h3r1b2n1c2p3,Green (Advanced cost),Default,Constrained,Default,Constrained,Net Zero by 2050,ammonia,2050,43.58258
h3r1b2n1c2p3,Green (Advanced cost),Default,Constrained,Default,Constrained,Net Zero by 2050,e-diesel,2030,92.36432
h3r1b2n1c2p3,Green (Advanced cost),Default,Constrained,Default,Constrained,Net Zero by 2050,e-diesel,2040,87.53832
h3r1b2n1c2p3,Green (Advanced cost),Default,Constrained,Default,Constrained,Net Zero by 2050,e-diesel,2050,73.65312
h3r1b2n1c2p3,Green (Advanced cost),Default,Constrained,Default,Constrained,Net Zero by 2050,electricity,2030,47.8116
h3r1b2n1c2p3,Green (Advanced cost),Default,Constrained,Default,Constrained,Net Zero by 2050,electricity,2040,49.84422
h3r1b2n1c2p3,Green (Advanced cost),Default,Constrained,Default,Constrained,Net Zero by 2050,electricity,2050,51.82402
h3r1b2n1c2p3,Green (Advanced cost),Default,Constrained,Default,Constrained,Net Zero by 2050,hydrogen,2030,NA
h3r1b2n1c2p3,Green (Advanced cost),Default,Constrained,Default,Constrained,Net Zero by 2050,hydrogen,2040,NA
h3r1b2n1c2p3,Green (Advanced cost),Default,Constrained,Default,Constrained,Net Zero by 2050,hydrogen,2050,NA
h3r1b2n1c2p3,Green (Advanced cost),Default,Constrained,Default,Constrained,Net Zero by 2050,petroleum diesel,2030,36.44229
h3r1b2n1c2p3,Green (Advanced cost),Default,Constrained,Default,Constrained,Net Zero by 2050,petroleum diesel,2040,38.38879
h3r1b2n1c2p3,Green (Advanced cost),Default,Constrained,Default,Constrained,Net Zero by 2050,petroleum diesel,2050,49.2985
h3r1b2n1c2p3,Green (Advanced cost),Default,Constrained,Default,Constrained,Net Zero by 2050,renewable diesel,2030,51.48126
h3r1b2n1c2p3,Green (Advanced cost),Default,Constrained,Default,Constrained,Net Zero by 2050,renewable diesel,2040,46.48844
h3r1b2n1c2p3,Green (Advanced cost),Default,Constrained,Default,Constrained,Net Zero by 2050,renewable diesel,2050,43.83452
h3r1b2n2c1p1,Green (Advanced cost),Default,Constrained,Advanced cost,Default,No policy,FT biofuels,2030,32.27948
h3r1b2n2c1p1,Green (Advanced cost),Default,Constrained,Advanced cost,Default,No policy,FT biofuels,2040,31.85358
h3r1b2n2c1p1,Green (Advanced cost),Default,Constrained,Advanced cost,Default,No policy,FT biofuels,2050,31.49349
h3r1b2n2c1p1,Green (Advanced cost),Default,Constrained,Advanced cost,Default,No policy,FT biofuels CCS,2030,35.99001
h3r1b2n2c1p1,Green (Advanced cost),Default,Constrained,Advanced cost,Default,No policy,FT biofuels CCS,2040,35.4405
h3r1b2n2c1p1,Green (Advanced cost),Default,Constrained,Advanced cost,Default,No policy,FT biofuels CCS,2050,35.12871
h3r1b2n2c1p1,Green (Advanced cost),Default,Constrained,Advanced cost,Default,No policy,LNG,2030,10.83395
h3r1b2n2c1p1,Green (Advanced cost),Default,Constrained,Advanced cost,Default,No policy,LNG,2040,10.44137
h3r1b2n2c1p1,Green (Advanced cost),Default,Constrained,Advanced cost,Default,No policy,LNG,2050,10.98945
h3r1b2n2c1p1,Green (Advanced cost),Default,Constrained,Advanced cost,Default,No policy,ammonia,2030,52.592
h3r1b2n2c1p1,Green (Advanced cost),Default,Constrained,Advanced cost,Default,No policy,ammonia,2040,47.54218
h3r1b2n2c1p1,Green (Advanced cost),Default,Constrained,Advanced cost,Default,No policy,ammonia,2050,42.7063
h3r1b2n2c1p1,Green (Advanced cost),Default,Constrained,Advanced cost,Default,No policy,e-diesel,2030,91.42952
h3r1b2n2c1p1,Green (Advanced cost),Default,Constrained,Advanced cost,Default,No policy,e-diesel,2040,84.19204
h3r1b2n2c1p1,Green (Advanced cost),Default,Constrained,Advanced cost,Default,No policy,e-diesel,2050,80.53834
h3r1b2n2c1p1,Green (Advanced cost),Default,Constrained,Advanced cost,Default,No policy,electricity,2030,40.85494
h3r1b2n2c1p1,Green (Advanced cost),Default,Constrained,Advanced cost,Default,No policy,electricity,2040,37.23289
h3r1b2n2c1p1,Green (Advanced cost),Default,Constrained,Advanced cost,Default,No policy,electricity,2050,36.79893
h3r1b2n2c1p1,Green (Advanced cost),Default,Constrained,Advanced cost,Default,No policy,hydrogen,2030,NA
h3r1b2n2c1p1,Green (Advanced cost),Default,Constrained,Advanced cost,Default,No policy,hydrogen,2040,NA
h3r1b2n2c1p1,Green (Advanced cost),Default,Constrained,Advanced cost,Default,No policy,hydrogen,2050,NA
h3r1b2n2c1p1,Green (Advanced cost),Default,Constrained,Advanced cost,Default,No policy,petroleum diesel,2030,28.31258
h3r1b2n2c1p1,Green (Advanced cost),Default,Constrained,Advanced cost,Default,No policy,petroleum diesel,2040,27.13945
h3r1b2n2c1p1,Green (Advanced cost),Default,Constrained,Advanced cost,Default,No policy,petroleum diesel,2050,26.42539
h3r1b2n2c1p1,Green (Advanced cost),Default,Constrained,Advanced cost,Default,No policy,renewable diesel,2030,56.50942
h3r1b2n2c1p1,Green (Advanced cost),Default,Constrained,Advanced cost,Default,No policy,renewable diesel,2040,49.06408
h3r1b2n2c1p1,Green (Advanced cost),Default,Constrained,Advanced cost,Default,No policy,renewable diesel,2050,49.54212
h3r1b2n2c1p2,Green (Advanced cost),Default,Constrained,Advanced cost,Default,50 Percent by 2050,FT biofuels,2030,31.42881
h3r1b2n2c1p2,Green (Advanced cost),Default,Constrained,Advanced cost,Default,50 Percent by 2050,FT biofuels,2040,30.4695
h3r1b2n2c1p2,Green (Advanced cost),Default,Constrained,Advanced cost,Default,50 Percent by 2050,FT biofuels,2050,31.87334
h3r1b2n2c1p2,Green (Advanced cost),Default,Constrained,Advanced cost,Default,50 Percent by 2050,FT biofuels CCS,2030,31.65763
h3r1b2n2c1p2,Green (Advanced cost),Default,Constrained,Advanced cost,Default,50 Percent by 2050,FT biofuels CCS,2040,29.02212
h3r1b2n2c1p2,Green (Advanced cost),Default,Constrained,Advanced cost,Default,50 Percent by 2050,FT biofuels CCS,2050,28.44849
h3r1b2n2c1p2,Green (Advanced cost),Default,Constrained,Advanced cost,Default,50 Percent by 2050,LNG,2030,14.86257
h3r1b2n2c1p2,Green (Advanced cost),Default,Constrained,Advanced cost,Default,50 Percent by 2050,LNG,2040,16.36824
h3r1b2n2c1p2,Green (Advanced cost),Default,Constrained,Advanced cost,Default,50 Percent by 2050,LNG,2050,19.67249
h3r1b2n2c1p2,Green (Advanced cost),Default,Constrained,Advanced cost,Default,50 Percent by 2050,ammonia,2030,53.2779
h3r1b2n2c1p2,Green (Advanced cost),Default,Constrained,Advanced cost,Default,50 Percent by 2050,ammonia,2040,48.08026
h3r1b2n2c1p2,Green (Advanced cost),Default,Constrained,Advanced cost,Default,50 Percent by 2050,ammonia,2050,42.97762
h3r1b2n2c1p2,Green (Advanced cost),Default,Constrained,Advanced cost,Default,50 Percent by 2050,e-diesel,2030,92.33544
h3r1b2n2c1p2,Green (Advanced cost),Default,Constrained,Advanced cost,Default,50 Percent by 2050,e-diesel,2040,83.13336
h3r1b2n2c1p2,Green (Advanced cost),Default,Constrained,Advanced cost,Default,50 Percent by 2050,e-diesel,2050,78.54372
h3r1b2n2c1p2,Green (Advanced cost),Default,Constrained,Advanced cost,Default,50 Percent by 2050,electricity,2030,43.87974
h3r1b2n2c1p2,Green (Advanced cost),Default,Constrained,Advanced cost,Default,50 Percent by 2050,electricity,2040,39.58194
h3r1b2n2c1p2,Green (Advanced cost),Default,Constrained,Advanced cost,Default,50 Percent by 2050,electricity,2050,39.87492
h3r1b2n2c1p2,Green (Advanced cost),Default,Constrained,Advanced cost,Default,50 Percent by 2050,hydrogen,2030,NA
h3r1b2n2c1p2,Green (Advanced cost),Default,Constrained,Advanced cost,Default,50 Percent by 2050,hydrogen,2040,NA
h3r1b2n2c1p2,Green (Advanced cost),Default,Constrained,Advanced cost,Default,50 Percent by 2050,hydrogen,2050,NA
h3r1b2n2c1p2,Green (Advanced cost),Default,Constrained,Advanced cost,Default,50 Percent by 2050,petroleum diesel,2030,31.0902
h3r1b2n2c1p2,Green (Advanced cost),Default,Constrained,Advanced cost,Default,50 Percent by 2050,petroleum diesel,2040,30.46158
h3r1b2n2c1p2,Green (Advanced cost),Default,Constrained,Advanced cost,Default,50 Percent by 2050,petroleum diesel,2050,30.60123
h3r1b2n2c1p2,Green (Advanced cost),Default,Constrained,Advanced cost,Default,50 Percent by 2050,renewable diesel,2030,54.51518
h3r1b2n2c1p2,Green (Advanced cost),Default,Constrained,Advanced cost,Default,50 Percent by 2050,renewable diesel,2040,46.18292
h3r1b2n2c1p2,Green (Advanced cost),Default,Constrained,Advanced cost,Default,50 Percent by 2050,renewable diesel,2050,47.79868
h3r1b2n2c1p3,Green (Advanced cost),Default,Constrained,Advanced cost,Default,Net Zero by 2050,FT biofuels,2030,26.97529
h3r1b2n2c1p3,Green (Advanced cost),Default,Constrained,Advanced cost,Default,Net Zero by 2050,FT biofuels,2040,25.5751
h3r1b2n2c1p3,Green (Advanced cost),Default,Constrained,Advanced cost,Default,Net Zero by 2050,FT biofuels,2050,21.53088
h3r1b2n2c1p3,Green (Advanced cost),Default,Constrained,Advanced cost,Default,Net Zero by 2050,FT biofuels CCS,2030,21.36608
h3r1b2n2c1p3,Green (Advanced cost),Default,Constrained,Advanced cost,Default,Net Zero by 2050,FT biofuels CCS,2040,18.30119
h3r1b2n2c1p3,Green (Advanced cost),Default,Constrained,Advanced cost,Default,Net Zero by 2050,FT biofuels CCS,2050,8.86374
h3r1b2n2c1p3,Green (Advanced cost),Default,Constrained,Advanced cost,Default,Net Zero by 2050,LNG,2030,21.34851
h3r1b2n2c1p3,Green (Advanced cost),Default,Constrained,Advanced cost,Default,Net Zero by 2050,LNG,2040,23.44734
h3r1b2n2c1p3,Green (Advanced cost),Default,Constrained,Advanced cost,Default,Net Zero by 2050,LNG,2050,30.50604
h3r1b2n2c1p3,Green (Advanced cost),Default,Constrained,Advanced cost,Default,Net Zero by 2050,ammonia,2030,53.84068
h3r1b2n2c1p3,Green (Advanced cost),Default,Constrained,Advanced cost,Default,Net Zero by 2050,ammonia,2040,48.41124
h3r1b2n2c1p3,Green (Advanced cost),Default,Constrained,Advanced cost,Default,Net Zero by 2050,ammonia,2050,43.02702
h3r1b2n2c1p3,Green (Advanced cost),Default,Constrained,Advanced cost,Default,Net Zero by 2050,e-diesel,2030,91.51844
h3r1b2n2c1p3,Green (Advanced cost),Default,Constrained,Advanced cost,Default,Net Zero by 2050,e-diesel,2040,79.8494
h3r1b2n2c1p3,Green (Advanced cost),Default,Constrained,Advanced cost,Default,Net Zero by 2050,e-diesel,2050,72.41888
h3r1b2n2c1p3,Green (Advanced cost),Default,Constrained,Advanced cost,Default,Net Zero by 2050,electricity,2030,46.70732
h3r1b2n2c1p3,Green (Advanced cost),Default,Constrained,Advanced cost,Default,Net Zero by 2050,electricity,2040,40.53384
h3r1b2n2c1p3,Green (Advanced cost),Default,Constrained,Advanced cost,Default,Net Zero by 2050,electricity,2050,40.51826
h3r1b2n2c1p3,Green (Advanced cost),Default,Constrained,Advanced cost,Default,Net Zero by 2050,hydrogen,2030,NA
h3r1b2n2c1p3,Green (Advanced cost),Default,Constrained,Advanced cost,Default,Net Zero by 2050,hydrogen,2040,NA
h3r1b2n2c1p3,Green (Advanced cost),Default,Constrained,Advanced cost,Default,Net Zero by 2050,hydrogen,2050,NA
h3r1b2n2c1p3,Green (Advanced cost),Default,Constrained,Advanced cost,Default,Net Zero by 2050,petroleum diesel,2030,35.81765
h3r1b2n2c1p3,Green (Advanced cost),Default,Constrained,Advanced cost,Default,Net Zero by 2050,petroleum diesel,2040,35.1883
h3r1b2n2c1p3,Green (Advanced cost),Default,Constrained,Advanced cost,Default,Net Zero by 2050,petroleum diesel,2050,37.05306
h3r1b2n2c1p3,Green (Advanced cost),Default,Constrained,Advanced cost,Default,Net Zero by 2050,renewable diesel,2030,51.93612
h3r1b2n2c1p3,Green (Advanced cost),Default,Constrained,Advanced cost,Default,Net Zero by 2050,renewable diesel,2040,46.09818
h3r1b2n2c1p3,Green (Advanced cost),Default,Constrained,Advanced cost,Default,Net Zero by 2050,renewable diesel,2050,44.45468
h3r1b2n2c2p1,Green (Advanced cost),Default,Constrained,Advanced cost,Constrained,No policy,FT biofuels,2030,32.25087
h3r1b2n2c2p1,Green (Advanced cost),Default,Constrained,Advanced cost,Constrained,No policy,FT biofuels,2040,31.77476
h3r1b2n2c2p1,Green (Advanced cost),Default,Constrained,Advanced cost,Constrained,No policy,FT biofuels,2050,31.2623
h3r1b2n2c2p1,Green (Advanced cost),Default,Constrained,Advanced cost,Constrained,No policy,FT biofuels CCS,2030,36.36188
h3r1b2n2c2p1,Green (Advanced cost),Default,Constrained,Advanced cost,Constrained,No policy,FT biofuels CCS,2040,36.57663
h3r1b2n2c2p1,Green (Advanced cost),Default,Constrained,Advanced cost,Constrained,No policy,FT biofuels CCS,2050,37.3323
h3r1b2n2c2p1,Green (Advanced cost),Default,Constrained,Advanced cost,Constrained,No policy,LNG,2030,10.83403
h3r1b2n2c2p1,Green (Advanced cost),Default,Constrained,Advanced cost,Constrained,No policy,LNG,2040,10.44183
h3r1b2n2c2p1,Green (Advanced cost),Default,Constrained,Advanced cost,Constrained,No policy,LNG,2050,10.99161
h3r1b2n2c2p1,Green (Advanced cost),Default,Constrained,Advanced cost,Constrained,No policy,ammonia,2030,52.59276
h3r1b2n2c2p1,Green (Advanced cost),Default,Constrained,Advanced cost,Constrained,No policy,ammonia,2040,47.5437
h3r1b2n2c2p1,Green (Advanced cost),Default,Constrained,Advanced cost,Constrained,No policy,ammonia,2050,42.70896
h3r1b2n2c2p1,Green (Advanced cost),Default,Constrained,Advanced cost,Constrained,No policy,e-diesel,2030,91.42002
h3r1b2n2c2p1,Green (Advanced cost),Default,Constrained,Advanced cost,Constrained,No policy,e-diesel,2040,84.17646
h3r1b2n2c2p1,Green (Advanced cost),Default,Constrained,Advanced cost,Constrained,No policy,e-diesel,2050,80.51098
h3r1b2n2c2p1,Green (Advanced cost),Default,Constrained,Advanced cost,Constrained,No policy,electricity,2030,40.84582
h3r1b2n2c2p1,Green (Advanced cost),Default,Constrained,Advanced cost,Constrained,No policy,electricity,2040,37.21769
h3r1b2n2c2p1,Green (Advanced cost),Default,Constrained,Advanced cost,Constrained,No policy,electricity,2050,36.77207
h3r1b2n2c2p1,Green (Advanced cost),Default,Constrained,Advanced cost,Constrained,No policy,hydrogen,2030,NA
h3r1b2n2c2p1,Green (Advanced cost),Default,Constrained,Advanced cost,Constrained,No policy,hydrogen,2040,NA
h3r1b2n2c2p1,Green (Advanced cost),Default,Constrained,Advanced cost,Constrained,No policy,hydrogen,2050,NA
h3r1b2n2c2p1,Green (Advanced cost),Default,Constrained,Advanced cost,Constrained,No policy,petroleum diesel,2030,28.31665
h3r1b2n2c2p1,Green (Advanced cost),Default,Constrained,Advanced cost,Constrained,No policy,petroleum diesel,2040,27.17798
h3r1b2n2c2p1,Green (Advanced cost),Default,Constrained,Advanced cost,Constrained,No policy,petroleum diesel,2050,26.53031
h3r1b2n2c2p1,Green (Advanced cost),Default,Constrained,Advanced cost,Constrained,No policy,renewable diesel,2030,56.525
h3r1b2n2c2p1,Green (Advanced cost),Default,Constrained,Advanced cost,Constrained,No policy,renewable diesel,2040,49.1454
h3r1b2n2c2p1,Green (Advanced cost),Default,Constrained,Advanced cost,Constrained,No policy,renewable diesel,2050,49.92212
h3r1b2n2c2p2,Green (Advanced cost),Default,Constrained,Advanced cost,Constrained,50 Percent by 2050,FT biofuels,2030,31.16543
h3r1b2n2c2p2,Green (Advanced cost),Default,Constrained,Advanced cost,Constrained,50 Percent by 2050,FT biofuels,2040,29.84737
h3r1b2n2c2p2,Green (Advanced cost),Default,Constrained,Advanced cost,Constrained,50 Percent by 2050,FT biofuels,2050,30.21186
h3r1b2n2c2p2,Green (Advanced cost),Default,Constrained,Advanced cost,Constrained,50 Percent by 2050,FT biofuels CCS,2030,31.75199
h3r1b2n2c2p2,Green (Advanced cost),Default,Constrained,Advanced cost,Constrained,50 Percent by 2050,FT biofuels CCS,2040,29.87084
h3r1b2n2c2p2,Green (Advanced cost),Default,Constrained,Advanced cost,Constrained,50 Percent by 2050,FT biofuels CCS,2050,30.16033
h3r1b2n2c2p2,Green (Advanced cost),Default,Constrained,Advanced cost,Constrained,50 Percent by 2050,LNG,2030,14.97497
h3r1b2n2c2p2,Green (Advanced cost),Default,Constrained,Advanced cost,Constrained,50 Percent by 2050,LNG,2040,16.81568
h3r1b2n2c2p2,Green (Advanced cost),Default,Constrained,Advanced cost,Constrained,50 Percent by 2050,LNG,2050,20.70549
h3r1b2n2c2p2,Green (Advanced cost),Default,Constrained,Advanced cost,Constrained,50 Percent by 2050,ammonia,2030,53.31894
h3r1b2n2c2p2,Green (Advanced cost),Default,Constrained,Advanced cost,Constrained,50 Percent by 2050,ammonia,2040,48.14524
h3r1b2n2c2p2,Green (Advanced cost),Default,Constrained,Advanced cost,Constrained,50 Percent by 2050,ammonia,2050,43.0198
h3r1b2n2c2p2,Green (Advanced cost),Default,Constrained,Advanced cost,Constrained,50 Percent by 2050,e-diesel,2030,92.28984
h3r1b2n2c2p2,Green (Advanced cost),Default,Constrained,Advanced cost,Constrained,50 Percent by 2050,e-diesel,2040,82.99466
h3r1b2n2c2p2,Green (Advanced cost),Default,Constrained,Advanced cost,Constrained,50 Percent by 2050,e-diesel,2050,78.18804
h3r1b2n2c2p2,Green (Advanced cost),Default,Constrained,Advanced cost,Constrained,50 Percent by 2050,electricity,2030,43.92572
h3r1b2n2c2p2,Green (Advanced cost),Default,Constrained,Advanced cost,Constrained,50 Percent by 2050,electricity,2040,39.71494
h3r1b2n2c2p2,Green (Advanced cost),Default,Constrained,Advanced cost,Constrained,50 Percent by 2050,electricity,2050,40.14282
h3r1b2n2c2p2,Green (Advanced cost),Default,Constrained,Advanced cost,Constrained,50 Percent by 2050,hydrogen,2030,NA
h3r1b2n2c2p2,Green (Advanced cost),Default,Constrained,Advanced cost,Constrained,50 Percent by 2050,hydrogen,2040,NA
h3r1b2n2c2p2,Green (Advanced cost),Default,Constrained,Advanced cost,Constrained,50 Percent by 2050,hydrogen,2050,NA
h3r1b2n2c2p2,Green (Advanced cost),Default,Constrained,Advanced cost,Constrained,50 Percent by 2050,petroleum diesel,2030,31.20271
h3r1b2n2c2p2,Green (Advanced cost),Default,Constrained,Advanced cost,Constrained,50 Percent by 2050,petroleum diesel,2040,30.74757
h3r1b2n2c2p2,Green (Advanced cost),Default,Constrained,Advanced cost,Constrained,50 Percent by 2050,petroleum diesel,2050,31.19168
h3r1b2n2c2p2,Green (Advanced cost),Default,Constrained,Advanced cost,Constrained,50 Percent by 2050,renewable diesel,2030,54.42816
h3r1b2n2c2p2,Green (Advanced cost),Default,Constrained,Advanced cost,Constrained,50 Percent by 2050,renewable diesel,2040,45.98114
h3r1b2n2c2p2,Green (Advanced cost),Default,Constrained,Advanced cost,Constrained,50 Percent by 2050,renewable diesel,2050,47.52926
h3r1b2n2c2p3,Green (Advanced cost),Default,Constrained,Advanced cost,Constrained,Net Zero by 2050,FT biofuels,2030,26.49888
h3r1b2n2c2p3,Green (Advanced cost),Default,Constrained,Advanced cost,Constrained,Net Zero by 2050,FT biofuels,2040,23.35016
h3r1b2n2c2p3,Green (Advanced cost),Default,Constrained,Advanced cost,Constrained,Net Zero by 2050,FT biofuels,2050,12.72962
h3r1b2n2c2p3,Green (Advanced cost),Default,Constrained,Advanced cost,Constrained,Net Zero by 2050,FT biofuels CCS,2030,21.97409
h3r1b2n2c2p3,Green (Advanced cost),Default,Constrained,Advanced cost,Constrained,Net Zero by 2050,FT biofuels CCS,2040,19.32821
h3r1b2n2c2p3,Green (Advanced cost),Default,Constrained,Advanced cost,Constrained,Net Zero by 2050,FT biofuels CCS,2050,16.99189
h3r1b2n2c2p3,Green (Advanced cost),Default,Constrained,Advanced cost,Constrained,Net Zero by 2050,LNG,2030,21.78934
h3r1b2n2c2p3,Green (Advanced cost),Default,Constrained,Advanced cost,Constrained,Net Zero by 2050,LNG,2040,25.74264
h3r1b2n2c2p3,Green (Advanced cost),Default,Constrained,Advanced cost,Constrained,Net Zero by 2050,LNG,2050,43.88437
h3r1b2n2c2p3,Green (Advanced cost),Default,Constrained,Advanced cost,Constrained,Net Zero by 2050,ammonia,2030,53.90528
h3r1b2n2c2p3,Green (Advanced cost),Default,Constrained,Advanced cost,Constrained,Net Zero by 2050,ammonia,2040,48.5697
h3r1b2n2c2p3,Green (Advanced cost),Default,Constrained,Advanced cost,Constrained,Net Zero by 2050,ammonia,2050,43.2953
h3r1b2n2c2p3,Green (Advanced cost),Default,Constrained,Advanced cost,Constrained,Net Zero by 2050,e-diesel,2030,91.49944
h3r1b2n2c2p3,Green (Advanced cost),Default,Constrained,Advanced cost,Constrained,Net Zero by 2050,e-diesel,2040,78.28456
h3r1b2n2c2p3,Green (Advanced cost),Default,Constrained,Advanced cost,Constrained,Net Zero by 2050,e-diesel,2050,64.06952
h3r1b2n2c2p3,Green (Advanced cost),Default,Constrained,Advanced cost,Constrained,Net Zero by 2050,electricity,2030,46.93456
h3r1b2n2c2p3,Green (Advanced cost),Default,Constrained,Advanced cost,Constrained,Net Zero by 2050,electricity,2040,40.57754
h3r1b2n2c2p3,Green (Advanced cost),Default,Constrained,Advanced cost,Constrained,Net Zero by 2050,electricity,2050,40.58438
h3r1b2n2c2p3,Green (Advanced cost),Default,Constrained,Advanced cost,Constrained,Net Zero by 2050,hydrogen,2030,NA
h3r1b2n2c2p3,Green (Advanced cost),Default,Constrained,Advanced cost,Constrained,Net Zero by 2050,hydrogen,2040,NA
h3r1b2n2c2p3,Green (Advanced cost),Default,Constrained,Advanced cost,Constrained,Net Zero by 2050,hydrogen,2050,NA
h3r1b2n2c2p3,Green (Advanced cost),Default,Constrained,Advanced cost,Constrained,Net Zero by 2050,petroleum diesel,2030,36.20053
h3r1b2n2c2p3,Green (Advanced cost),Default,Constrained,Advanced cost,Constrained,Net Zero by 2050,petroleum diesel,2040,37.22563
h3r1b2n2c2p3,Green (Advanced cost),Default,Constrained,Advanced cost,Constrained,Net Zero by 2050,petroleum diesel,2050,45.85926
h3r1b2n2c2p3,Green (Advanced cost),Default,Constrained,Advanced cost,Constrained,Net Zero by 2050,renewable diesel,2030,51.45162
h3r1b2n2c2p3,Green (Advanced cost),Default,Constrained,Advanced cost,Constrained,Net Zero by 2050,renewable diesel,2040,44.29622
h3r1b2n2c2p3,Green (Advanced cost),Default,Constrained,Advanced cost,Constrained,Net Zero by 2050,renewable diesel,2050,42.00847
h3r2b1n1c1p1,Green (Advanced cost),Advanced cost,Default,Default,Default,No policy,FT biofuels,2030,32.16172
h3r2b1n1c1p1,Green (Advanced cost),Advanced cost,Default,Default,Default,No policy,FT biofuels,2040,31.80851
h3r2b1n1c1p1,Green (Advanced cost),Advanced cost,Default,Default,Default,No policy,FT biofuels,2050,31.29042
h3r2b1n1c1p1,Green (Advanced cost),Advanced cost,Default,Default,Default,No policy,FT biofuels CCS,2030,35.8609
h3r2b1n1c1p1,Green (Advanced cost),Advanced cost,Default,Default,Default,No policy,FT biofuels CCS,2040,35.39832
h3r2b1n1c1p1,Green (Advanced cost),Advanced cost,Default,Default,Default,No policy,FT biofuels CCS,2050,34.92406
h3r2b1n1c1p1,Green (Advanced cost),Advanced cost,Default,Default,Default,No policy,LNG,2030,10.77292
h3r2b1n1c1p1,Green (Advanced cost),Advanced cost,Default,Default,Default,No policy,LNG,2040,10.50252
h3r2b1n1c1p1,Green (Advanced cost),Advanced cost,Default,Default,Default,No policy,LNG,2050,11.05572
h3r2b1n1c1p1,Green (Advanced cost),Advanced cost,Default,Default,Default,No policy,ammonia,2030,51.14648
h3r2b1n1c1p1,Green (Advanced cost),Advanced cost,Default,Default,Default,No policy,ammonia,2040,44.78642
h3r2b1n1c1p1,Green (Advanced cost),Advanced cost,Default,Default,Default,No policy,ammonia,2050,40.30014
h3r2b1n1c1p1,Green (Advanced cost),Advanced cost,Default,Default,Default,No policy,e-diesel,2030,87.96088
h3r2b1n1c1p1,Green (Advanced cost),Advanced cost,Default,Default,Default,No policy,e-diesel,2040,83.09194
h3r2b1n1c1p1,Green (Advanced cost),Advanced cost,Default,Default,Default,No policy,e-diesel,2050,79.2946
h3r2b1n1c1p1,Green (Advanced cost),Advanced cost,Default,Default,Default,No policy,electricity,2030,38.87818
h3r2b1n1c1p1,Green (Advanced cost),Advanced cost,Default,Default,Default,No policy,electricity,2040,38.31198
h3r2b1n1c1p1,Green (Advanced cost),Advanced cost,Default,Default,Default,No policy,electricity,2050,37.57508
h3r2b1n1c1p1,Green (Advanced cost),Advanced cost,Default,Default,Default,No policy,hydrogen,2030,NA
h3r2b1n1c1p1,Green (Advanced cost),Advanced cost,Default,Default,Default,No policy,hydrogen,2040,NA
h3r2b1n1c1p1,Green (Advanced cost),Advanced cost,Default,Default,Default,No policy,hydrogen,2050,NA
h3r2b1n1c1p1,Green (Advanced cost),Advanced cost,Default,Default,Default,No policy,petroleum diesel,2030,28.21945
h3r2b1n1c1p1,Green (Advanced cost),Advanced cost,Default,Default,Default,No policy,petroleum diesel,2040,27.11296
h3r2b1n1c1p1,Green (Advanced cost),Advanced cost,Default,Default,Default,No policy,petroleum diesel,2050,26.37227
h3r2b1n1c1p1,Green (Advanced cost),Advanced cost,Default,Default,Default,No policy,renewable diesel,2030,56.26432
h3r2b1n1c1p1,Green (Advanced cost),Advanced cost,Default,Default,Default,No policy,renewable diesel,2040,48.94172
h3r2b1n1c1p1,Green (Advanced cost),Advanced cost,Default,Default,Default,No policy,renewable diesel,2050,49.35288
h3r2b1n1c1p2,Green (Advanced cost),Advanced cost,Default,Default,Default,50 Percent by 2050,FT biofuels,2030,31.7308
h3r2b1n1c1p2,Green (Advanced cost),Advanced cost,Default,Default,Default,50 Percent by 2050,FT biofuels,2040,29.36678
h3r2b1n1c1p2,Green (Advanced cost),Advanced cost,Default,Default,Default,50 Percent by 2050,FT biofuels,2050,31.18873
h3r2b1n1c1p2,Green (Advanced cost),Advanced cost,Default,Default,Default,50 Percent by 2050,FT biofuels CCS,2030,32.72372
h3r2b1n1c1p2,Green (Advanced cost),Advanced cost,Default,Default,Default,50 Percent by 2050,FT biofuels CCS,2040,26.48225
h3r2b1n1c1p2,Green (Advanced cost),Advanced cost,Default,Default,Default,50 Percent by 2050,FT biofuels CCS,2050,26.784300000000002
h3r2b1n1c1p2,Green (Advanced cost),Advanced cost,Default,Default,Default,50 Percent by 2050,LNG,2030,13.92801
h3r2b1n1c1p2,Green (Advanced cost),Advanced cost,Default,Default,Default,50 Percent by 2050,LNG,2040,18.22008
h3r2b1n1c1p2,Green (Advanced cost),Advanced cost,Default,Default,Default,50 Percent by 2050,LNG,2050,21.00916
h3r2b1n1c1p2,Green (Advanced cost),Advanced cost,Default,Default,Default,50 Percent by 2050,ammonia,2030,51.73168
h3r2b1n1c1p2,Green (Advanced cost),Advanced cost,Default,Default,Default,50 Percent by 2050,ammonia,2040,45.40012
h3r2b1n1c1p2,Green (Advanced cost),Advanced cost,Default,Default,Default,50 Percent by 2050,ammonia,2050,40.57754
h3r2b1n1c1p2,Green (Advanced cost),Advanced cost,Default,Default,Default,50 Percent by 2050,e-diesel,2030,88.71138
h3r2b1n1c1p2,Green (Advanced cost),Advanced cost,Default,Default,Default,50 Percent by 2050,e-diesel,2040,84.58648
h3r2b1n1c1p2,Green (Advanced cost),Advanced cost,Default,Default,Default,50 Percent by 2050,e-diesel,2050,79.91628
h3r2b1n1c1p2,Green (Advanced cost),Advanced cost,Default,Default,Default,50 Percent by 2050,electricity,2030,41.26876
h3r2b1n1c1p2,Green (Advanced cost),Advanced cost,Default,Default,Default,50 Percent by 2050,electricity,2040,43.89418
h3r2b1n1c1p2,Green (Advanced cost),Advanced cost,Default,Default,Default,50 Percent by 2050,electricity,2050,43.63426
h3r2b1n1c1p2,Green (Advanced cost),Advanced cost,Default,Default,Default,50 Percent by 2050,hydrogen,2030,NA
h3r2b1n1c1p2,Green (Advanced cost),Advanced cost,Default,Default,Default,50 Percent by 2050,hydrogen,2040,NA
h3r2b1n1c1p2,Green (Advanced cost),Advanced cost,Default,Default,Default,50 Percent by 2050,hydrogen,2050,NA
h3r2b1n1c1p2,Green (Advanced cost),Advanced cost,Default,Default,Default,50 Percent by 2050,petroleum diesel,2030,30.37726
h3r2b1n1c1p2,Green (Advanced cost),Advanced cost,Default,Default,Default,50 Percent by 2050,petroleum diesel,2040,31.64739
h3r2b1n1c1p2,Green (Advanced cost),Advanced cost,Default,Default,Default,50 Percent by 2050,petroleum diesel,2050,31.25007
h3r2b1n1c1p2,Green (Advanced cost),Advanced cost,Default,Default,Default,50 Percent by 2050,renewable diesel,2030,54.76104
h3r2b1n1c1p2,Green (Advanced cost),Advanced cost,Default,Default,Default,50 Percent by 2050,renewable diesel,2040,45.54414
h3r2b1n1c1p2,Green (Advanced cost),Advanced cost,Default,Default,Default,50 Percent by 2050,renewable diesel,2050,47.87658
h3r2b1n1c1p3,Green (Advanced cost),Advanced cost,Default,Default,Default,Net Zero by 2050,FT biofuels,2030,26.97153
h3r2b1n1c1p3,Green (Advanced cost),Advanced cost,Default,Default,Default,Net Zero by 2050,FT biofuels,2040,24.98736
h3r2b1n1c1p3,Green (Advanced cost),Advanced cost,Default,Default,Default,Net Zero by 2050,FT biofuels,2050,19.77783
h3r2b1n1c1p3,Green (Advanced cost),Advanced cost,Default,Default,Default,Net Zero by 2050,FT biofuels CCS,2030,21.57091
h3r2b1n1c1p3,Green (Advanced cost),Advanced cost,Default,Default,Default,Net Zero by 2050,FT biofuels CCS,2040,16.96283
h3r2b1n1c1p3,Green (Advanced cost),Advanced cost,Default,Default,Default,Net Zero by 2050,FT biofuels CCS,2050,5.91354
h3r2b1n1c1p3,Green (Advanced cost),Advanced cost,Default,Default,Default,Net Zero by 2050,LNG,2030,21.23085
h3r2b1n1c1p3,Green (Advanced cost),Advanced cost,Default,Default,Default,Net Zero by 2050,LNG,2040,24.55893
h3r2b1n1c1p3,Green (Advanced cost),Advanced cost,Default,Default,Default,Net Zero by 2050,LNG,2050,32.15852
h3r2b1n1c1p3,Green (Advanced cost),Advanced cost,Default,Default,Default,Net Zero by 2050,ammonia,2030,52.39326
h3r2b1n1c1p3,Green (Advanced cost),Advanced cost,Default,Default,Default,Net Zero by 2050,ammonia,2040,45.61102
h3r2b1n1c1p3,Green (Advanced cost),Advanced cost,Default,Default,Default,Net Zero by 2050,ammonia,2050,40.60528
h3r2b1n1c1p3,Green (Advanced cost),Advanced cost,Default,Default,Default,Net Zero by 2050,e-diesel,2030,89.25402
h3r2b1n1c1p3,Green (Advanced cost),Advanced cost,Default,Default,Default,Net Zero by 2050,e-diesel,2040,83.70374
h3r2b1n1c1p3,Green (Advanced cost),Advanced cost,Default,Default,Default,Net Zero by 2050,e-diesel,2050,74.98046
h3r2b1n1c1p3,Green (Advanced cost),Advanced cost,Default,Default,Default,Net Zero by 2050,electricity,2030,45.65054
h3r2b1n1c1p3,Green (Advanced cost),Advanced cost,Default,Default,Default,Net Zero by 2050,electricity,2040,46.58876
h3r2b1n1c1p3,Green (Advanced cost),Advanced cost,Default,Default,Default,Net Zero by 2050,electricity,2050,45.48638
h3r2b1n1c1p3,Green (Advanced cost),Advanced cost,Default,Default,Default,Net Zero by 2050,hydrogen,2030,NA
h3r2b1n1c1p3,Green (Advanced cost),Advanced cost,Default,Default,Default,Net Zero by 2050,hydrogen,2040,NA
h3r2b1n1c1p3,Green (Advanced cost),Advanced cost,Default,Default,Default,Net Zero by 2050,hydrogen,2050,NA
h3r2b1n1c1p3,Green (Advanced cost),Advanced cost,Default,Default,Default,Net Zero by 2050,petroleum diesel,2030,35.60307
h3r2b1n1c1p3,Green (Advanced cost),Advanced cost,Default,Default,Default,Net Zero by 2050,petroleum diesel,2040,35.3717
h3r2b1n1c1p3,Green (Advanced cost),Advanced cost,Default,Default,Default,Net Zero by 2050,petroleum diesel,2050,38.14143
h3r2b1n1c1p3,Green (Advanced cost),Advanced cost,Default,Default,Default,Net Zero by 2050,renewable diesel,2030,51.7921
h3r2b1n1c1p3,Green (Advanced cost),Advanced cost,Default,Default,Default,Net Zero by 2050,renewable diesel,2040,47.78462
h3r2b1n1c1p3,Green (Advanced cost),Advanced cost,Default,Default,Default,Net Zero by 2050,renewable diesel,2050,45.19112
h3r2b1n1c2p1,Green (Advanced cost),Advanced cost,Default,Default,Constrained,No policy,FT biofuels,2030,32.13375
h3r2b1n1c2p1,Green (Advanced cost),Advanced cost,Default,Default,Constrained,No policy,FT biofuels,2040,31.72924
h3r2b1n1c2p1,Green (Advanced cost),Advanced cost,Default,Default,Constrained,No policy,FT biofuels,2050,31.13135
h3r2b1n1c2p1,Green (Advanced cost),Advanced cost,Default,Default,Constrained,No policy,FT biofuels CCS,2030,36.23215
h3r2b1n1c2p1,Green (Advanced cost),Advanced cost,Default,Default,Constrained,No policy,FT biofuels CCS,2040,36.53101
h3r2b1n1c2p1,Green (Advanced cost),Advanced cost,Default,Default,Constrained,No policy,FT biofuels CCS,2050,37.20541
h3r2b1n1c2p1,Green (Advanced cost),Advanced cost,Default,Default,Constrained,No policy,LNG,2030,10.77296
h3r2b1n1c2p1,Green (Advanced cost),Advanced cost,Default,Default,Constrained,No policy,LNG,2040,10.50271
h3r2b1n1c2p1,Green (Advanced cost),Advanced cost,Default,Default,Constrained,No policy,LNG,2050,11.05766
h3r2b1n1c2p1,Green (Advanced cost),Advanced cost,Default,Default,Constrained,No policy,ammonia,2030,51.14724
h3r2b1n1c2p1,Green (Advanced cost),Advanced cost,Default,Default,Constrained,No policy,ammonia,2040,44.78756
h3r2b1n1c2p1,Green (Advanced cost),Advanced cost,Default,Default,Constrained,No policy,ammonia,2050,40.3028
h3r2b1n1c2p1,Green (Advanced cost),Advanced cost,Default,Default,Constrained,No policy,e-diesel,2030,87.95252
h3r2b1n1c2p1,Green (Advanced cost),Advanced cost,Default,Default,Constrained,No policy,e-diesel,2040,83.06496
h3r2b1n1c2p1,Green (Advanced cost),Advanced cost,Default,Default,Constrained,No policy,e-diesel,2050,79.25052
h3r2b1n1c2p1,Green (Advanced cost),Advanced cost,Default,Default,Constrained,No policy,electricity,2030,38.87058
h3r2b1n1c2p1,Green (Advanced cost),Advanced cost,Default,Default,Constrained,No policy,electricity,2040,38.2869
h3r2b1n1c2p1,Green (Advanced cost),Advanced cost,Default,Default,Constrained,No policy,electricity,2050,37.53374
h3r2b1n1c2p1,Green (Advanced cost),Advanced cost,Default,Default,Constrained,No policy,hydrogen,2030,NA
h3r2b1n1c2p1,Green (Advanced cost),Advanced cost,Default,Default,Constrained,No policy,hydrogen,2040,NA
h3r2b1n1c2p1,Green (Advanced cost),Advanced cost,Default,Default,Constrained,No policy,hydrogen,2050,NA
h3r2b1n1c2p1,Green (Advanced cost),Advanced cost,Default,Default,Constrained,No policy,petroleum diesel,2030,28.22222
h3r2b1n1c2p1,Green (Advanced cost),Advanced cost,Default,Default,Constrained,No policy,petroleum diesel,2040,27.14971
h3r2b1n1c2p1,Green (Advanced cost),Advanced cost,Default,Default,Constrained,No policy,petroleum diesel,2050,26.47981
h3r2b1n1c2p1,Green (Advanced cost),Advanced cost,Default,Default,Constrained,No policy,renewable diesel,2030,56.2799
h3r2b1n1c2p1,Green (Advanced cost),Advanced cost,Default,Default,Constrained,No policy,renewable diesel,2040,49.02114
h3r2b1n1c2p1,Green (Advanced cost),Advanced cost,Default,Default,Constrained,No policy,renewable diesel,2050,49.71122
h3r2b1n1c2p2,Green (Advanced cost),Advanced cost,Default,Default,Constrained,50 Percent by 2050,FT biofuels,2030,31.50257
h3r2b1n1c2p2,Green (Advanced cost),Advanced cost,Default,Default,Constrained,50 Percent by 2050,FT biofuels,2040,28.72435
h3r2b1n1c2p2,Green (Advanced cost),Advanced cost,Default,Default,Constrained,50 Percent by 2050,FT biofuels,2050,29.06411
h3r2b1n1c2p2,Green (Advanced cost),Advanced cost,Default,Default,Constrained,50 Percent by 2050,FT biofuels CCS,2030,32.85163
h3r2b1n1c2p2,Green (Advanced cost),Advanced cost,Default,Default,Constrained,50 Percent by 2050,FT biofuels CCS,2040,27.35388
h3r2b1n1c2p2,Green (Advanced cost),Advanced cost,Default,Default,Constrained,50 Percent by 2050,FT biofuels CCS,2050,28.42793
h3r2b1n1c2p2,Green (Advanced cost),Advanced cost,Default,Default,Constrained,50 Percent by 2050,LNG,2030,14.04263
h3r2b1n1c2p2,Green (Advanced cost),Advanced cost,Default,Default,Constrained,50 Percent by 2050,LNG,2040,18.83428
h3r2b1n1c2p2,Green (Advanced cost),Advanced cost,Default,Default,Constrained,50 Percent by 2050,LNG,2050,22.71693
h3r2b1n1c2p2,Green (Advanced cost),Advanced cost,Default,Default,Constrained,50 Percent by 2050,ammonia,2030,51.77158
h3r2b1n1c2p2,Green (Advanced cost),Advanced cost,Default,Default,Constrained,50 Percent by 2050,ammonia,2040,45.48106
h3r2b1n1c2p2,Green (Advanced cost),Advanced cost,Default,Default,Constrained,50 Percent by 2050,ammonia,2050,40.63378
h3r2b1n1c2p2,Green (Advanced cost),Advanced cost,Default,Default,Constrained,50 Percent by 2050,e-diesel,2030,88.70112
h3r2b1n1c2p2,Green (Advanced cost),Advanced cost,Default,Default,Constrained,50 Percent by 2050,e-diesel,2040,84.57432
h3r2b1n1c2p2,Green (Advanced cost),Advanced cost,Default,Default,Constrained,50 Percent by 2050,e-diesel,2050,79.73806
h3r2b1n1c2p2,Green (Advanced cost),Advanced cost,Default,Default,Constrained,50 Percent by 2050,electricity,2030,41.32804
h3r2b1n1c2p2,Green (Advanced cost),Advanced cost,Default,Default,Constrained,50 Percent by 2050,electricity,2040,44.22554
h3r2b1n1c2p2,Green (Advanced cost),Advanced cost,Default,Default,Constrained,50 Percent by 2050,electricity,2050,44.4239
h3r2b1n1c2p2,Green (Advanced cost),Advanced cost,Default,Default,Constrained,50 Percent by 2050,hydrogen,2030,NA
h3r2b1n1c2p2,Green (Advanced cost),Advanced cost,Default,Default,Constrained,50 Percent by 2050,hydrogen,2040,NA
h3r2b1n1c2p2,Green (Advanced cost),Advanced cost,Default,Default,Constrained,50 Percent by 2050,hydrogen,2050,NA
h3r2b1n1c2p2,Green (Advanced cost),Advanced cost,Default,Default,Constrained,50 Percent by 2050,petroleum diesel,2030,30.46912
h3r2b1n1c2p2,Green (Advanced cost),Advanced cost,Default,Default,Constrained,50 Percent by 2050,petroleum diesel,2040,32.0778
h3r2b1n1c2p2,Green (Advanced cost),Advanced cost,Default,Default,Constrained,50 Percent by 2050,petroleum diesel,2050,32.31629
h3r2b1n1c2p2,Green (Advanced cost),Advanced cost,Default,Default,Constrained,50 Percent by 2050,renewable diesel,2030,54.6972
h3r2b1n1c2p2,Green (Advanced cost),Advanced cost,Default,Default,Constrained,50 Percent by 2050,renewable diesel,2040,45.22266
h3r2b1n1c2p2,Green (Advanced cost),Advanced cost,Default,Default,Constrained,50 Percent by 2050,renewable diesel,2050,47.40348
h3r2b1n1c2p3,Green (Advanced cost),Advanced cost,Default,Default,Constrained,Net Zero by 2050,FT biofuels,2030,26.52354
h3r2b1n1c2p3,Green (Advanced cost),Advanced cost,Default,Default,Constrained,Net Zero by 2050,FT biofuels,2040,22.65708
h3r2b1n1c2p3,Green (Advanced cost),Advanced cost,Default,Default,Constrained,Net Zero by 2050,FT biofuels,2050,10.32574
h3r2b1n1c2p3,Green (Advanced cost),Advanced cost,Default,Default,Constrained,Net Zero by 2050,FT biofuels CCS,2030,22.13572
h3r2b1n1c2p3,Green (Advanced cost),Advanced cost,Default,Default,Constrained,Net Zero by 2050,FT biofuels CCS,2040,17.6295
h3r2b1n1c2p3,Green (Advanced cost),Advanced cost,Default,Default,Constrained,Net Zero by 2050,FT biofuels CCS,2050,17.32131
h3r2b1n1c2p3,Green (Advanced cost),Advanced cost,Default,Default,Constrained,Net Zero by 2050,LNG,2030,21.68605
h3r2b1n1c2p3,Green (Advanced cost),Advanced cost,Default,Default,Constrained,Net Zero by 2050,LNG,2040,27.7946
h3r2b1n1c2p3,Green (Advanced cost),Advanced cost,Default,Default,Constrained,Net Zero by 2050,LNG,2050,46.90063
h3r2b1n1c2p3,Green (Advanced cost),Advanced cost,Default,Default,Constrained,Net Zero by 2050,ammonia,2030,52.45976
h3r2b1n1c2p3,Green (Advanced cost),Advanced cost,Default,Default,Constrained,Net Zero by 2050,ammonia,2040,45.82306
h3r2b1n1c2p3,Green (Advanced cost),Advanced cost,Default,Default,Constrained,Net Zero by 2050,ammonia,2050,40.93892
h3r2b1n1c2p3,Green (Advanced cost),Advanced cost,Default,Default,Constrained,Net Zero by 2050,e-diesel,2030,89.34408
h3r2b1n1c2p3,Green (Advanced cost),Advanced cost,Default,Default,Constrained,Net Zero by 2050,e-diesel,2040,83.56618
h3r2b1n1c2p3,Green (Advanced cost),Advanced cost,Default,Default,Constrained,Net Zero by 2050,e-diesel,2050,67.67306
h3r2b1n1c2p3,Green (Advanced cost),Advanced cost,Default,Default,Constrained,Net Zero by 2050,electricity,2030,45.96898
h3r2b1n1c2p3,Green (Advanced cost),Advanced cost,Default,Default,Constrained,Net Zero by 2050,electricity,2040,48.21668
h3r2b1n1c2p3,Green (Advanced cost),Advanced cost,Default,Default,Constrained,Net Zero by 2050,electricity,2050,47.21044
h3r2b1n1c2p3,Green (Advanced cost),Advanced cost,Default,Default,Constrained,Net Zero by 2050,hydrogen,2030,NA
h3r2b1n1c2p3,Green (Advanced cost),Advanced cost,Default,Default,Constrained,Net Zero by 2050,hydrogen,2040,NA
h3r2b1n1c2p3,Green (Advanced cost),Advanced cost,Default,Default,Constrained,Net Zero by 2050,hydrogen,2050,NA
h3r2b1n1c2p3,Green (Advanced cost),Advanced cost,Default,Default,Constrained,Net Zero by 2050,petroleum diesel,2030,35.97464
h3r2b1n1c2p3,Green (Advanced cost),Advanced cost,Default,Default,Constrained,Net Zero by 2050,petroleum diesel,2040,37.83999
h3r2b1n1c2p3,Green (Advanced cost),Advanced cost,Default,Default,Constrained,Net Zero by 2050,petroleum diesel,2050,47.46267
h3r2b1n1c2p3,Green (Advanced cost),Advanced cost,Default,Default,Constrained,Net Zero by 2050,renewable diesel,2030,51.35434
h3r2b1n1c2p3,Green (Advanced cost),Advanced cost,Default,Default,Constrained,Net Zero by 2050,renewable diesel,2040,46.1586
h3r2b1n1c2p3,Green (Advanced cost),Advanced cost,Default,Default,Constrained,Net Zero by 2050,renewable diesel,2050,43.32684
h3r2b1n2c1p1,Green (Advanced cost),Advanced cost,Default,Advanced cost,Default,No policy,FT biofuels,2030,32.15522
h3r2b1n2c1p1,Green (Advanced cost),Advanced cost,Default,Advanced cost,Default,No policy,FT biofuels,2040,31.70272
h3r2b1n2c1p1,Green (Advanced cost),Advanced cost,Default,Advanced cost,Default,No policy,FT biofuels,2050,31.16722
h3r2b1n2c1p1,Green (Advanced cost),Advanced cost,Default,Advanced cost,Default,No policy,FT biofuels CCS,2030,35.85485
h3r2b1n2c1p1,Green (Advanced cost),Advanced cost,Default,Advanced cost,Default,No policy,FT biofuels CCS,2040,35.27912
h3r2b1n2c1p1,Green (Advanced cost),Advanced cost,Default,Advanced cost,Default,No policy,FT biofuels CCS,2050,34.78177
h3r2b1n2c1p1,Green (Advanced cost),Advanced cost,Default,Advanced cost,Default,No policy,LNG,2030,10.76251
h3r2b1n2c1p1,Green (Advanced cost),Advanced cost,Default,Advanced cost,Default,No policy,LNG,2040,10.38179
h3r2b1n2c1p1,Green (Advanced cost),Advanced cost,Default,Advanced cost,Default,No policy,LNG,2050,10.8984
h3r2b1n2c1p1,Green (Advanced cost),Advanced cost,Default,Advanced cost,Default,No policy,ammonia,2030,51.10924
h3r2b1n2c1p1,Green (Advanced cost),Advanced cost,Default,Advanced cost,Default,No policy,ammonia,2040,44.726
h3r2b1n2c1p1,Green (Advanced cost),Advanced cost,Default,Advanced cost,Default,No policy,ammonia,2050,40.20932
h3r2b1n2c1p1,Green (Advanced cost),Advanced cost,Default,Advanced cost,Default,No policy,e-diesel,2030,88.25006
h3r2b1n2c1p1,Green (Advanced cost),Advanced cost,Default,Advanced cost,Default,No policy,e-diesel,2040,80.95862
h3r2b1n2c1p1,Green (Advanced cost),Advanced cost,Default,Advanced cost,Default,No policy,e-diesel,2050,77.38776
h3r2b1n2c1p1,Green (Advanced cost),Advanced cost,Default,Advanced cost,Default,No policy,electricity,2030,39.16926
h3r2b1n2c1p1,Green (Advanced cost),Advanced cost,Default,Advanced cost,Default,No policy,electricity,2040,36.46742
h3r2b1n2c1p1,Green (Advanced cost),Advanced cost,Default,Advanced cost,Default,No policy,electricity,2050,35.97031
h3r2b1n2c1p1,Green (Advanced cost),Advanced cost,Default,Advanced cost,Default,No policy,hydrogen,2030,NA
h3r2b1n2c1p1,Green (Advanced cost),Advanced cost,Default,Advanced cost,Default,No policy,hydrogen,2040,NA
h3r2b1n2c1p1,Green (Advanced cost),Advanced cost,Default,Advanced cost,Default,No policy,hydrogen,2050,NA
h3r2b1n2c1p1,Green (Advanced cost),Advanced cost,Default,Advanced cost,Default,No policy,petroleum diesel,2030,28.22036
h3r2b1n2c1p1,Green (Advanced cost),Advanced cost,Default,Advanced cost,Default,No policy,petroleum diesel,2040,26.94641
h3r2b1n2c1p1,Green (Advanced cost),Advanced cost,Default,Advanced cost,Default,No policy,petroleum diesel,2050,26.17759
h3r2b1n2c1p1,Green (Advanced cost),Advanced cost,Default,Advanced cost,Default,No policy,renewable diesel,2030,56.27116
h3r2b1n2c1p1,Green (Advanced cost),Advanced cost,Default,Advanced cost,Default,No policy,renewable diesel,2040,48.73044
h3r2b1n2c1p1,Green (Advanced cost),Advanced cost,Default,Advanced cost,Default,No policy,renewable diesel,2050,49.0352
h3r2b1n2c1p2,Green (Advanced cost),Advanced cost,Default,Advanced cost,Default,50 Percent by 2050,FT biofuels,2030,31.96404
h3r2b1n2c1p2,Green (Advanced cost),Advanced cost,Default,Advanced cost,Default,50 Percent by 2050,FT biofuels,2040,30.07958
h3r2b1n2c1p2,Green (Advanced cost),Advanced cost,Default,Advanced cost,Default,50 Percent by 2050,FT biofuels,2050,30.7564
h3r2b1n2c1p2,Green (Advanced cost),Advanced cost,Default,Advanced cost,Default,50 Percent by 2050,FT biofuels CCS,2030,33.3656
h3r2b1n2c1p2,Green (Advanced cost),Advanced cost,Default,Advanced cost,Default,50 Percent by 2050,FT biofuels CCS,2040,28.90859
h3r2b1n2c1p2,Green (Advanced cost),Advanced cost,Default,Advanced cost,Default,50 Percent by 2050,FT biofuels CCS,2050,27.79945
h3r2b1n2c1p2,Green (Advanced cost),Advanced cost,Default,Advanced cost,Default,50 Percent by 2050,LNG,2030,13.44468
h3r2b1n2c1p2,Green (Advanced cost),Advanced cost,Default,Advanced cost,Default,50 Percent by 2050,LNG,2040,15.939
h3r2b1n2c1p2,Green (Advanced cost),Advanced cost,Default,Advanced cost,Default,50 Percent by 2050,LNG,2050,18.95909
h3r2b1n2c1p2,Green (Advanced cost),Advanced cost,Default,Advanced cost,Default,50 Percent by 2050,ammonia,2030,51.6344
h3r2b1n2c1p2,Green (Advanced cost),Advanced cost,Default,Advanced cost,Default,50 Percent by 2050,ammonia,2040,45.18884
h3r2b1n2c1p2,Green (Advanced cost),Advanced cost,Default,Advanced cost,Default,50 Percent by 2050,ammonia,2050,40.42744
h3r2b1n2c1p2,Green (Advanced cost),Advanced cost,Default,Advanced cost,Default,50 Percent by 2050,e-diesel,2030,88.79726
h3r2b1n2c1p2,Green (Advanced cost),Advanced cost,Default,Advanced cost,Default,50 Percent by 2050,e-diesel,2040,79.94516
h3r2b1n2c1p2,Green (Advanced cost),Advanced cost,Default,Advanced cost,Default,50 Percent by 2050,e-diesel,2050,75.41784
h3r2b1n2c1p2,Green (Advanced cost),Advanced cost,Default,Advanced cost,Default,50 Percent by 2050,electricity,2030,41.12664
h3r2b1n2c1p2,Green (Advanced cost),Advanced cost,Default,Advanced cost,Default,50 Percent by 2050,electricity,2040,38.67944
h3r2b1n2c1p2,Green (Advanced cost),Advanced cost,Default,Advanced cost,Default,50 Percent by 2050,electricity,2050,38.74822
h3r2b1n2c1p2,Green (Advanced cost),Advanced cost,Default,Advanced cost,Default,50 Percent by 2050,hydrogen,2030,NA
h3r2b1n2c1p2,Green (Advanced cost),Advanced cost,Default,Advanced cost,Default,50 Percent by 2050,hydrogen,2040,NA
h3r2b1n2c1p2,Green (Advanced cost),Advanced cost,Default,Advanced cost,Default,50 Percent by 2050,hydrogen,2050,NA
h3r2b1n2c1p2,Green (Advanced cost),Advanced cost,Default,Advanced cost,Default,50 Percent by 2050,petroleum diesel,2030,30.04071
h3r2b1n2c1p2,Green (Advanced cost),Advanced cost,Default,Advanced cost,Default,50 Percent by 2050,petroleum diesel,2040,30.05859
h3r2b1n2c1p2,Green (Advanced cost),Advanced cost,Default,Advanced cost,Default,50 Percent by 2050,petroleum diesel,2050,29.90042
h3r2b1n2c1p2,Green (Advanced cost),Advanced cost,Default,Advanced cost,Default,50 Percent by 2050,renewable diesel,2030,55.02628
h3r2b1n2c1p2,Green (Advanced cost),Advanced cost,Default,Advanced cost,Default,50 Percent by 2050,renewable diesel,2040,46.0674
h3r2b1n2c1p2,Green (Advanced cost),Advanced cost,Default,Advanced cost,Default,50 Percent by 2050,renewable diesel,2050,47.34914
h3r2b1n2c1p3,Green (Advanced cost),Advanced cost,Default,Advanced cost,Default,Net Zero by 2050,FT biofuels,2030,27.00219
h3r2b1n2c1p3,Green (Advanced cost),Advanced cost,Default,Advanced cost,Default,Net Zero by 2050,FT biofuels,2040,25.1012
h3r2b1n2c1p3,Green (Advanced cost),Advanced cost,Default,Advanced cost,Default,Net Zero by 2050,FT biofuels,2050,20.74215
h3r2b1n2c1p3,Green (Advanced cost),Advanced cost,Default,Advanced cost,Default,Net Zero by 2050,FT biofuels CCS,2030,21.76849
h3r2b1n2c1p3,Green (Advanced cost),Advanced cost,Default,Advanced cost,Default,Net Zero by 2050,FT biofuels CCS,2040,18.04691
h3r2b1n2c1p3,Green (Advanced cost),Advanced cost,Default,Advanced cost,Default,Net Zero by 2050,FT biofuels CCS,2050,8.44408
h3r2b1n2c1p3,Green (Advanced cost),Advanced cost,Default,Advanced cost,Default,Net Zero by 2050,LNG,2030,20.79943
h3r2b1n2c1p3,Green (Advanced cost),Advanced cost,Default,Advanced cost,Default,Net Zero by 2050,LNG,2040,23.12198
h3r2b1n2c1p3,Green (Advanced cost),Advanced cost,Default,Advanced cost,Default,Net Zero by 2050,LNG,2050,29.93035
h3r2b1n2c1p3,Green (Advanced cost),Advanced cost,Default,Advanced cost,Default,Net Zero by 2050,ammonia,2030,52.28116
h3r2b1n2c1p3,Green (Advanced cost),Advanced cost,Default,Advanced cost,Default,Net Zero by 2050,ammonia,2040,45.48828
h3r2b1n2c1p3,Green (Advanced cost),Advanced cost,Default,Advanced cost,Default,Net Zero by 2050,ammonia,2050,40.47912
h3r2b1n2c1p3,Green (Advanced cost),Advanced cost,Default,Advanced cost,Default,Net Zero by 2050,e-diesel,2030,88.59396
h3r2b1n2c1p3,Green (Advanced cost),Advanced cost,Default,Advanced cost,Default,Net Zero by 2050,e-diesel,2040,76.8854
h3r2b1n2c1p3,Green (Advanced cost),Advanced cost,Default,Advanced cost,Default,Net Zero by 2050,e-diesel,2050,69.33556
h3r2b1n2c1p3,Green (Advanced cost),Advanced cost,Default,Advanced cost,Default,Net Zero by 2050,electricity,2030,45.0072
h3r2b1n2c1p3,Green (Advanced cost),Advanced cost,Default,Advanced cost,Default,Net Zero by 2050,electricity,2040,39.919
h3r2b1n2c1p3,Green (Advanced cost),Advanced cost,Default,Advanced cost,Default,Net Zero by 2050,electricity,2050,39.51848
h3r2b1n2c1p3,Green (Advanced cost),Advanced cost,Default,Advanced cost,Default,Net Zero by 2050,hydrogen,2030,NA
h3r2b1n2c1p3,Green (Advanced cost),Advanced cost,Default,Advanced cost,Default,Net Zero by 2050,hydrogen,2040,NA
h3r2b1n2c1p3,Green (Advanced cost),Advanced cost,Default,Advanced cost,Default,Net Zero by 2050,hydrogen,2050,NA
h3r2b1n2c1p3,Green (Advanced cost),Advanced cost,Default,Advanced cost,Default,Net Zero by 2050,petroleum diesel,2030,35.44144
h3r2b1n2c1p3,Green (Advanced cost),Advanced cost,Default,Advanced cost,Default,Net Zero by 2050,petroleum diesel,2040,34.81253
h3r2b1n2c1p3,Green (Advanced cost),Advanced cost,Default,Advanced cost,Default,Net Zero by 2050,petroleum diesel,2050,36.44054
h3r2b1n2c1p3,Green (Advanced cost),Advanced cost,Default,Advanced cost,Default,Net Zero by 2050,renewable diesel,2030,51.73586
h3r2b1n2c1p3,Green (Advanced cost),Advanced cost,Default,Advanced cost,Default,Net Zero by 2050,renewable diesel,2040,45.99064
h3r2b1n2c1p3,Green (Advanced cost),Advanced cost,Default,Advanced cost,Default,Net Zero by 2050,renewable diesel,2050,44.24872
h3r2b1n2c2p1,Green (Advanced cost),Advanced cost,Default,Advanced cost,Constrained,No policy,FT biofuels,2030,32.12729
h3r2b1n2c2p1,Green (Advanced cost),Advanced cost,Default,Advanced cost,Constrained,No policy,FT biofuels,2040,31.62569
h3r2b1n2c2p1,Green (Advanced cost),Advanced cost,Default,Advanced cost,Constrained,No policy,FT biofuels,2050,31.01123
h3r2b1n2c2p1,Green (Advanced cost),Advanced cost,Default,Advanced cost,Constrained,No policy,FT biofuels CCS,2030,36.22286
h3r2b1n2c2p1,Green (Advanced cost),Advanced cost,Default,Advanced cost,Constrained,No policy,FT biofuels CCS,2040,36.39527
h3r2b1n2c2p1,Green (Advanced cost),Advanced cost,Default,Advanced cost,Constrained,No policy,FT biofuels CCS,2050,37.0136
h3r2b1n2c2p1,Green (Advanced cost),Advanced cost,Default,Advanced cost,Constrained,No policy,LNG,2030,10.76259
h3r2b1n2c2p1,Green (Advanced cost),Advanced cost,Default,Advanced cost,Constrained,No policy,LNG,2040,10.38213
h3r2b1n2c2p1,Green (Advanced cost),Advanced cost,Default,Advanced cost,Constrained,No policy,LNG,2050,10.90049
h3r2b1n2c2p1,Green (Advanced cost),Advanced cost,Default,Advanced cost,Constrained,No policy,ammonia,2030,51.11
h3r2b1n2c2p1,Green (Advanced cost),Advanced cost,Default,Advanced cost,Constrained,No policy,ammonia,2040,44.72714
h3r2b1n2c2p1,Green (Advanced cost),Advanced cost,Default,Advanced cost,Constrained,No policy,ammonia,2050,40.21198
h3r2b1n2c2p1,Green (Advanced cost),Advanced cost,Default,Advanced cost,Constrained,No policy,e-diesel,2030,88.24208
h3r2b1n2c2p1,Green (Advanced cost),Advanced cost,Default,Advanced cost,Constrained,No policy,e-diesel,2040,80.94418
h3r2b1n2c2p1,Green (Advanced cost),Advanced cost,Default,Advanced cost,Constrained,No policy,e-diesel,2050,77.36344
h3r2b1n2c2p1,Green (Advanced cost),Advanced cost,Default,Advanced cost,Constrained,No policy,electricity,2030,39.16242
h3r2b1n2c2p1,Green (Advanced cost),Advanced cost,Default,Advanced cost,Constrained,No policy,electricity,2040,36.45374
h3r2b1n2c2p1,Green (Advanced cost),Advanced cost,Default,Advanced cost,Constrained,No policy,electricity,2050,35.94625
h3r2b1n2c2p1,Green (Advanced cost),Advanced cost,Default,Advanced cost,Constrained,No policy,hydrogen,2030,NA
h3r2b1n2c2p1,Green (Advanced cost),Advanced cost,Default,Advanced cost,Constrained,No policy,hydrogen,2040,NA
h3r2b1n2c2p1,Green (Advanced cost),Advanced cost,Default,Advanced cost,Constrained,No policy,hydrogen,2050,NA
h3r2b1n2c2p1,Green (Advanced cost),Advanced cost,Default,Advanced cost,Constrained,No policy,petroleum diesel,2030,28.22313
h3r2b1n2c2p1,Green (Advanced cost),Advanced cost,Default,Advanced cost,Constrained,No policy,petroleum diesel,2040,26.98509
h3r2b1n2c2p1,Green (Advanced cost),Advanced cost,Default,Advanced cost,Constrained,No policy,petroleum diesel,2050,26.29604
h3r2b1n2c2p1,Green (Advanced cost),Advanced cost,Default,Advanced cost,Constrained,No policy,renewable diesel,2030,56.28712
h3r2b1n2c2p1,Green (Advanced cost),Advanced cost,Default,Advanced cost,Constrained,No policy,renewable diesel,2040,48.80986
h3r2b1n2c2p1,Green (Advanced cost),Advanced cost,Default,Advanced cost,Constrained,No policy,renewable diesel,2050,49.3886
h3r2b1n2c2p2,Green (Advanced cost),Advanced cost,Default,Advanced cost,Constrained,50 Percent by 2050,FT biofuels,2030,31.74258
h3r2b1n2c2p2,Green (Advanced cost),Advanced cost,Default,Advanced cost,Constrained,50 Percent by 2050,FT biofuels,2040,29.5686
h3r2b1n2c2p2,Green (Advanced cost),Advanced cost,Default,Advanced cost,Constrained,50 Percent by 2050,FT biofuels,2050,29.17917
h3r2b1n2c2p2,Green (Advanced cost),Advanced cost,Default,Advanced cost,Constrained,50 Percent by 2050,FT biofuels CCS,2030,33.4888
h3r2b1n2c2p2,Green (Advanced cost),Advanced cost,Default,Advanced cost,Constrained,50 Percent by 2050,FT biofuels CCS,2040,29.7117
h3r2b1n2c2p2,Green (Advanced cost),Advanced cost,Default,Advanced cost,Constrained,50 Percent by 2050,FT biofuels CCS,2050,29.38453
h3r2b1n2c2p2,Green (Advanced cost),Advanced cost,Default,Advanced cost,Constrained,50 Percent by 2050,LNG,2030,13.5498
h3r2b1n2c2p2,Green (Advanced cost),Advanced cost,Default,Advanced cost,Constrained,50 Percent by 2050,LNG,2040,16.34675
h3r2b1n2c2p2,Green (Advanced cost),Advanced cost,Default,Advanced cost,Constrained,50 Percent by 2050,LNG,2050,19.88144
h3r2b1n2c2p2,Green (Advanced cost),Advanced cost,Default,Advanced cost,Constrained,50 Percent by 2050,ammonia,2030,51.67164
h3r2b1n2c2p2,Green (Advanced cost),Advanced cost,Default,Advanced cost,Constrained,50 Percent by 2050,ammonia,2040,45.24432
h3r2b1n2c2p2,Green (Advanced cost),Advanced cost,Default,Advanced cost,Constrained,50 Percent by 2050,ammonia,2050,40.46088
h3r2b1n2c2p2,Green (Advanced cost),Advanced cost,Default,Advanced cost,Constrained,50 Percent by 2050,e-diesel,2030,88.78472
h3r2b1n2c2p2,Green (Advanced cost),Advanced cost,Default,Advanced cost,Constrained,50 Percent by 2050,e-diesel,2040,79.81064
h3r2b1n2c2p2,Green (Advanced cost),Advanced cost,Default,Advanced cost,Constrained,50 Percent by 2050,e-diesel,2050,75.08572
h3r2b1n2c2p2,Green (Advanced cost),Advanced cost,Default,Advanced cost,Constrained,50 Percent by 2050,electricity,2030,41.17908
h3r2b1n2c2p2,Green (Advanced cost),Advanced cost,Default,Advanced cost,Constrained,50 Percent by 2050,electricity,2040,38.7961
h3r2b1n2c2p2,Green (Advanced cost),Advanced cost,Default,Advanced cost,Constrained,50 Percent by 2050,electricity,2050,38.9785
h3r2b1n2c2p2,Green (Advanced cost),Advanced cost,Default,Advanced cost,Constrained,50 Percent by 2050,hydrogen,2030,NA
h3r2b1n2c2p2,Green (Advanced cost),Advanced cost,Default,Advanced cost,Constrained,50 Percent by 2050,hydrogen,2040,NA
h3r2b1n2c2p2,Green (Advanced cost),Advanced cost,Default,Advanced cost,Constrained,50 Percent by 2050,hydrogen,2050,NA
h3r2b1n2c2p2,Green (Advanced cost),Advanced cost,Default,Advanced cost,Constrained,50 Percent by 2050,petroleum diesel,2030,30.12549
h3r2b1n2c2p2,Green (Advanced cost),Advanced cost,Default,Advanced cost,Constrained,50 Percent by 2050,petroleum diesel,2040,30.34658
h3r2b1n2c2p2,Green (Advanced cost),Advanced cost,Default,Advanced cost,Constrained,50 Percent by 2050,petroleum diesel,2050,30.45608
h3r2b1n2c2p2,Green (Advanced cost),Advanced cost,Default,Advanced cost,Constrained,50 Percent by 2050,renewable diesel,2030,54.96548
h3r2b1n2c2p2,Green (Advanced cost),Advanced cost,Default,Advanced cost,Constrained,50 Percent by 2050,renewable diesel,2040,45.85802
h3r2b1n2c2p2,Green (Advanced cost),Advanced cost,Default,Advanced cost,Constrained,50 Percent by 2050,renewable diesel,2050,47.08694
h3r2b1n2c2p3,Green (Advanced cost),Advanced cost,Default,Advanced cost,Constrained,Net Zero by 2050,FT biofuels,2030,26.60502
h3r2b1n2c2p3,Green (Advanced cost),Advanced cost,Default,Advanced cost,Constrained,Net Zero by 2050,FT biofuels,2040,23.15925
h3r2b1n2c2p3,Green (Advanced cost),Advanced cost,Default,Advanced cost,Constrained,Net Zero by 2050,FT biofuels,2050,12.41388
h3r2b1n2c2p3,Green (Advanced cost),Advanced cost,Default,Advanced cost,Constrained,Net Zero by 2050,FT biofuels CCS,2030,22.35147
h3r2b1n2c2p3,Green (Advanced cost),Advanced cost,Default,Advanced cost,Constrained,Net Zero by 2050,FT biofuels CCS,2040,19.09797
h3r2b1n2c2p3,Green (Advanced cost),Advanced cost,Default,Advanced cost,Constrained,Net Zero by 2050,FT biofuels CCS,2050,16.76327
h3r2b1n2c2p3,Green (Advanced cost),Advanced cost,Default,Advanced cost,Constrained,Net Zero by 2050,LNG,2030,21.16504
h3r2b1n2c2p3,Green (Advanced cost),Advanced cost,Default,Advanced cost,Constrained,Net Zero by 2050,LNG,2040,25.38619
h3r2b1n2c2p3,Green (Advanced cost),Advanced cost,Default,Advanced cost,Constrained,Net Zero by 2050,LNG,2050,42.6793
h3r2b1n2c2p3,Green (Advanced cost),Advanced cost,Default,Advanced cost,Constrained,Net Zero by 2050,ammonia,2030,52.33474
h3r2b1n2c2p3,Green (Advanced cost),Advanced cost,Default,Advanced cost,Constrained,Net Zero by 2050,ammonia,2040,45.62888
h3r2b1n2c2p3,Green (Advanced cost),Advanced cost,Default,Advanced cost,Constrained,Net Zero by 2050,ammonia,2050,40.71206
h3r2b1n2c2p3,Green (Advanced cost),Advanced cost,Default,Advanced cost,Constrained,Net Zero by 2050,e-diesel,2030,88.60802
h3r2b1n2c2p3,Green (Advanced cost),Advanced cost,Default,Advanced cost,Constrained,Net Zero by 2050,e-diesel,2040,75.41822
h3r2b1n2c2p3,Green (Advanced cost),Advanced cost,Default,Advanced cost,Constrained,Net Zero by 2050,e-diesel,2050,61.31528
h3r2b1n2c2p3,Green (Advanced cost),Advanced cost,Default,Advanced cost,Constrained,Net Zero by 2050,electricity,2030,45.2181
h3r2b1n2c2p3,Green (Advanced cost),Advanced cost,Default,Advanced cost,Constrained,Net Zero by 2050,electricity,2040,39.99272
h3r2b1n2c2p3,Green (Advanced cost),Advanced cost,Default,Advanced cost,Constrained,Net Zero by 2050,electricity,2050,39.54318
h3r2b1n2c2p3,Green (Advanced cost),Advanced cost,Default,Advanced cost,Constrained,Net Zero by 2050,hydrogen,2030,NA
h3r2b1n2c2p3,Green (Advanced cost),Advanced cost,Default,Advanced cost,Constrained,Net Zero by 2050,hydrogen,2040,NA
h3r2b1n2c2p3,Green (Advanced cost),Advanced cost,Default,Advanced cost,Constrained,Net Zero by 2050,hydrogen,2050,NA
h3r2b1n2c2p3,Green (Advanced cost),Advanced cost,Default,Advanced cost,Constrained,Net Zero by 2050,petroleum diesel,2030,35.75331
h3r2b1n2c2p3,Green (Advanced cost),Advanced cost,Default,Advanced cost,Constrained,Net Zero by 2050,petroleum diesel,2040,36.78569
h3r2b1n2c2p3,Green (Advanced cost),Advanced cost,Default,Advanced cost,Constrained,Net Zero by 2050,petroleum diesel,2050,44.87038
h3r2b1n2c2p3,Green (Advanced cost),Advanced cost,Default,Advanced cost,Constrained,Net Zero by 2050,renewable diesel,2030,51.33838
h3r2b1n2c2p3,Green (Advanced cost),Advanced cost,Default,Advanced cost,Constrained,Net Zero by 2050,renewable diesel,2040,44.14688
h3r2b1n2c2p3,Green (Advanced cost),Advanced cost,Default,Advanced cost,Constrained,Net Zero by 2050,renewable diesel,2050,41.80281
h3r2b2n1c1p1,Green (Advanced cost),Advanced cost,Constrained,Default,Default,No policy,FT biofuels,2030,32.16172
h3r2b2n1c1p1,Green (Advanced cost),Advanced cost,Constrained,Default,Default,No policy,FT biofuels,2040,31.80851
h3r2b2n1c1p1,Green (Advanced cost),Advanced cost,Constrained,Default,Default,No policy,FT biofuels,2050,31.43124
h3r2b2n1c1p1,Green (Advanced cost),Advanced cost,Constrained,Default,Default,No policy,FT biofuels CCS,2030,35.8609
h3r2b2n1c1p1,Green (Advanced cost),Advanced cost,Constrained,Default,Default,No policy,FT biofuels CCS,2040,35.39832
h3r2b2n1c1p1,Green (Advanced cost),Advanced cost,Constrained,Default,Default,No policy,FT biofuels CCS,2050,35.0689
h3r2b2n1c1p1,Green (Advanced cost),Advanced cost,Constrained,Default,Default,No policy,LNG,2030,10.77292
h3r2b2n1c1p1,Green (Advanced cost),Advanced cost,Constrained,Default,Default,No policy,LNG,2040,10.50252
h3r2b2n1c1p1,Green (Advanced cost),Advanced cost,Constrained,Default,Default,No policy,LNG,2050,11.05587
h3r2b2n1c1p1,Green (Advanced cost),Advanced cost,Constrained,Default,Default,No policy,ammonia,2030,51.14648
h3r2b2n1c1p1,Green (Advanced cost),Advanced cost,Constrained,Default,Default,No policy,ammonia,2040,44.78642
h3r2b2n1c1p1,Green (Advanced cost),Advanced cost,Constrained,Default,Default,No policy,ammonia,2050,40.30014
h3r2b2n1c1p1,Green (Advanced cost),Advanced cost,Constrained,Default,Default,No policy,e-diesel,2030,87.96088
h3r2b2n1c1p1,Green (Advanced cost),Advanced cost,Constrained,Default,Default,No policy,e-diesel,2040,83.09194
h3r2b2n1c1p1,Green (Advanced cost),Advanced cost,Constrained,Default,Default,No policy,e-diesel,2050,79.29308
h3r2b2n1c1p1,Green (Advanced cost),Advanced cost,Constrained,Default,Default,No policy,electricity,2030,38.87818
h3r2b2n1c1p1,Green (Advanced cost),Advanced cost,Constrained,Default,Default,No policy,electricity,2040,38.31198
h3r2b2n1c1p1,Green (Advanced cost),Advanced cost,Constrained,Default,Default,No policy,electricity,2050,37.57387
h3r2b2n1c1p1,Green (Advanced cost),Advanced cost,Constrained,Default,Default,No policy,hydrogen,2030,NA
h3r2b2n1c1p1,Green (Advanced cost),Advanced cost,Constrained,Default,Default,No policy,hydrogen,2040,NA
h3r2b2n1c1p1,Green (Advanced cost),Advanced cost,Constrained,Default,Default,No policy,hydrogen,2050,NA
h3r2b2n1c1p1,Green (Advanced cost),Advanced cost,Constrained,Default,Default,No policy,petroleum diesel,2030,28.21945
h3r2b2n1c1p1,Green (Advanced cost),Advanced cost,Constrained,Default,Default,No policy,petroleum diesel,2040,27.11296
h3r2b2n1c1p1,Green (Advanced cost),Advanced cost,Constrained,Default,Default,No policy,petroleum diesel,2050,26.3777
h3r2b2n1c1p1,Green (Advanced cost),Advanced cost,Constrained,Default,Default,No policy,renewable diesel,2030,56.26432
h3r2b2n1c1p1,Green (Advanced cost),Advanced cost,Constrained,Default,Default,No policy,renewable diesel,2040,48.94172
h3r2b2n1c1p1,Green (Advanced cost),Advanced cost,Constrained,Default,Default,No policy,renewable diesel,2050,49.324
h3r2b2n1c1p2,Green (Advanced cost),Advanced cost,Constrained,Default,Default,50 Percent by 2050,FT biofuels,2030,31.7308
h3r2b2n1c1p2,Green (Advanced cost),Advanced cost,Constrained,Default,Default,50 Percent by 2050,FT biofuels,2040,29.76897
h3r2b2n1c1p2,Green (Advanced cost),Advanced cost,Constrained,Default,Default,50 Percent by 2050,FT biofuels,2050,31.71571
h3r2b2n1c1p2,Green (Advanced cost),Advanced cost,Constrained,Default,Default,50 Percent by 2050,FT biofuels CCS,2030,32.72372
h3r2b2n1c1p2,Green (Advanced cost),Advanced cost,Constrained,Default,Default,50 Percent by 2050,FT biofuels CCS,2040,26.84761
h3r2b2n1c1p2,Green (Advanced cost),Advanced cost,Constrained,Default,Default,50 Percent by 2050,FT biofuels CCS,2050,27.17563
h3r2b2n1c1p2,Green (Advanced cost),Advanced cost,Constrained,Default,Default,50 Percent by 2050,LNG,2030,13.92801
h3r2b2n1c1p2,Green (Advanced cost),Advanced cost,Constrained,Default,Default,50 Percent by 2050,LNG,2040,18.27771
h3r2b2n1c1p2,Green (Advanced cost),Advanced cost,Constrained,Default,Default,50 Percent by 2050,LNG,2050,21.19401
h3r2b2n1c1p2,Green (Advanced cost),Advanced cost,Constrained,Default,Default,50 Percent by 2050,ammonia,2030,51.73168
h3r2b2n1c1p2,Green (Advanced cost),Advanced cost,Constrained,Default,Default,50 Percent by 2050,ammonia,2040,45.40468
h3r2b2n1c1p2,Green (Advanced cost),Advanced cost,Constrained,Default,Default,50 Percent by 2050,ammonia,2050,40.5821
h3r2b2n1c1p2,Green (Advanced cost),Advanced cost,Constrained,Default,Default,50 Percent by 2050,e-diesel,2030,88.71138
h3r2b2n1c1p2,Green (Advanced cost),Advanced cost,Constrained,Default,Default,50 Percent by 2050,e-diesel,2040,84.57964
h3r2b2n1c1p2,Green (Advanced cost),Advanced cost,Constrained,Default,Default,50 Percent by 2050,e-diesel,2050,79.86954
h3r2b2n1c1p2,Green (Advanced cost),Advanced cost,Constrained,Default,Default,50 Percent by 2050,electricity,2030,41.26876
h3r2b2n1c1p2,Green (Advanced cost),Advanced cost,Constrained,Default,Default,50 Percent by 2050,electricity,2040,43.91926
h3r2b2n1c1p2,Green (Advanced cost),Advanced cost,Constrained,Default,Default,50 Percent by 2050,electricity,2050,43.69392
h3r2b2n1c1p2,Green (Advanced cost),Advanced cost,Constrained,Default,Default,50 Percent by 2050,hydrogen,2030,NA
h3r2b2n1c1p2,Green (Advanced cost),Advanced cost,Constrained,Default,Default,50 Percent by 2050,hydrogen,2040,NA
h3r2b2n1c1p2,Green (Advanced cost),Advanced cost,Constrained,Default,Default,50 Percent by 2050,hydrogen,2050,NA
h3r2b2n1c1p2,Green (Advanced cost),Advanced cost,Constrained,Default,Default,50 Percent by 2050,petroleum diesel,2030,30.37726
h3r2b2n1c1p2,Green (Advanced cost),Advanced cost,Constrained,Default,Default,50 Percent by 2050,petroleum diesel,2040,31.69484
h3r2b2n1c1p2,Green (Advanced cost),Advanced cost,Constrained,Default,Default,50 Percent by 2050,petroleum diesel,2050,31.41446
h3r2b2n1c1p2,Green (Advanced cost),Advanced cost,Constrained,Default,Default,50 Percent by 2050,renewable diesel,2030,54.76104
h3r2b2n1c1p2,Green (Advanced cost),Advanced cost,Constrained,Default,Default,50 Percent by 2050,renewable diesel,2040,45.3663
h3r2b2n1c1p2,Green (Advanced cost),Advanced cost,Constrained,Default,Default,50 Percent by 2050,renewable diesel,2050,47.75004
h3r2b2n1c1p3,Green (Advanced cost),Advanced cost,Constrained,Default,Default,Net Zero by 2050,FT biofuels,2030,26.97153
h3r2b2n1c1p3,Green (Advanced cost),Advanced cost,Constrained,Default,Default,Net Zero by 2050,FT biofuels,2040,25.43621
h3r2b2n1c1p3,Green (Advanced cost),Advanced cost,Constrained,Default,Default,Net Zero by 2050,FT biofuels,2050,20.53558
h3r2b2n1c1p3,Green (Advanced cost),Advanced cost,Constrained,Default,Default,Net Zero by 2050,FT biofuels CCS,2030,21.57091
h3r2b2n1c1p3,Green (Advanced cost),Advanced cost,Constrained,Default,Default,Net Zero by 2050,FT biofuels CCS,2040,17.16164
h3r2b2n1c1p3,Green (Advanced cost),Advanced cost,Constrained,Default,Default,Net Zero by 2050,FT biofuels CCS,2050,6.52134
h3r2b2n1c1p3,Green (Advanced cost),Advanced cost,Constrained,Default,Default,Net Zero by 2050,LNG,2030,21.23085
h3r2b2n1c1p3,Green (Advanced cost),Advanced cost,Constrained,Default,Default,Net Zero by 2050,LNG,2040,24.87222
h3r2b2n1c1p3,Green (Advanced cost),Advanced cost,Constrained,Default,Default,Net Zero by 2050,LNG,2050,32.37504
h3r2b2n1c1p3,Green (Advanced cost),Advanced cost,Constrained,Default,Default,Net Zero by 2050,ammonia,2030,52.39326
h3r2b2n1c1p3,Green (Advanced cost),Advanced cost,Constrained,Default,Default,Net Zero by 2050,ammonia,2040,45.6304
h3r2b2n1c1p3,Green (Advanced cost),Advanced cost,Constrained,Default,Default,Net Zero by 2050,ammonia,2050,40.6144
h3r2b2n1c1p3,Green (Advanced cost),Advanced cost,Constrained,Default,Default,Net Zero by 2050,e-diesel,2030,89.25402
h3r2b2n1c1p3,Green (Advanced cost),Advanced cost,Constrained,Default,Default,Net Zero by 2050,e-diesel,2040,83.58746
h3r2b2n1c1p3,Green (Advanced cost),Advanced cost,Constrained,Default,Default,Net Zero by 2050,e-diesel,2050,74.86038
h3r2b2n1c1p3,Green (Advanced cost),Advanced cost,Constrained,Default,Default,Net Zero by 2050,electricity,2030,45.65054
h3r2b2n1c1p3,Green (Advanced cost),Advanced cost,Constrained,Default,Default,Net Zero by 2050,electricity,2040,46.65716
h3r2b2n1c1p3,Green (Advanced cost),Advanced cost,Constrained,Default,Default,Net Zero by 2050,electricity,2050,45.49284
h3r2b2n1c1p3,Green (Advanced cost),Advanced cost,Constrained,Default,Default,Net Zero by 2050,hydrogen,2030,NA
h3r2b2n1c1p3,Green (Advanced cost),Advanced cost,Constrained,Default,Default,Net Zero by 2050,hydrogen,2040,NA
h3r2b2n1c1p3,Green (Advanced cost),Advanced cost,Constrained,Default,Default,Net Zero by 2050,hydrogen,2050,NA
h3r2b2n1c1p3,Green (Advanced cost),Advanced cost,Constrained,Default,Default,Net Zero by 2050,petroleum diesel,2030,35.6031
h3r2b2n1c1p3,Green (Advanced cost),Advanced cost,Constrained,Default,Default,Net Zero by 2050,petroleum diesel,2040,35.67303
h3r2b2n1c1p3,Green (Advanced cost),Advanced cost,Constrained,Default,Default,Net Zero by 2050,petroleum diesel,2050,38.3474
h3r2b2n1c1p3,Green (Advanced cost),Advanced cost,Constrained,Default,Default,Net Zero by 2050,renewable diesel,2030,51.7921
h3r2b2n1c1p3,Green (Advanced cost),Advanced cost,Constrained,Default,Default,Net Zero by 2050,renewable diesel,2040,47.32292
h3r2b2n1c1p3,Green (Advanced cost),Advanced cost,Constrained,Default,Default,Net Zero by 2050,renewable diesel,2050,44.78186
h3r2b2n1c2p1,Green (Advanced cost),Advanced cost,Constrained,Default,Constrained,No policy,FT biofuels,2030,32.13375
h3r2b2n1c2p1,Green (Advanced cost),Advanced cost,Constrained,Default,Constrained,No policy,FT biofuels,2040,31.72924
h3r2b2n1c2p1,Green (Advanced cost),Advanced cost,Constrained,Default,Constrained,No policy,FT biofuels,2050,31.19975
h3r2b2n1c2p1,Green (Advanced cost),Advanced cost,Constrained,Default,Constrained,No policy,FT biofuels CCS,2030,36.23215
h3r2b2n1c2p1,Green (Advanced cost),Advanced cost,Constrained,Default,Constrained,No policy,FT biofuels CCS,2040,36.53101
h3r2b2n1c2p1,Green (Advanced cost),Advanced cost,Constrained,Default,Constrained,No policy,FT biofuels CCS,2050,37.27421
h3r2b2n1c2p1,Green (Advanced cost),Advanced cost,Constrained,Default,Constrained,No policy,LNG,2030,10.77296
h3r2b2n1c2p1,Green (Advanced cost),Advanced cost,Constrained,Default,Constrained,No policy,LNG,2040,10.50271
h3r2b2n1c2p1,Green (Advanced cost),Advanced cost,Constrained,Default,Constrained,No policy,LNG,2050,11.05773
h3r2b2n1c2p1,Green (Advanced cost),Advanced cost,Constrained,Default,Constrained,No policy,ammonia,2030,51.14724
h3r2b2n1c2p1,Green (Advanced cost),Advanced cost,Constrained,Default,Constrained,No policy,ammonia,2040,44.78756
h3r2b2n1c2p1,Green (Advanced cost),Advanced cost,Constrained,Default,Constrained,No policy,ammonia,2050,40.3028
h3r2b2n1c2p1,Green (Advanced cost),Advanced cost,Constrained,Default,Constrained,No policy,e-diesel,2030,87.95252
h3r2b2n1c2p1,Green (Advanced cost),Advanced cost,Constrained,Default,Constrained,No policy,e-diesel,2040,83.06496
h3r2b2n1c2p1,Green (Advanced cost),Advanced cost,Constrained,Default,Constrained,No policy,e-diesel,2050,79.24976
h3r2b2n1c2p1,Green (Advanced cost),Advanced cost,Constrained,Default,Constrained,No policy,electricity,2030,38.87058
h3r2b2n1c2p1,Green (Advanced cost),Advanced cost,Constrained,Default,Constrained,No policy,electricity,2040,38.2869
h3r2b2n1c2p1,Green (Advanced cost),Advanced cost,Constrained,Default,Constrained,No policy,electricity,2050,37.53317
h3r2b2n1c2p1,Green (Advanced cost),Advanced cost,Constrained,Default,Constrained,No policy,hydrogen,2030,NA
h3r2b2n1c2p1,Green (Advanced cost),Advanced cost,Constrained,Default,Constrained,No policy,hydrogen,2040,NA
h3r2b2n1c2p1,Green (Advanced cost),Advanced cost,Constrained,Default,Constrained,No policy,hydrogen,2050,NA
h3r2b2n1c2p1,Green (Advanced cost),Advanced cost,Constrained,Default,Constrained,No policy,petroleum diesel,2030,28.22222
h3r2b2n1c2p1,Green (Advanced cost),Advanced cost,Constrained,Default,Constrained,No policy,petroleum diesel,2040,27.14971
h3r2b2n1c2p1,Green (Advanced cost),Advanced cost,Constrained,Default,Constrained,No policy,petroleum diesel,2050,26.48231
h3r2b2n1c2p1,Green (Advanced cost),Advanced cost,Constrained,Default,Constrained,No policy,renewable diesel,2030,56.2799
h3r2b2n1c2p1,Green (Advanced cost),Advanced cost,Constrained,Default,Constrained,No policy,renewable diesel,2040,49.02114
h3r2b2n1c2p1,Green (Advanced cost),Advanced cost,Constrained,Default,Constrained,No policy,renewable diesel,2050,49.69868
h3r2b2n1c2p2,Green (Advanced cost),Advanced cost,Constrained,Default,Constrained,50 Percent by 2050,FT biofuels,2030,31.50257
h3r2b2n1c2p2,Green (Advanced cost),Advanced cost,Constrained,Default,Constrained,50 Percent by 2050,FT biofuels,2040,29.0491
h3r2b2n1c2p2,Green (Advanced cost),Advanced cost,Constrained,Default,Constrained,50 Percent by 2050,FT biofuels,2050,29.55655
h3r2b2n1c2p2,Green (Advanced cost),Advanced cost,Constrained,Default,Constrained,50 Percent by 2050,FT biofuels CCS,2030,32.85163
h3r2b2n1c2p2,Green (Advanced cost),Advanced cost,Constrained,Default,Constrained,50 Percent by 2050,FT biofuels CCS,2040,27.64541
h3r2b2n1c2p2,Green (Advanced cost),Advanced cost,Constrained,Default,Constrained,50 Percent by 2050,FT biofuels CCS,2050,28.77698
h3r2b2n1c2p2,Green (Advanced cost),Advanced cost,Constrained,Default,Constrained,50 Percent by 2050,LNG,2030,14.04263
h3r2b2n1c2p2,Green (Advanced cost),Advanced cost,Constrained,Default,Constrained,50 Percent by 2050,LNG,2040,18.87702
h3r2b2n1c2p2,Green (Advanced cost),Advanced cost,Constrained,Default,Constrained,50 Percent by 2050,LNG,2050,22.84696
h3r2b2n1c2p2,Green (Advanced cost),Advanced cost,Constrained,Default,Constrained,50 Percent by 2050,ammonia,2030,51.77158
h3r2b2n1c2p2,Green (Advanced cost),Advanced cost,Constrained,Default,Constrained,50 Percent by 2050,ammonia,2040,45.48448
h3r2b2n1c2p2,Green (Advanced cost),Advanced cost,Constrained,Default,Constrained,50 Percent by 2050,ammonia,2050,40.63682
h3r2b2n1c2p2,Green (Advanced cost),Advanced cost,Constrained,Default,Constrained,50 Percent by 2050,e-diesel,2030,88.70112
h3r2b2n1c2p2,Green (Advanced cost),Advanced cost,Constrained,Default,Constrained,50 Percent by 2050,e-diesel,2040,84.56862
h3r2b2n1c2p2,Green (Advanced cost),Advanced cost,Constrained,Default,Constrained,50 Percent by 2050,e-diesel,2050,79.70576
h3r2b2n1c2p2,Green (Advanced cost),Advanced cost,Constrained,Default,Constrained,50 Percent by 2050,electricity,2030,41.32804
h3r2b2n1c2p2,Green (Advanced cost),Advanced cost,Constrained,Default,Constrained,50 Percent by 2050,electricity,2040,44.24378
h3r2b2n1c2p2,Green (Advanced cost),Advanced cost,Constrained,Default,Constrained,50 Percent by 2050,electricity,2050,44.46608
h3r2b2n1c2p2,Green (Advanced cost),Advanced cost,Constrained,Default,Constrained,50 Percent by 2050,hydrogen,2030,NA
h3r2b2n1c2p2,Green (Advanced cost),Advanced cost,Constrained,Default,Constrained,50 Percent by 2050,hydrogen,2040,NA
h3r2b2n1c2p2,Green (Advanced cost),Advanced cost,Constrained,Default,Constrained,50 Percent by 2050,hydrogen,2050,NA
h3r2b2n1c2p2,Green (Advanced cost),Advanced cost,Constrained,Default,Constrained,50 Percent by 2050,petroleum diesel,2030,30.46912
h3r2b2n1c2p2,Green (Advanced cost),Advanced cost,Constrained,Default,Constrained,50 Percent by 2050,petroleum diesel,2040,32.11236
h3r2b2n1c2p2,Green (Advanced cost),Advanced cost,Constrained,Default,Constrained,50 Percent by 2050,petroleum diesel,2050,32.43451
h3r2b2n1c2p2,Green (Advanced cost),Advanced cost,Constrained,Default,Constrained,50 Percent by 2050,renewable diesel,2030,54.6972
h3r2b2n1c2p2,Green (Advanced cost),Advanced cost,Constrained,Default,Constrained,50 Percent by 2050,renewable diesel,2040,45.08358
h3r2b2n1c2p2,Green (Advanced cost),Advanced cost,Constrained,Default,Constrained,50 Percent by 2050,renewable diesel,2050,47.3024
h3r2b2n1c2p3,Green (Advanced cost),Advanced cost,Constrained,Default,Constrained,Net Zero by 2050,FT biofuels,2030,26.52354
h3r2b2n1c2p3,Green (Advanced cost),Advanced cost,Constrained,Default,Constrained,Net Zero by 2050,FT biofuels,2040,23.02625
h3r2b2n1c2p3,Green (Advanced cost),Advanced cost,Constrained,Default,Constrained,Net Zero by 2050,FT biofuels,2050,10.68982
h3r2b2n1c2p3,Green (Advanced cost),Advanced cost,Constrained,Default,Constrained,Net Zero by 2050,FT biofuels CCS,2030,22.13574
h3r2b2n1c2p3,Green (Advanced cost),Advanced cost,Constrained,Default,Constrained,Net Zero by 2050,FT biofuels CCS,2040,17.76894
h3r2b2n1c2p3,Green (Advanced cost),Advanced cost,Constrained,Default,Constrained,Net Zero by 2050,FT biofuels CCS,2050,16.85829
h3r2b2n1c2p3,Green (Advanced cost),Advanced cost,Constrained,Default,Constrained,Net Zero by 2050,LNG,2030,21.68602
h3r2b2n1c2p3,Green (Advanced cost),Advanced cost,Constrained,Default,Constrained,Net Zero by 2050,LNG,2040,28.07866
h3r2b2n1c2p3,Green (Advanced cost),Advanced cost,Constrained,Default,Constrained,Net Zero by 2050,LNG,2050,47.61107
h3r2b2n1c2p3,Green (Advanced cost),Advanced cost,Constrained,Default,Constrained,Net Zero by 2050,ammonia,2030,52.45976
h3r2b2n1c2p3,Green (Advanced cost),Advanced cost,Constrained,Default,Constrained,Net Zero by 2050,ammonia,2040,45.8394
h3r2b2n1c2p3,Green (Advanced cost),Advanced cost,Constrained,Default,Constrained,Net Zero by 2050,ammonia,2050,40.94728
h3r2b2n1c2p3,Green (Advanced cost),Advanced cost,Constrained,Default,Constrained,Net Zero by 2050,e-diesel,2030,89.34408
h3r2b2n1c2p3,Green (Advanced cost),Advanced cost,Constrained,Default,Constrained,Net Zero by 2050,e-diesel,2040,83.47574
h3r2b2n1c2p3,Green (Advanced cost),Advanced cost,Constrained,Default,Constrained,Net Zero by 2050,e-diesel,2050,67.22542
h3r2b2n1c2p3,Green (Advanced cost),Advanced cost,Constrained,Default,Constrained,Net Zero by 2050,electricity,2030,45.96898
h3r2b2n1c2p3,Green (Advanced cost),Advanced cost,Constrained,Default,Constrained,Net Zero by 2050,electricity,2040,48.2923
h3r2b2n1c2p3,Green (Advanced cost),Advanced cost,Constrained,Default,Constrained,Net Zero by 2050,electricity,2050,47.20702
h3r2b2n1c2p3,Green (Advanced cost),Advanced cost,Constrained,Default,Constrained,Net Zero by 2050,hydrogen,2030,NA
h3r2b2n1c2p3,Green (Advanced cost),Advanced cost,Constrained,Default,Constrained,Net Zero by 2050,hydrogen,2040,NA
h3r2b2n1c2p3,Green (Advanced cost),Advanced cost,Constrained,Default,Constrained,Net Zero by 2050,hydrogen,2050,NA
h3r2b2n1c2p3,Green (Advanced cost),Advanced cost,Constrained,Default,Constrained,Net Zero by 2050,petroleum diesel,2030,35.97461
h3r2b2n1c2p3,Green (Advanced cost),Advanced cost,Constrained,Default,Constrained,Net Zero by 2050,petroleum diesel,2040,38.09457
h3r2b2n1c2p3,Green (Advanced cost),Advanced cost,Constrained,Default,Constrained,Net Zero by 2050,petroleum diesel,2050,48.03013
h3r2b2n1c2p3,Green (Advanced cost),Advanced cost,Constrained,Default,Constrained,Net Zero by 2050,renewable diesel,2030,51.35434
h3r2b2n1c2p3,Green (Advanced cost),Advanced cost,Constrained,Default,Constrained,Net Zero by 2050,renewable diesel,2040,45.82116
h3r2b2n1c2p3,Green (Advanced cost),Advanced cost,Constrained,Default,Constrained,Net Zero by 2050,renewable diesel,2050,42.6873
h3r2b2n2c1p1,Green (Advanced cost),Advanced cost,Constrained,Advanced cost,Default,No policy,FT biofuels,2030,32.15522
h3r2b2n2c1p1,Green (Advanced cost),Advanced cost,Constrained,Advanced cost,Default,No policy,FT biofuels,2040,31.70272
h3r2b2n2c1p1,Green (Advanced cost),Advanced cost,Constrained,Advanced cost,Default,No policy,FT biofuels,2050,31.25489
h3r2b2n2c1p1,Green (Advanced cost),Advanced cost,Constrained,Advanced cost,Default,No policy,FT biofuels CCS,2030,35.85485
h3r2b2n2c1p1,Green (Advanced cost),Advanced cost,Constrained,Advanced cost,Default,No policy,FT biofuels CCS,2040,35.27912
h3r2b2n2c1p1,Green (Advanced cost),Advanced cost,Constrained,Advanced cost,Default,No policy,FT biofuels CCS,2050,34.87197
h3r2b2n2c1p1,Green (Advanced cost),Advanced cost,Constrained,Advanced cost,Default,No policy,LNG,2030,10.76251
h3r2b2n2c1p1,Green (Advanced cost),Advanced cost,Constrained,Advanced cost,Default,No policy,LNG,2040,10.38179
h3r2b2n2c1p1,Green (Advanced cost),Advanced cost,Constrained,Advanced cost,Default,No policy,LNG,2050,10.89851
h3r2b2n2c1p1,Green (Advanced cost),Advanced cost,Constrained,Advanced cost,Default,No policy,ammonia,2030,51.10924
h3r2b2n2c1p1,Green (Advanced cost),Advanced cost,Constrained,Advanced cost,Default,No policy,ammonia,2040,44.726
h3r2b2n2c1p1,Green (Advanced cost),Advanced cost,Constrained,Advanced cost,Default,No policy,ammonia,2050,40.20932
h3r2b2n2c1p1,Green (Advanced cost),Advanced cost,Constrained,Advanced cost,Default,No policy,e-diesel,2030,88.25006
h3r2b2n2c1p1,Green (Advanced cost),Advanced cost,Constrained,Advanced cost,Default,No policy,e-diesel,2040,80.95862
h3r2b2n2c1p1,Green (Advanced cost),Advanced cost,Constrained,Advanced cost,Default,No policy,e-diesel,2050,77.38662
h3r2b2n2c1p1,Green (Advanced cost),Advanced cost,Constrained,Advanced cost,Default,No policy,electricity,2030,39.16926
h3r2b2n2c1p1,Green (Advanced cost),Advanced cost,Constrained,Advanced cost,Default,No policy,electricity,2040,36.46742
h3r2b2n2c1p1,Green (Advanced cost),Advanced cost,Constrained,Advanced cost,Default,No policy,electricity,2050,35.96947
h3r2b2n2c1p1,Green (Advanced cost),Advanced cost,Constrained,Advanced cost,Default,No policy,hydrogen,2030,NA
h3r2b2n2c1p1,Green (Advanced cost),Advanced cost,Constrained,Advanced cost,Default,No policy,hydrogen,2040,NA
h3r2b2n2c1p1,Green (Advanced cost),Advanced cost,Constrained,Advanced cost,Default,No policy,hydrogen,2050,NA
h3r2b2n2c1p1,Green (Advanced cost),Advanced cost,Constrained,Advanced cost,Default,No policy,petroleum diesel,2030,28.22032
h3r2b2n2c1p1,Green (Advanced cost),Advanced cost,Constrained,Advanced cost,Default,No policy,petroleum diesel,2040,26.94641
h3r2b2n2c1p1,Green (Advanced cost),Advanced cost,Constrained,Advanced cost,Default,No policy,petroleum diesel,2050,26.1812
h3r2b2n2c1p1,Green (Advanced cost),Advanced cost,Constrained,Advanced cost,Default,No policy,renewable diesel,2030,56.27116
h3r2b2n2c1p1,Green (Advanced cost),Advanced cost,Constrained,Advanced cost,Default,No policy,renewable diesel,2040,48.73044
h3r2b2n2c1p1,Green (Advanced cost),Advanced cost,Constrained,Advanced cost,Default,No policy,renewable diesel,2050,49.01734
h3r2b2n2c1p2,Green (Advanced cost),Advanced cost,Constrained,Advanced cost,Default,50 Percent by 2050,FT biofuels,2030,31.964
h3r2b2n2c1p2,Green (Advanced cost),Advanced cost,Constrained,Advanced cost,Default,50 Percent by 2050,FT biofuels,2040,30.28079
h3r2b2n2c1p2,Green (Advanced cost),Advanced cost,Constrained,Advanced cost,Default,50 Percent by 2050,FT biofuels,2050,31.21214
h3r2b2n2c1p2,Green (Advanced cost),Advanced cost,Constrained,Advanced cost,Default,50 Percent by 2050,FT biofuels CCS,2030,33.3656
h3r2b2n2c1p2,Green (Advanced cost),Advanced cost,Constrained,Advanced cost,Default,50 Percent by 2050,FT biofuels CCS,2040,29.1001
h3r2b2n2c1p2,Green (Advanced cost),Advanced cost,Constrained,Advanced cost,Default,50 Percent by 2050,FT biofuels CCS,2050,28.16652
h3r2b2n2c1p2,Green (Advanced cost),Advanced cost,Constrained,Advanced cost,Default,50 Percent by 2050,LNG,2030,13.44467
h3r2b2n2c1p2,Green (Advanced cost),Advanced cost,Constrained,Advanced cost,Default,50 Percent by 2050,LNG,2040,15.95721
h3r2b2n2c1p2,Green (Advanced cost),Advanced cost,Constrained,Advanced cost,Default,50 Percent by 2050,LNG,2050,19.07602
h3r2b2n2c1p2,Green (Advanced cost),Advanced cost,Constrained,Advanced cost,Default,50 Percent by 2050,ammonia,2030,51.6344
h3r2b2n2c1p2,Green (Advanced cost),Advanced cost,Constrained,Advanced cost,Default,50 Percent by 2050,ammonia,2040,45.18998
h3r2b2n2c1p2,Green (Advanced cost),Advanced cost,Constrained,Advanced cost,Default,50 Percent by 2050,ammonia,2050,40.4301
h3r2b2n2c1p2,Green (Advanced cost),Advanced cost,Constrained,Advanced cost,Default,50 Percent by 2050,e-diesel,2030,88.79726
h3r2b2n2c1p2,Green (Advanced cost),Advanced cost,Constrained,Advanced cost,Default,50 Percent by 2050,e-diesel,2040,79.93566
h3r2b2n2c1p2,Green (Advanced cost),Advanced cost,Constrained,Advanced cost,Default,50 Percent by 2050,e-diesel,2050,75.36236
h3r2b2n2c1p2,Green (Advanced cost),Advanced cost,Constrained,Advanced cost,Default,50 Percent by 2050,electricity,2030,41.12664
h3r2b2n2c1p2,Green (Advanced cost),Advanced cost,Constrained,Advanced cost,Default,50 Percent by 2050,electricity,2040,38.68134
h3r2b2n2c1p2,Green (Advanced cost),Advanced cost,Constrained,Advanced cost,Default,50 Percent by 2050,electricity,2050,38.7638
h3r2b2n2c1p2,Green (Advanced cost),Advanced cost,Constrained,Advanced cost,Default,50 Percent by 2050,hydrogen,2030,NA
h3r2b2n2c1p2,Green (Advanced cost),Advanced cost,Constrained,Advanced cost,Default,50 Percent by 2050,hydrogen,2040,NA
h3r2b2n2c1p2,Green (Advanced cost),Advanced cost,Constrained,Advanced cost,Default,50 Percent by 2050,hydrogen,2050,NA
h3r2b2n2c1p2,Green (Advanced cost),Advanced cost,Constrained,Advanced cost,Default,50 Percent by 2050,petroleum diesel,2030,30.04069
h3r2b2n2c1p2,Green (Advanced cost),Advanced cost,Constrained,Advanced cost,Default,50 Percent by 2050,petroleum diesel,2040,30.0744
h3r2b2n2c1p2,Green (Advanced cost),Advanced cost,Constrained,Advanced cost,Default,50 Percent by 2050,petroleum diesel,2050,30.01007
h3r2b2n2c1p2,Green (Advanced cost),Advanced cost,Constrained,Advanced cost,Default,50 Percent by 2050,renewable diesel,2030,55.02628
h3r2b2n2c1p2,Green (Advanced cost),Advanced cost,Constrained,Advanced cost,Default,50 Percent by 2050,renewable diesel,2040,45.9914
h3r2b2n2c1p2,Green (Advanced cost),Advanced cost,Constrained,Advanced cost,Default,50 Percent by 2050,renewable diesel,2050,47.23552
h3r2b2n2c1p3,Green (Advanced cost),Advanced cost,Constrained,Advanced cost,Default,Net Zero by 2050,FT biofuels,2030,27.00219
h3r2b2n2c1p3,Green (Advanced cost),Advanced cost,Constrained,Advanced cost,Default,Net Zero by 2050,FT biofuels,2040,25.38628
h3r2b2n2c1p3,Green (Advanced cost),Advanced cost,Constrained,Advanced cost,Default,Net Zero by 2050,FT biofuels,2050,21.50188
h3r2b2n2c1p3,Green (Advanced cost),Advanced cost,Constrained,Advanced cost,Default,Net Zero by 2050,FT biofuels CCS,2030,21.76849
h3r2b2n2c1p3,Green (Advanced cost),Advanced cost,Constrained,Advanced cost,Default,Net Zero by 2050,FT biofuels CCS,2040,18.18569
h3r2b2n2c1p3,Green (Advanced cost),Advanced cost,Constrained,Advanced cost,Default,Net Zero by 2050,FT biofuels CCS,2050,9.08261
h3r2b2n2c1p3,Green (Advanced cost),Advanced cost,Constrained,Advanced cost,Default,Net Zero by 2050,LNG,2030,20.79943
h3r2b2n2c1p3,Green (Advanced cost),Advanced cost,Constrained,Advanced cost,Default,Net Zero by 2050,LNG,2040,23.30408
h3r2b2n2c1p3,Green (Advanced cost),Advanced cost,Constrained,Advanced cost,Default,Net Zero by 2050,LNG,2050,30.10909
h3r2b2n2c1p3,Green (Advanced cost),Advanced cost,Constrained,Advanced cost,Default,Net Zero by 2050,ammonia,2030,52.28116
h3r2b2n2c1p3,Green (Advanced cost),Advanced cost,Constrained,Advanced cost,Default,Net Zero by 2050,ammonia,2040,45.4993
h3r2b2n2c1p3,Green (Advanced cost),Advanced cost,Constrained,Advanced cost,Default,Net Zero by 2050,ammonia,2050,40.48748
h3r2b2n2c1p3,Green (Advanced cost),Advanced cost,Constrained,Advanced cost,Default,Net Zero by 2050,e-diesel,2030,88.59396
h3r2b2n2c1p3,Green (Advanced cost),Advanced cost,Constrained,Advanced cost,Default,Net Zero by 2050,e-diesel,2040,76.78888
h3r2b2n2c1p3,Green (Advanced cost),Advanced cost,Constrained,Advanced cost,Default,Net Zero by 2050,e-diesel,2050,69.2208
h3r2b2n2c1p3,Green (Advanced cost),Advanced cost,Constrained,Advanced cost,Default,Net Zero by 2050,electricity,2030,45.0072
h3r2b2n2c1p3,Green (Advanced cost),Advanced cost,Constrained,Advanced cost,Default,Net Zero by 2050,electricity,2040,39.93458
h3r2b2n2c1p3,Green (Advanced cost),Advanced cost,Constrained,Advanced cost,Default,Net Zero by 2050,electricity,2050,39.51088
h3r2b2n2c1p3,Green (Advanced cost),Advanced cost,Constrained,Advanced cost,Default,Net Zero by 2050,hydrogen,2030,NA
h3r2b2n2c1p3,Green (Advanced cost),Advanced cost,Constrained,Advanced cost,Default,Net Zero by 2050,hydrogen,2040,NA
h3r2b2n2c1p3,Green (Advanced cost),Advanced cost,Constrained,Advanced cost,Default,Net Zero by 2050,hydrogen,2050,NA
h3r2b2n2c1p3,Green (Advanced cost),Advanced cost,Constrained,Advanced cost,Default,Net Zero by 2050,petroleum diesel,2030,35.44144
h3r2b2n2c1p3,Green (Advanced cost),Advanced cost,Constrained,Advanced cost,Default,Net Zero by 2050,petroleum diesel,2040,34.98363
h3r2b2n2c1p3,Green (Advanced cost),Advanced cost,Constrained,Advanced cost,Default,Net Zero by 2050,petroleum diesel,2050,36.60861
h3r2b2n2c1p3,Green (Advanced cost),Advanced cost,Constrained,Advanced cost,Default,Net Zero by 2050,renewable diesel,2030,51.73586
h3r2b2n2c1p3,Green (Advanced cost),Advanced cost,Constrained,Advanced cost,Default,Net Zero by 2050,renewable diesel,2040,45.70754
h3r2b2n2c1p3,Green (Advanced cost),Advanced cost,Constrained,Advanced cost,Default,Net Zero by 2050,renewable diesel,2050,43.9223
h3r2b2n2c2p1,Green (Advanced cost),Advanced cost,Constrained,Advanced cost,Constrained,No policy,FT biofuels,2030,32.12729
h3r2b2n2c2p1,Green (Advanced cost),Advanced cost,Constrained,Advanced cost,Constrained,No policy,FT biofuels,2040,31.62569
h3r2b2n2c2p1,Green (Advanced cost),Advanced cost,Constrained,Advanced cost,Constrained,No policy,FT biofuels,2050,31.02886
h3r2b2n2c2p1,Green (Advanced cost),Advanced cost,Constrained,Advanced cost,Constrained,No policy,FT biofuels CCS,2030,36.22286
h3r2b2n2c2p1,Green (Advanced cost),Advanced cost,Constrained,Advanced cost,Constrained,No policy,FT biofuels CCS,2040,36.39527
h3r2b2n2c2p1,Green (Advanced cost),Advanced cost,Constrained,Advanced cost,Constrained,No policy,FT biofuels CCS,2050,37.03137
h3r2b2n2c2p1,Green (Advanced cost),Advanced cost,Constrained,Advanced cost,Constrained,No policy,LNG,2030,10.76259
h3r2b2n2c2p1,Green (Advanced cost),Advanced cost,Constrained,Advanced cost,Constrained,No policy,LNG,2040,10.38213
h3r2b2n2c2p1,Green (Advanced cost),Advanced cost,Constrained,Advanced cost,Constrained,No policy,LNG,2050,10.90049
h3r2b2n2c2p1,Green (Advanced cost),Advanced cost,Constrained,Advanced cost,Constrained,No policy,ammonia,2030,51.11
h3r2b2n2c2p1,Green (Advanced cost),Advanced cost,Constrained,Advanced cost,Constrained,No policy,ammonia,2040,44.72714
h3r2b2n2c2p1,Green (Advanced cost),Advanced cost,Constrained,Advanced cost,Constrained,No policy,ammonia,2050,40.21198
h3r2b2n2c2p1,Green (Advanced cost),Advanced cost,Constrained,Advanced cost,Constrained,No policy,e-diesel,2030,88.24208
h3r2b2n2c2p1,Green (Advanced cost),Advanced cost,Constrained,Advanced cost,Constrained,No policy,e-diesel,2040,80.94418
h3r2b2n2c2p1,Green (Advanced cost),Advanced cost,Constrained,Advanced cost,Constrained,No policy,e-diesel,2050,77.36306
h3r2b2n2c2p1,Green (Advanced cost),Advanced cost,Constrained,Advanced cost,Constrained,No policy,electricity,2030,39.16242
h3r2b2n2c2p1,Green (Advanced cost),Advanced cost,Constrained,Advanced cost,Constrained,No policy,electricity,2040,36.45374
h3r2b2n2c2p1,Green (Advanced cost),Advanced cost,Constrained,Advanced cost,Constrained,No policy,electricity,2050,35.9461
h3r2b2n2c2p1,Green (Advanced cost),Advanced cost,Constrained,Advanced cost,Constrained,No policy,hydrogen,2030,NA
h3r2b2n2c2p1,Green (Advanced cost),Advanced cost,Constrained,Advanced cost,Constrained,No policy,hydrogen,2040,NA
h3r2b2n2c2p1,Green (Advanced cost),Advanced cost,Constrained,Advanced cost,Constrained,No policy,hydrogen,2050,NA
h3r2b2n2c2p1,Green (Advanced cost),Advanced cost,Constrained,Advanced cost,Constrained,No policy,petroleum diesel,2030,28.22313
h3r2b2n2c2p1,Green (Advanced cost),Advanced cost,Constrained,Advanced cost,Constrained,No policy,petroleum diesel,2040,26.98509
h3r2b2n2c2p1,Green (Advanced cost),Advanced cost,Constrained,Advanced cost,Constrained,No policy,petroleum diesel,2050,26.29672
h3r2b2n2c2p1,Green (Advanced cost),Advanced cost,Constrained,Advanced cost,Constrained,No policy,renewable diesel,2030,56.28712
h3r2b2n2c2p1,Green (Advanced cost),Advanced cost,Constrained,Advanced cost,Constrained,No policy,renewable diesel,2040,48.80986
h3r2b2n2c2p1,Green (Advanced cost),Advanced cost,Constrained,Advanced cost,Constrained,No policy,renewable diesel,2050,49.38556
h3r2b2n2c2p2,Green (Advanced cost),Advanced cost,Constrained,Advanced cost,Constrained,50 Percent by 2050,FT biofuels,2030,31.74258
h3r2b2n2c2p2,Green (Advanced cost),Advanced cost,Constrained,Advanced cost,Constrained,50 Percent by 2050,FT biofuels,2040,29.69214
h3r2b2n2c2p2,Green (Advanced cost),Advanced cost,Constrained,Advanced cost,Constrained,50 Percent by 2050,FT biofuels,2050,29.60466
h3r2b2n2c2p2,Green (Advanced cost),Advanced cost,Constrained,Advanced cost,Constrained,50 Percent by 2050,FT biofuels CCS,2030,33.48879
h3r2b2n2c2p2,Green (Advanced cost),Advanced cost,Constrained,Advanced cost,Constrained,50 Percent by 2050,FT biofuels CCS,2040,29.8272
h3r2b2n2c2p2,Green (Advanced cost),Advanced cost,Constrained,Advanced cost,Constrained,50 Percent by 2050,FT biofuels CCS,2050,29.70213
h3r2b2n2c2p2,Green (Advanced cost),Advanced cost,Constrained,Advanced cost,Constrained,50 Percent by 2050,LNG,2030,13.5498
h3r2b2n2c2p2,Green (Advanced cost),Advanced cost,Constrained,Advanced cost,Constrained,50 Percent by 2050,LNG,2040,16.35792
h3r2b2n2c2p2,Green (Advanced cost),Advanced cost,Constrained,Advanced cost,Constrained,50 Percent by 2050,LNG,2050,19.96998
h3r2b2n2c2p2,Green (Advanced cost),Advanced cost,Constrained,Advanced cost,Constrained,50 Percent by 2050,ammonia,2030,51.67164
h3r2b2n2c2p2,Green (Advanced cost),Advanced cost,Constrained,Advanced cost,Constrained,50 Percent by 2050,ammonia,2040,45.24508
h3r2b2n2c2p2,Green (Advanced cost),Advanced cost,Constrained,Advanced cost,Constrained,50 Percent by 2050,ammonia,2050,40.4624
h3r2b2n2c2p2,Green (Advanced cost),Advanced cost,Constrained,Advanced cost,Constrained,50 Percent by 2050,e-diesel,2030,88.78472
h3r2b2n2c2p2,Green (Advanced cost),Advanced cost,Constrained,Advanced cost,Constrained,50 Percent by 2050,e-diesel,2040,79.80456
h3r2b2n2c2p2,Green (Advanced cost),Advanced cost,Constrained,Advanced cost,Constrained,50 Percent by 2050,e-diesel,2050,75.04202
h3r2b2n2c2p2,Green (Advanced cost),Advanced cost,Constrained,Advanced cost,Constrained,50 Percent by 2050,electricity,2030,41.17908
h3r2b2n2c2p2,Green (Advanced cost),Advanced cost,Constrained,Advanced cost,Constrained,50 Percent by 2050,electricity,2040,38.79724
h3r2b2n2c2p2,Green (Advanced cost),Advanced cost,Constrained,Advanced cost,Constrained,50 Percent by 2050,electricity,2050,38.98838
h3r2b2n2c2p2,Green (Advanced cost),Advanced cost,Constrained,Advanced cost,Constrained,50 Percent by 2050,hydrogen,2030,NA
h3r2b2n2c2p2,Green (Advanced cost),Advanced cost,Constrained,Advanced cost,Constrained,50 Percent by 2050,hydrogen,2040,NA
h3r2b2n2c2p2,Green (Advanced cost),Advanced cost,Constrained,Advanced cost,Constrained,50 Percent by 2050,hydrogen,2050,NA
h3r2b2n2c2p2,Green (Advanced cost),Advanced cost,Constrained,Advanced cost,Constrained,50 Percent by 2050,petroleum diesel,2030,30.12549
h3r2b2n2c2p2,Green (Advanced cost),Advanced cost,Constrained,Advanced cost,Constrained,50 Percent by 2050,petroleum diesel,2040,30.35611
h3r2b2n2c2p2,Green (Advanced cost),Advanced cost,Constrained,Advanced cost,Constrained,50 Percent by 2050,petroleum diesel,2050,30.54399
h3r2b2n2c2p2,Green (Advanced cost),Advanced cost,Constrained,Advanced cost,Constrained,50 Percent by 2050,renewable diesel,2030,54.96548
h3r2b2n2c2p2,Green (Advanced cost),Advanced cost,Constrained,Advanced cost,Constrained,50 Percent by 2050,renewable diesel,2040,45.81204
h3r2b2n2c2p2,Green (Advanced cost),Advanced cost,Constrained,Advanced cost,Constrained,50 Percent by 2050,renewable diesel,2050,46.99688
h3r2b2n2c2p3,Green (Advanced cost),Advanced cost,Constrained,Advanced cost,Constrained,Net Zero by 2050,FT biofuels,2030,26.60502
h3r2b2n2c2p3,Green (Advanced cost),Advanced cost,Constrained,Advanced cost,Constrained,Net Zero by 2050,FT biofuels,2040,23.31338
h3r2b2n2c2p3,Green (Advanced cost),Advanced cost,Constrained,Advanced cost,Constrained,Net Zero by 2050,FT biofuels,2050,12.85407
h3r2b2n2c2p3,Green (Advanced cost),Advanced cost,Constrained,Advanced cost,Constrained,Net Zero by 2050,FT biofuels CCS,2030,22.35147
h3r2b2n2c2p3,Green (Advanced cost),Advanced cost,Constrained,Advanced cost,Constrained,Net Zero by 2050,FT biofuels CCS,2040,19.15774
h3r2b2n2c2p3,Green (Advanced cost),Advanced cost,Constrained,Advanced cost,Constrained,Net Zero by 2050,FT biofuels CCS,2050,16.37897
h3r2b2n2c2p3,Green (Advanced cost),Advanced cost,Constrained,Advanced cost,Constrained,Net Zero by 2050,LNG,2030,21.16504
h3r2b2n2c2p3,Green (Advanced cost),Advanced cost,Constrained,Advanced cost,Constrained,Net Zero by 2050,LNG,2040,25.46876
h3r2b2n2c2p3,Green (Advanced cost),Advanced cost,Constrained,Advanced cost,Constrained,Net Zero by 2050,LNG,2050,43.24994
h3r2b2n2c2p3,Green (Advanced cost),Advanced cost,Constrained,Advanced cost,Constrained,Net Zero by 2050,ammonia,2030,52.33474
h3r2b2n2c2p3,Green (Advanced cost),Advanced cost,Constrained,Advanced cost,Constrained,Net Zero by 2050,ammonia,2040,45.63306
h3r2b2n2c2p3,Green (Advanced cost),Advanced cost,Constrained,Advanced cost,Constrained,Net Zero by 2050,ammonia,2050,40.717
h3r2b2n2c2p3,Green (Advanced cost),Advanced cost,Constrained,Advanced cost,Constrained,Net Zero by 2050,e-diesel,2030,88.60802
h3r2b2n2c2p3,Green (Advanced cost),Advanced cost,Constrained,Advanced cost,Constrained,Net Zero by 2050,e-diesel,2040,75.35552
h3r2b2n2c2p3,Green (Advanced cost),Advanced cost,Constrained,Advanced cost,Constrained,Net Zero by 2050,e-diesel,2050,60.92958
h3r2b2n2c2p3,Green (Advanced cost),Advanced cost,Constrained,Advanced cost,Constrained,Net Zero by 2050,electricity,2030,45.2181
h3r2b2n2c2p3,Green (Advanced cost),Advanced cost,Constrained,Advanced cost,Constrained,Net Zero by 2050,electricity,2040,39.99462
h3r2b2n2c2p3,Green (Advanced cost),Advanced cost,Constrained,Advanced cost,Constrained,Net Zero by 2050,electricity,2050,39.51886
h3r2b2n2c2p3,Green (Advanced cost),Advanced cost,Constrained,Advanced cost,Constrained,Net Zero by 2050,hydrogen,2030,NA
h3r2b2n2c2p3,Green (Advanced cost),Advanced cost,Constrained,Advanced cost,Constrained,Net Zero by 2050,hydrogen,2040,NA
h3r2b2n2c2p3,Green (Advanced cost),Advanced cost,Constrained,Advanced cost,Constrained,Net Zero by 2050,hydrogen,2050,NA
h3r2b2n2c2p3,Green (Advanced cost),Advanced cost,Constrained,Advanced cost,Constrained,Net Zero by 2050,petroleum diesel,2030,35.75331
h3r2b2n2c2p3,Green (Advanced cost),Advanced cost,Constrained,Advanced cost,Constrained,Net Zero by 2050,petroleum diesel,2040,36.87363
h3r2b2n2c2p3,Green (Advanced cost),Advanced cost,Constrained,Advanced cost,Constrained,Net Zero by 2050,petroleum diesel,2050,45.32246
h3r2b2n2c2p3,Green (Advanced cost),Advanced cost,Constrained,Advanced cost,Constrained,Net Zero by 2050,renewable diesel,2030,51.33838
h3r2b2n2c2p3,Green (Advanced cost),Advanced cost,Constrained,Advanced cost,Constrained,Net Zero by 2050,renewable diesel,2040,44.00286
h3r2b2n2c2p3,Green (Advanced cost),Advanced cost,Constrained,Advanced cost,Constrained,Net Zero by 2050,renewable diesel,2050,41.36805
h3r3b1n1c1p1,Green (Advanced cost),Constrained,Default,Default,Default,No policy,FT biofuels,2030,32.36525
h3r3b1n1c1p1,Green (Advanced cost),Constrained,Default,Default,Default,No policy,FT biofuels,2040,32.10305
h3r3b1n1c1p1,Green (Advanced cost),Constrained,Default,Default,Default,No policy,FT biofuels,2050,31.66016
h3r3b1n1c1p1,Green (Advanced cost),Constrained,Default,Default,Default,No policy,FT biofuels CCS,2030,36.08308
h3r3b1n1c1p1,Green (Advanced cost),Constrained,Default,Default,Default,No policy,FT biofuels CCS,2040,35.71773
h3r3b1n1c1p1,Green (Advanced cost),Constrained,Default,Default,Default,No policy,FT biofuels CCS,2050,35.33329
h3r3b1n1c1p1,Green (Advanced cost),Constrained,Default,Default,Default,No policy,LNG,2030,10.88088
h3r3b1n1c1p1,Green (Advanced cost),Constrained,Default,Default,Default,No policy,LNG,2040,10.64741
h3r3b1n1c1p1,Green (Advanced cost),Constrained,Default,Default,Default,No policy,LNG,2050,11.27091
h3r3b1n1c1p1,Green (Advanced cost),Constrained,Default,Default,Default,No policy,ammonia,2030,52.47382
h3r3b1n1c1p1,Green (Advanced cost),Constrained,Default,Default,Default,No policy,ammonia,2040,47.48366
h3r3b1n1c1p1,Green (Advanced cost),Constrained,Default,Default,Default,No policy,ammonia,2050,42.6759
h3r3b1n1c1p1,Green (Advanced cost),Constrained,Default,Default,Default,No policy,e-diesel,2030,92.45552
h3r3b1n1c1p1,Green (Advanced cost),Constrained,Default,Default,Default,No policy,e-diesel,2040,88.35114
h3r3b1n1c1p1,Green (Advanced cost),Constrained,Default,Default,Default,No policy,e-diesel,2050,84.7761
h3r3b1n1c1p1,Green (Advanced cost),Constrained,Default,Default,Default,No policy,electricity,2030,41.86954
h3r3b1n1c1p1,Green (Advanced cost),Constrained,Default,Default,Default,No policy,electricity,2040,40.99098
h3r3b1n1c1p1,Green (Advanced cost),Constrained,Default,Default,Default,No policy,electricity,2050,40.58818
h3r3b1n1c1p1,Green (Advanced cost),Constrained,Default,Default,Default,No policy,hydrogen,2030,NA
h3r3b1n1c1p1,Green (Advanced cost),Constrained,Default,Default,Default,No policy,hydrogen,2040,NA
h3r3b1n1c1p1,Green (Advanced cost),Constrained,Default,Default,Default,No policy,hydrogen,2050,NA
h3r3b1n1c1p1,Green (Advanced cost),Constrained,Default,Default,Default,No policy,petroleum diesel,2030,28.41674
h3r3b1n1c1p1,Green (Advanced cost),Constrained,Default,Default,Default,No policy,petroleum diesel,2040,27.54913
h3r3b1n1c1p1,Green (Advanced cost),Constrained,Default,Default,Default,No policy,petroleum diesel,2050,26.87824
h3r3b1n1c1p1,Green (Advanced cost),Constrained,Default,Default,Default,No policy,renewable diesel,2030,56.59112
h3r3b1n1c1p1,Green (Advanced cost),Constrained,Default,Default,Default,No policy,renewable diesel,2040,49.49082
h3r3b1n1c1p1,Green (Advanced cost),Constrained,Default,Default,Default,No policy,renewable diesel,2050,50.29262
h3r3b1n1c1p2,Green (Advanced cost),Constrained,Default,Default,Default,50 Percent by 2050,FT biofuels,2030,30.90487
h3r3b1n1c1p2,Green (Advanced cost),Constrained,Default,Default,Default,50 Percent by 2050,FT biofuels,2040,29.45334
h3r3b1n1c1p2,Green (Advanced cost),Constrained,Default,Default,Default,50 Percent by 2050,FT biofuels,2050,32.70257
h3r3b1n1c1p2,Green (Advanced cost),Constrained,Default,Default,Default,50 Percent by 2050,FT biofuels CCS,2030,29.92618
h3r3b1n1c1p2,Green (Advanced cost),Constrained,Default,Default,Default,50 Percent by 2050,FT biofuels CCS,2040,25.59027
h3r3b1n1c1p2,Green (Advanced cost),Constrained,Default,Default,Default,50 Percent by 2050,FT biofuels CCS,2050,26.24242
h3r3b1n1c1p2,Green (Advanced cost),Constrained,Default,Default,Default,50 Percent by 2050,LNG,2030,16.37017
h3r3b1n1c1p2,Green (Advanced cost),Constrained,Default,Default,Default,50 Percent by 2050,LNG,2040,19.67913
h3r3b1n1c1p2,Green (Advanced cost),Constrained,Default,Default,Default,50 Percent by 2050,LNG,2050,23.89681
h3r3b1n1c1p2,Green (Advanced cost),Constrained,Default,Default,Default,50 Percent by 2050,ammonia,2030,53.32996
h3r3b1n1c1p2,Green (Advanced cost),Constrained,Default,Default,Default,50 Percent by 2050,ammonia,2040,48.25202
h3r3b1n1c1p2,Green (Advanced cost),Constrained,Default,Default,Default,50 Percent by 2050,ammonia,2050,47.47416
h3r3b1n1c1p2,Green (Advanced cost),Constrained,Default,Default,Default,50 Percent by 2050,e-diesel,2030,94.72526
h3r3b1n1c1p2,Green (Advanced cost),Constrained,Default,Default,Default,50 Percent by 2050,e-diesel,2040,91.20722
h3r3b1n1c1p2,Green (Advanced cost),Constrained,Default,Default,Default,50 Percent by 2050,e-diesel,2050,94.96998
h3r3b1n1c1p2,Green (Advanced cost),Constrained,Default,Default,Default,50 Percent by 2050,electricity,2030,46.87946
h3r3b1n1c1p2,Green (Advanced cost),Constrained,Default,Default,Default,50 Percent by 2050,electricity,2040,48.45152
h3r3b1n1c1p2,Green (Advanced cost),Constrained,Default,Default,Default,50 Percent by 2050,electricity,2050,51.4026
h3r3b1n1c1p2,Green (Advanced cost),Constrained,Default,Default,Default,50 Percent by 2050,hydrogen,2030,NA
h3r3b1n1c1p2,Green (Advanced cost),Constrained,Default,Default,Default,50 Percent by 2050,hydrogen,2040,NA
h3r3b1n1c1p2,Green (Advanced cost),Constrained,Default,Default,Default,50 Percent by 2050,hydrogen,2050,NA
h3r3b1n1c1p2,Green (Advanced cost),Constrained,Default,Default,Default,50 Percent by 2050,petroleum diesel,2030,32.17329
h3r3b1n1c1p2,Green (Advanced cost),Constrained,Default,Default,Default,50 Percent by 2050,petroleum diesel,2040,32.89549
h3r3b1n1c1p2,Green (Advanced cost),Constrained,Default,Default,Default,50 Percent by 2050,petroleum diesel,2050,33.66312
h3r3b1n1c1p2,Green (Advanced cost),Constrained,Default,Default,Default,50 Percent by 2050,renewable diesel,2030,53.93416
h3r3b1n1c1p2,Green (Advanced cost),Constrained,Default,Default,Default,50 Percent by 2050,renewable diesel,2040,46.13998
h3r3b1n1c1p2,Green (Advanced cost),Constrained,Default,Default,Default,50 Percent by 2050,renewable diesel,2050,49.6964
h3r3b1n1c1p3,Green (Advanced cost),Constrained,Default,Default,Default,Net Zero by 2050,FT biofuels,2030,26.88808
h3r3b1n1c1p3,Green (Advanced cost),Constrained,Default,Default,Default,Net Zero by 2050,FT biofuels,2040,25.23485
h3r3b1n1c1p3,Green (Advanced cost),Constrained,Default,Default,Default,Net Zero by 2050,FT biofuels,2050,18.76103
h3r3b1n1c1p3,Green (Advanced cost),Constrained,Default,Default,Default,Net Zero by 2050,FT biofuels CCS,2030,20.69287
h3r3b1n1c1p3,Green (Advanced cost),Constrained,Default,Default,Default,Net Zero by 2050,FT biofuels CCS,2040,16.9417
h3r3b1n1c1p3,Green (Advanced cost),Constrained,Default,Default,Default,Net Zero by 2050,FT biofuels CCS,2050,2.51949
h3r3b1n1c1p3,Green (Advanced cost),Constrained,Default,Default,Default,Net Zero by 2050,LNG,2030,22.49036
h3r3b1n1c1p3,Green (Advanced cost),Constrained,Default,Default,Default,Net Zero by 2050,LNG,2040,25.04171
h3r3b1n1c1p3,Green (Advanced cost),Constrained,Default,Default,Default,Net Zero by 2050,LNG,2050,35.47924
h3r3b1n1c1p3,Green (Advanced cost),Constrained,Default,Default,Default,Net Zero by 2050,ammonia,2030,53.84866
h3r3b1n1c1p3,Green (Advanced cost),Constrained,Default,Default,Default,Net Zero by 2050,ammonia,2040,48.42416
h3r3b1n1c1p3,Green (Advanced cost),Constrained,Default,Default,Default,Net Zero by 2050,ammonia,2050,53.58456
h3r3b1n1c1p3,Green (Advanced cost),Constrained,Default,Default,Default,Net Zero by 2050,e-diesel,2030,94.42012
h3r3b1n1c1p3,Green (Advanced cost),Constrained,Default,Default,Default,Net Zero by 2050,e-diesel,2040,89.50862
h3r3b1n1c1p3,Green (Advanced cost),Constrained,Default,Default,Default,Net Zero by 2050,e-diesel,2050,NA
h3r3b1n1c1p3,Green (Advanced cost),Constrained,Default,Default,Default,Net Zero by 2050,electricity,2030,49.79596
h3r3b1n1c1p3,Green (Advanced cost),Constrained,Default,Default,Default,Net Zero by 2050,electricity,2040,49.87728
h3r3b1n1c1p3,Green (Advanced cost),Constrained,Default,Default,Default,Net Zero by 2050,electricity,2050,54.7124
h3r3b1n1c1p3,Green (Advanced cost),Constrained,Default,Default,Default,Net Zero by 2050,hydrogen,2030,NA
h3r3b1n1c1p3,Green (Advanced cost),Constrained,Default,Default,Default,Net Zero by 2050,hydrogen,2040,NA
h3r3b1n1c1p3,Green (Advanced cost),Constrained,Default,Default,Default,Net Zero by 2050,hydrogen,2050,NA
h3r3b1n1c1p3,Green (Advanced cost),Constrained,Default,Default,Default,Net Zero by 2050,petroleum diesel,2030,36.38057
h3r3b1n1c1p3,Green (Advanced cost),Constrained,Default,Default,Default,Net Zero by 2050,petroleum diesel,2040,35.79245
h3r3b1n1c1p3,Green (Advanced cost),Constrained,Default,Default,Default,Net Zero by 2050,petroleum diesel,2050,NA
h3r3b1n1c1p3,Green (Advanced cost),Constrained,Default,Default,Default,Net Zero by 2050,renewable diesel,2030,52.21048
h3r3b1n1c1p3,Green (Advanced cost),Constrained,Default,Default,Default,Net Zero by 2050,renewable diesel,2040,48.94058
h3r3b1n1c1p3,Green (Advanced cost),Constrained,Default,Default,Default,Net Zero by 2050,renewable diesel,2050,48.58871
h3r3b1n1c2p1,Green (Advanced cost),Constrained,Default,Default,Constrained,No policy,FT biofuels,2030,32.33553
h3r3b1n1c2p1,Green (Advanced cost),Constrained,Default,Default,Constrained,No policy,FT biofuels,2040,32.0199
h3r3b1n1c2p1,Green (Advanced cost),Constrained,Default,Default,Constrained,No policy,FT biofuels,2050,31.4944
h3r3b1n1c2p1,Green (Advanced cost),Constrained,Default,Default,Constrained,No policy,FT biofuels CCS,2030,36.45902
h3r3b1n1c2p1,Green (Advanced cost),Constrained,Default,Default,Constrained,No policy,FT biofuels CCS,2040,36.88468
h3r3b1n1c2p1,Green (Advanced cost),Constrained,Default,Default,Constrained,No policy,FT biofuels CCS,2050,37.7075
h3r3b1n1c2p1,Green (Advanced cost),Constrained,Default,Default,Constrained,No policy,LNG,2030,10.88096
h3r3b1n1c2p1,Green (Advanced cost),Constrained,Default,Default,Constrained,No policy,LNG,2040,10.64779
h3r3b1n1c2p1,Green (Advanced cost),Constrained,Default,Default,Constrained,No policy,LNG,2050,11.27354
h3r3b1n1c2p1,Green (Advanced cost),Constrained,Default,Default,Constrained,No policy,ammonia,2030,52.47458
h3r3b1n1c2p1,Green (Advanced cost),Constrained,Default,Default,Constrained,No policy,ammonia,2040,47.48518
h3r3b1n1c2p1,Green (Advanced cost),Constrained,Default,Default,Constrained,No policy,ammonia,2050,42.67856
h3r3b1n1c2p1,Green (Advanced cost),Constrained,Default,Default,Constrained,No policy,e-diesel,2030,92.4426
h3r3b1n1c2p1,Green (Advanced cost),Constrained,Default,Default,Constrained,No policy,e-diesel,2040,88.31162
h3r3b1n1c2p1,Green (Advanced cost),Constrained,Default,Default,Constrained,No policy,e-diesel,2050,84.7077
h3r3b1n1c2p1,Green (Advanced cost),Constrained,Default,Default,Constrained,No policy,electricity,2030,41.85776
h3r3b1n1c2p1,Green (Advanced cost),Constrained,Default,Default,Constrained,No policy,electricity,2040,40.9545
h3r3b1n1c2p1,Green (Advanced cost),Constrained,Default,Default,Constrained,No policy,electricity,2050,40.52434
h3r3b1n1c2p1,Green (Advanced cost),Constrained,Default,Default,Constrained,No policy,hydrogen,2030,NA
h3r3b1n1c2p1,Green (Advanced cost),Constrained,Default,Default,Constrained,No policy,hydrogen,2040,NA
h3r3b1n1c2p1,Green (Advanced cost),Constrained,Default,Default,Constrained,No policy,hydrogen,2050,NA
h3r3b1n1c2p1,Green (Advanced cost),Constrained,Default,Default,Constrained,No policy,petroleum diesel,2030,28.42054
h3r3b1n1c2p1,Green (Advanced cost),Constrained,Default,Default,Constrained,No policy,petroleum diesel,2040,27.58823
h3r3b1n1c2p1,Green (Advanced cost),Constrained,Default,Default,Constrained,No policy,petroleum diesel,2050,26.98562
h3r3b1n1c2p1,Green (Advanced cost),Constrained,Default,Default,Constrained,No policy,renewable diesel,2030,56.60632
h3r3b1n1c2p1,Green (Advanced cost),Constrained,Default,Default,Constrained,No policy,renewable diesel,2040,49.57214
h3r3b1n1c2p1,Green (Advanced cost),Constrained,Default,Default,Constrained,No policy,renewable diesel,2050,50.66502
h3r3b1n1c2p2,Green (Advanced cost),Constrained,Default,Default,Constrained,50 Percent by 2050,FT biofuels,2030,30.60987
h3r3b1n1c2p2,Green (Advanced cost),Constrained,Default,Default,Constrained,50 Percent by 2050,FT biofuels,2040,28.58485
h3r3b1n1c2p2,Green (Advanced cost),Constrained,Default,Default,Constrained,50 Percent by 2050,FT biofuels,2050,29.89532
h3r3b1n1c2p2,Green (Advanced cost),Constrained,Default,Default,Constrained,50 Percent by 2050,FT biofuels CCS,2030,30.04979
h3r3b1n1c2p2,Green (Advanced cost),Constrained,Default,Default,Constrained,50 Percent by 2050,FT biofuels CCS,2040,26.58778
h3r3b1n1c2p2,Green (Advanced cost),Constrained,Default,Default,Constrained,50 Percent by 2050,FT biofuels CCS,2050,26.2529
h3r3b1n1c2p2,Green (Advanced cost),Constrained,Default,Default,Constrained,50 Percent by 2050,LNG,2030,16.54131
h3r3b1n1c2p2,Green (Advanced cost),Constrained,Default,Default,Constrained,50 Percent by 2050,LNG,2040,20.62387
h3r3b1n1c2p2,Green (Advanced cost),Constrained,Default,Default,Constrained,50 Percent by 2050,LNG,2050,27.28489
h3r3b1n1c2p2,Green (Advanced cost),Constrained,Default,Default,Constrained,50 Percent by 2050,ammonia,2030,53.38734
h3r3b1n1c2p2,Green (Advanced cost),Constrained,Default,Default,Constrained,50 Percent by 2050,ammonia,2040,48.37438
h3r3b1n1c2p2,Green (Advanced cost),Constrained,Default,Default,Constrained,50 Percent by 2050,ammonia,2050,50.7205
h3r3b1n1c2p2,Green (Advanced cost),Constrained,Default,Default,Constrained,50 Percent by 2050,e-diesel,2030,94.72678
h3r3b1n1c2p2,Green (Advanced cost),Constrained,Default,Default,Constrained,50 Percent by 2050,e-diesel,2040,91.29348
h3r3b1n1c2p2,Green (Advanced cost),Constrained,Default,Default,Constrained,50 Percent by 2050,e-diesel,2050,102.37314
h3r3b1n1c2p2,Green (Advanced cost),Constrained,Default,Default,Constrained,50 Percent by 2050,electricity,2030,46.97636
h3r3b1n1c2p2,Green (Advanced cost),Constrained,Default,Default,Constrained,50 Percent by 2050,electricity,2040,49.04204
h3r3b1n1c2p2,Green (Advanced cost),Constrained,Default,Default,Constrained,50 Percent by 2050,electricity,2050,55.10798
h3r3b1n1c2p2,Green (Advanced cost),Constrained,Default,Default,Constrained,50 Percent by 2050,hydrogen,2030,NA
h3r3b1n1c2p2,Green (Advanced cost),Constrained,Default,Default,Constrained,50 Percent by 2050,hydrogen,2040,NA
h3r3b1n1c2p2,Green (Advanced cost),Constrained,Default,Default,Constrained,50 Percent by 2050,hydrogen,2050,NA
h3r3b1n1c2p2,Green (Advanced cost),Constrained,Default,Default,Constrained,50 Percent by 2050,petroleum diesel,2030,32.30354
h3r3b1n1c2p2,Green (Advanced cost),Constrained,Default,Default,Constrained,50 Percent by 2050,petroleum diesel,2040,33.51515
h3r3b1n1c2p2,Green (Advanced cost),Constrained,Default,Default,Constrained,50 Percent by 2050,petroleum diesel,2050,35.76745
h3r3b1n1c2p2,Green (Advanced cost),Constrained,Default,Default,Constrained,50 Percent by 2050,renewable diesel,2030,53.8498
h3r3b1n1c2p2,Green (Advanced cost),Constrained,Default,Default,Constrained,50 Percent by 2050,renewable diesel,2040,45.57796
h3r3b1n1c2p2,Green (Advanced cost),Constrained,Default,Default,Constrained,50 Percent by 2050,renewable diesel,2050,49.51894
h3r3b1n1c2p3,Green (Advanced cost),Constrained,Default,Default,Constrained,Net Zero by 2050,FT biofuels,2030,26.25994
h3r3b1n1c2p3,Green (Advanced cost),Constrained,Default,Default,Constrained,Net Zero by 2050,FT biofuels,2040,22.02252
h3r3b1n1c2p3,Green (Advanced cost),Constrained,Default,Default,Constrained,Net Zero by 2050,FT biofuels,2050,8.38447
h3r3b1n1c2p3,Green (Advanced cost),Constrained,Default,Default,Constrained,Net Zero by 2050,FT biofuels CCS,2030,21.25522
h3r3b1n1c2p3,Green (Advanced cost),Constrained,Default,Default,Constrained,Net Zero by 2050,FT biofuels CCS,2040,17.84032
h3r3b1n1c2p3,Green (Advanced cost),Constrained,Default,Default,Constrained,Net Zero by 2050,FT biofuels CCS,2050,20.86967
h3r3b1n1c2p3,Green (Advanced cost),Constrained,Default,Default,Constrained,Net Zero by 2050,LNG,2030,23.20112
h3r3b1n1c2p3,Green (Advanced cost),Constrained,Default,Default,Constrained,Net Zero by 2050,LNG,2040,29.58567
h3r3b1n1c2p3,Green (Advanced cost),Constrained,Default,Default,Constrained,Net Zero by 2050,LNG,2050,52.95762
h3r3b1n1c2p3,Green (Advanced cost),Constrained,Default,Default,Constrained,Net Zero by 2050,ammonia,2030,53.95164
h3r3b1n1c2p3,Green (Advanced cost),Constrained,Default,Default,Constrained,Net Zero by 2050,ammonia,2040,48.76198
h3r3b1n1c2p3,Green (Advanced cost),Constrained,Default,Default,Constrained,Net Zero by 2050,ammonia,2050,55.97248
h3r3b1n1c2p3,Green (Advanced cost),Constrained,Default,Default,Constrained,Net Zero by 2050,e-diesel,2030,94.54552
h3r3b1n1c2p3,Green (Advanced cost),Constrained,Default,Default,Constrained,Net Zero by 2050,e-diesel,2040,89.57474
h3r3b1n1c2p3,Green (Advanced cost),Constrained,Default,Default,Constrained,Net Zero by 2050,e-diesel,2050,116.0501
h3r3b1n1c2p3,Green (Advanced cost),Constrained,Default,Default,Constrained,Net Zero by 2050,electricity,2030,50.26374
h3r3b1n1c2p3,Green (Advanced cost),Constrained,Default,Default,Constrained,Net Zero by 2050,electricity,2040,52.35678
h3r3b1n1c2p3,Green (Advanced cost),Constrained,Default,Default,Constrained,Net Zero by 2050,electricity,2050,59.46658
h3r3b1n1c2p3,Green (Advanced cost),Constrained,Default,Default,Constrained,Net Zero by 2050,hydrogen,2030,NA
h3r3b1n1c2p3,Green (Advanced cost),Constrained,Default,Default,Constrained,Net Zero by 2050,hydrogen,2040,NA
h3r3b1n1c2p3,Green (Advanced cost),Constrained,Default,Default,Constrained,Net Zero by 2050,hydrogen,2050,NA
h3r3b1n1c2p3,Green (Advanced cost),Constrained,Default,Default,Constrained,Net Zero by 2050,petroleum diesel,2030,36.93414
h3r3b1n1c2p3,Green (Advanced cost),Constrained,Default,Default,Constrained,Net Zero by 2050,petroleum diesel,2040,39.21398
h3r3b1n1c2p3,Green (Advanced cost),Constrained,Default,Default,Constrained,Net Zero by 2050,petroleum diesel,2050,51.28082
h3r3b1n1c2p3,Green (Advanced cost),Constrained,Default,Default,Constrained,Net Zero by 2050,renewable diesel,2030,51.59412
h3r3b1n1c2p3,Green (Advanced cost),Constrained,Default,Default,Constrained,Net Zero by 2050,renewable diesel,2040,46.7913
h3r3b1n1c2p3,Green (Advanced cost),Constrained,Default,Default,Constrained,Net Zero by 2050,renewable diesel,2050,49.87234
h3r3b1n2c1p1,Green (Advanced cost),Constrained,Default,Advanced cost,Default,No policy,FT biofuels,2030,32.35487
h3r3b1n2c1p1,Green (Advanced cost),Constrained,Default,Advanced cost,Default,No policy,FT biofuels,2040,31.96431
h3r3b1n2c1p1,Green (Advanced cost),Constrained,Default,Advanced cost,Default,No policy,FT biofuels,2050,31.49041
h3r3b1n2c1p1,Green (Advanced cost),Constrained,Default,Advanced cost,Default,No policy,FT biofuels CCS,2030,36.07276
h3r3b1n2c1p1,Green (Advanced cost),Constrained,Default,Advanced cost,Default,No policy,FT biofuels CCS,2040,35.5607
h3r3b1n2c1p1,Green (Advanced cost),Constrained,Default,Advanced cost,Default,No policy,FT biofuels CCS,2050,35.1377
h3r3b1n2c1p1,Green (Advanced cost),Constrained,Default,Advanced cost,Default,No policy,LNG,2030,10.86545
h3r3b1n2c1p1,Green (Advanced cost),Constrained,Default,Advanced cost,Default,No policy,LNG,2040,10.4986
h3r3b1n2c1p1,Green (Advanced cost),Constrained,Default,Advanced cost,Default,No policy,LNG,2050,11.07404
h3r3b1n2c1p1,Green (Advanced cost),Constrained,Default,Advanced cost,Default,No policy,ammonia,2030,52.44152
h3r3b1n2c1p1,Green (Advanced cost),Constrained,Default,Advanced cost,Default,No policy,ammonia,2040,47.41374
h3r3b1n2c1p1,Green (Advanced cost),Constrained,Default,Advanced cost,Default,No policy,ammonia,2050,42.56988
h3r3b1n2c1p1,Green (Advanced cost),Constrained,Default,Advanced cost,Default,No policy,e-diesel,2030,92.6839
h3r3b1n2c1p1,Green (Advanced cost),Constrained,Default,Advanced cost,Default,No policy,e-diesel,2040,85.35142
h3r3b1n2c1p1,Green (Advanced cost),Constrained,Default,Advanced cost,Default,No policy,e-diesel,2050,82.17994
h3r3b1n2c1p1,Green (Advanced cost),Constrained,Default,Advanced cost,Default,No policy,electricity,2030,42.10134
h3r3b1n2c1p1,Green (Advanced cost),Constrained,Default,Advanced cost,Default,No policy,electricity,2040,38.38304
h3r3b1n2c1p1,Green (Advanced cost),Constrained,Default,Advanced cost,Default,No policy,electricity,2050,38.3838
h3r3b1n2c1p1,Green (Advanced cost),Constrained,Default,Advanced cost,Default,No policy,hydrogen,2030,NA
h3r3b1n2c1p1,Green (Advanced cost),Constrained,Default,Advanced cost,Default,No policy,hydrogen,2040,NA
h3r3b1n2c1p1,Green (Advanced cost),Constrained,Default,Advanced cost,Default,No policy,hydrogen,2050,NA
h3r3b1n2c1p1,Green (Advanced cost),Constrained,Default,Advanced cost,Default,No policy,petroleum diesel,2030,28.41207
h3r3b1n2c1p1,Green (Advanced cost),Constrained,Default,Advanced cost,Default,No policy,petroleum diesel,2040,27.30665
h3r3b1n2c1p1,Green (Advanced cost),Constrained,Default,Advanced cost,Default,No policy,petroleum diesel,2050,26.6225
h3r3b1n2c1p1,Green (Advanced cost),Constrained,Default,Advanced cost,Default,No policy,renewable diesel,2030,56.59226
h3r3b1n2c1p1,Green (Advanced cost),Constrained,Default,Advanced cost,Default,No policy,renewable diesel,2040,49.20164
h3r3b1n2c1p1,Green (Advanced cost),Constrained,Default,Advanced cost,Default,No policy,renewable diesel,2050,49.8731
h3r3b1n2c1p2,Green (Advanced cost),Constrained,Default,Advanced cost,Default,50 Percent by 2050,FT biofuels,2030,31.17125
h3r3b1n2c1p2,Green (Advanced cost),Constrained,Default,Advanced cost,Default,50 Percent by 2050,FT biofuels,2040,30.11154
h3r3b1n2c1p2,Green (Advanced cost),Constrained,Default,Advanced cost,Default,50 Percent by 2050,FT biofuels,2050,31.86201
h3r3b1n2c1p2,Green (Advanced cost),Constrained,Default,Advanced cost,Default,50 Percent by 2050,FT biofuels CCS,2030,30.68764
h3r3b1n2c1p2,Green (Advanced cost),Constrained,Default,Advanced cost,Default,50 Percent by 2050,FT biofuels CCS,2040,28.24625
h3r3b1n2c1p2,Green (Advanced cost),Constrained,Default,Advanced cost,Default,50 Percent by 2050,FT biofuels CCS,2050,27.97684
h3r3b1n2c1p2,Green (Advanced cost),Constrained,Default,Advanced cost,Default,50 Percent by 2050,LNG,2030,15.76878
h3r3b1n2c1p2,Green (Advanced cost),Constrained,Default,Advanced cost,Default,50 Percent by 2050,LNG,2040,16.94382
h3r3b1n2c1p2,Green (Advanced cost),Constrained,Default,Advanced cost,Default,50 Percent by 2050,LNG,2050,20.31207
h3r3b1n2c1p2,Green (Advanced cost),Constrained,Default,Advanced cost,Default,50 Percent by 2050,ammonia,2030,53.22242
h3r3b1n2c1p2,Green (Advanced cost),Constrained,Default,Advanced cost,Default,50 Percent by 2050,ammonia,2040,47.97348
h3r3b1n2c1p2,Green (Advanced cost),Constrained,Default,Advanced cost,Default,50 Percent by 2050,ammonia,2050,42.84766
h3r3b1n2c1p2,Green (Advanced cost),Constrained,Default,Advanced cost,Default,50 Percent by 2050,e-diesel,2030,94.38022
h3r3b1n2c1p2,Green (Advanced cost),Constrained,Default,Advanced cost,Default,50 Percent by 2050,e-diesel,2040,84.44398
h3r3b1n2c1p2,Green (Advanced cost),Constrained,Default,Advanced cost,Default,50 Percent by 2050,e-diesel,2050,80.28982
h3r3b1n2c1p2,Green (Advanced cost),Constrained,Default,Advanced cost,Default,50 Percent by 2050,electricity,2030,46.29426
h3r3b1n2c1p2,Green (Advanced cost),Constrained,Default,Advanced cost,Default,50 Percent by 2050,electricity,2040,41.16464
h3r3b1n2c1p2,Green (Advanced cost),Constrained,Default,Advanced cost,Default,50 Percent by 2050,electricity,2050,41.87372
h3r3b1n2c1p2,Green (Advanced cost),Constrained,Default,Advanced cost,Default,50 Percent by 2050,hydrogen,2030,NA
h3r3b1n2c1p2,Green (Advanced cost),Constrained,Default,Advanced cost,Default,50 Percent by 2050,hydrogen,2040,NA
h3r3b1n2c1p2,Green (Advanced cost),Constrained,Default,Advanced cost,Default,50 Percent by 2050,hydrogen,2050,NA
h3r3b1n2c1p2,Green (Advanced cost),Constrained,Default,Advanced cost,Default,50 Percent by 2050,petroleum diesel,2030,31.75384
h3r3b1n2c1p2,Green (Advanced cost),Constrained,Default,Advanced cost,Default,50 Percent by 2050,petroleum diesel,2040,30.93669
h3r3b1n2c1p2,Green (Advanced cost),Constrained,Default,Advanced cost,Default,50 Percent by 2050,petroleum diesel,2050,31.1448
h3r3b1n2c1p2,Green (Advanced cost),Constrained,Default,Advanced cost,Default,50 Percent by 2050,renewable diesel,2030,54.20966
h3r3b1n2c1p2,Green (Advanced cost),Constrained,Default,Advanced cost,Default,50 Percent by 2050,renewable diesel,2040,46.21636
h3r3b1n2c1p2,Green (Advanced cost),Constrained,Default,Advanced cost,Default,50 Percent by 2050,renewable diesel,2050,48.20908
h3r3b1n2c1p3,Green (Advanced cost),Constrained,Default,Advanced cost,Default,Net Zero by 2050,FT biofuels,2030,26.92053
h3r3b1n2c1p3,Green (Advanced cost),Constrained,Default,Advanced cost,Default,Net Zero by 2050,FT biofuels,2040,25.3297
h3r3b1n2c1p3,Green (Advanced cost),Constrained,Default,Advanced cost,Default,Net Zero by 2050,FT biofuels,2050,20.51715
h3r3b1n2c1p3,Green (Advanced cost),Constrained,Default,Advanced cost,Default,Net Zero by 2050,FT biofuels CCS,2030,20.93444
h3r3b1n2c1p3,Green (Advanced cost),Constrained,Default,Advanced cost,Default,Net Zero by 2050,FT biofuels CCS,2040,18.1111
h3r3b1n2c1p3,Green (Advanced cost),Constrained,Default,Advanced cost,Default,Net Zero by 2050,FT biofuels CCS,2050,7.46227
h3r3b1n2c1p3,Green (Advanced cost),Constrained,Default,Advanced cost,Default,Net Zero by 2050,LNG,2030,22.06188
h3r3b1n2c1p3,Green (Advanced cost),Constrained,Default,Advanced cost,Default,Net Zero by 2050,LNG,2040,23.42687
h3r3b1n2c1p3,Green (Advanced cost),Constrained,Default,Advanced cost,Default,Net Zero by 2050,LNG,2050,31.05233
h3r3b1n2c1p3,Green (Advanced cost),Constrained,Default,Advanced cost,Default,Net Zero by 2050,ammonia,2030,53.7415
h3r3b1n2c1p3,Green (Advanced cost),Constrained,Default,Advanced cost,Default,Net Zero by 2050,ammonia,2040,48.25544
h3r3b1n2c1p3,Green (Advanced cost),Constrained,Default,Advanced cost,Default,Net Zero by 2050,ammonia,2050,45.66802
h3r3b1n2c1p3,Green (Advanced cost),Constrained,Default,Advanced cost,Default,Net Zero by 2050,e-diesel,2030,93.43706
h3r3b1n2c1p3,Green (Advanced cost),Constrained,Default,Advanced cost,Default,Net Zero by 2050,e-diesel,2040,80.97724
h3r3b1n2c1p3,Green (Advanced cost),Constrained,Default,Advanced cost,Default,Net Zero by 2050,e-diesel,2050,78.03338
h3r3b1n2c1p3,Green (Advanced cost),Constrained,Default,Advanced cost,Default,Net Zero by 2050,electricity,2030,48.83152
h3r3b1n2c1p3,Green (Advanced cost),Constrained,Default,Advanced cost,Default,Net Zero by 2050,electricity,2040,41.64496
h3r3b1n2c1p3,Green (Advanced cost),Constrained,Default,Advanced cost,Default,Net Zero by 2050,electricity,2050,42.7576
h3r3b1n2c1p3,Green (Advanced cost),Constrained,Default,Advanced cost,Default,Net Zero by 2050,hydrogen,2030,NA
h3r3b1n2c1p3,Green (Advanced cost),Constrained,Default,Advanced cost,Default,Net Zero by 2050,hydrogen,2040,NA
h3r3b1n2c1p3,Green (Advanced cost),Constrained,Default,Advanced cost,Default,Net Zero by 2050,hydrogen,2050,NA
h3r3b1n2c1p3,Green (Advanced cost),Constrained,Default,Advanced cost,Default,Net Zero by 2050,petroleum diesel,2030,36.18719
h3r3b1n2c1p3,Green (Advanced cost),Constrained,Default,Advanced cost,Default,Net Zero by 2050,petroleum diesel,2040,35.16849
h3r3b1n2c1p3,Green (Advanced cost),Constrained,Default,Advanced cost,Default,Net Zero by 2050,petroleum diesel,2050,37.55104
h3r3b1n2c1p3,Green (Advanced cost),Constrained,Default,Advanced cost,Default,Net Zero by 2050,renewable diesel,2030,52.10332
h3r3b1n2c1p3,Green (Advanced cost),Constrained,Default,Advanced cost,Default,Net Zero by 2050,renewable diesel,2040,46.75444
h3r3b1n2c1p3,Green (Advanced cost),Constrained,Default,Advanced cost,Default,Net Zero by 2050,renewable diesel,2050,45.51754
h3r3b1n2c2p1,Green (Advanced cost),Constrained,Default,Advanced cost,Constrained,No policy,FT biofuels,2030,32.32523
h3r3b1n2c2p1,Green (Advanced cost),Constrained,Default,Advanced cost,Constrained,No policy,FT biofuels,2040,31.88432
h3r3b1n2c2p1,Green (Advanced cost),Constrained,Default,Advanced cost,Constrained,No policy,FT biofuels,2050,31.32925
h3r3b1n2c2p1,Green (Advanced cost),Constrained,Default,Advanced cost,Constrained,No policy,FT biofuels CCS,2030,36.44512
h3r3b1n2c2p1,Green (Advanced cost),Constrained,Default,Advanced cost,Constrained,No policy,FT biofuels CCS,2040,36.70646
h3r3b1n2c2p1,Green (Advanced cost),Constrained,Default,Advanced cost,Constrained,No policy,FT biofuels CCS,2050,37.44776
h3r3b1n2c2p1,Green (Advanced cost),Constrained,Default,Advanced cost,Constrained,No policy,LNG,2030,10.86557
h3r3b1n2c2p1,Green (Advanced cost),Constrained,Default,Advanced cost,Constrained,No policy,LNG,2040,10.49925
h3r3b1n2c2p1,Green (Advanced cost),Constrained,Default,Advanced cost,Constrained,No policy,LNG,2050,11.07689
h3r3b1n2c2p1,Green (Advanced cost),Constrained,Default,Advanced cost,Constrained,No policy,ammonia,2030,52.44228
h3r3b1n2c2p1,Green (Advanced cost),Constrained,Default,Advanced cost,Constrained,No policy,ammonia,2040,47.41526
h3r3b1n2c2p1,Green (Advanced cost),Constrained,Default,Advanced cost,Constrained,No policy,ammonia,2050,42.57292
h3r3b1n2c2p1,Green (Advanced cost),Constrained,Default,Advanced cost,Constrained,No policy,e-diesel,2030,92.67212
h3r3b1n2c2p1,Green (Advanced cost),Constrained,Default,Advanced cost,Constrained,No policy,e-diesel,2040,85.33166
h3r3b1n2c2p1,Green (Advanced cost),Constrained,Default,Advanced cost,Constrained,No policy,e-diesel,2050,82.14156
h3r3b1n2c2p1,Green (Advanced cost),Constrained,Default,Advanced cost,Constrained,No policy,electricity,2030,42.09032
h3r3b1n2c2p1,Green (Advanced cost),Constrained,Default,Advanced cost,Constrained,No policy,electricity,2040,38.36404
h3r3b1n2c2p1,Green (Advanced cost),Constrained,Default,Advanced cost,Constrained,No policy,electricity,2050,38.34656
h3r3b1n2c2p1,Green (Advanced cost),Constrained,Default,Advanced cost,Constrained,No policy,hydrogen,2030,NA
h3r3b1n2c2p1,Green (Advanced cost),Constrained,Default,Advanced cost,Constrained,No policy,hydrogen,2040,NA
h3r3b1n2c2p1,Green (Advanced cost),Constrained,Default,Advanced cost,Constrained,No policy,hydrogen,2050,NA
h3r3b1n2c2p1,Green (Advanced cost),Constrained,Default,Advanced cost,Constrained,No policy,petroleum diesel,2030,28.41591
h3r3b1n2c2p1,Green (Advanced cost),Constrained,Default,Advanced cost,Constrained,No policy,petroleum diesel,2040,27.35004
h3r3b1n2c2p1,Green (Advanced cost),Constrained,Default,Advanced cost,Constrained,No policy,petroleum diesel,2050,26.73251
h3r3b1n2c2p1,Green (Advanced cost),Constrained,Default,Advanced cost,Constrained,No policy,renewable diesel,2030,56.60784
h3r3b1n2c2p1,Green (Advanced cost),Constrained,Default,Advanced cost,Constrained,No policy,renewable diesel,2040,49.28372
h3r3b1n2c2p1,Green (Advanced cost),Constrained,Default,Advanced cost,Constrained,No policy,renewable diesel,2050,50.2398
h3r3b1n2c2p2,Green (Advanced cost),Constrained,Default,Advanced cost,Constrained,50 Percent by 2050,FT biofuels,2030,30.88792
h3r3b1n2c2p2,Green (Advanced cost),Constrained,Default,Advanced cost,Constrained,50 Percent by 2050,FT biofuels,2040,29.51555
h3r3b1n2c2p2,Green (Advanced cost),Constrained,Default,Advanced cost,Constrained,50 Percent by 2050,FT biofuels,2050,30.03239
h3r3b1n2c2p2,Green (Advanced cost),Constrained,Default,Advanced cost,Constrained,50 Percent by 2050,FT biofuels CCS,2030,30.80063
h3r3b1n2c2p2,Green (Advanced cost),Constrained,Default,Advanced cost,Constrained,50 Percent by 2050,FT biofuels CCS,2040,29.24588
h3r3b1n2c2p2,Green (Advanced cost),Constrained,Default,Advanced cost,Constrained,50 Percent by 2050,FT biofuels CCS,2050,29.80671
h3r3b1n2c2p2,Green (Advanced cost),Constrained,Default,Advanced cost,Constrained,50 Percent by 2050,LNG,2030,15.91851
h3r3b1n2c2p2,Green (Advanced cost),Constrained,Default,Advanced cost,Constrained,50 Percent by 2050,LNG,2040,17.45694
h3r3b1n2c2p2,Green (Advanced cost),Constrained,Default,Advanced cost,Constrained,50 Percent by 2050,LNG,2050,21.56658
h3r3b1n2c2p2,Green (Advanced cost),Constrained,Default,Advanced cost,Constrained,50 Percent by 2050,ammonia,2030,53.2741
h3r3b1n2c2p2,Green (Advanced cost),Constrained,Default,Advanced cost,Constrained,50 Percent by 2050,ammonia,2040,48.04416
h3r3b1n2c2p2,Green (Advanced cost),Constrained,Default,Advanced cost,Constrained,50 Percent by 2050,ammonia,2050,42.89668
h3r3b1n2c2p2,Green (Advanced cost),Constrained,Default,Advanced cost,Constrained,50 Percent by 2050,e-diesel,2030,94.37034
h3r3b1n2c2p2,Green (Advanced cost),Constrained,Default,Advanced cost,Constrained,50 Percent by 2050,e-diesel,2040,84.29996
h3r3b1n2c2p2,Green (Advanced cost),Constrained,Default,Advanced cost,Constrained,50 Percent by 2050,e-diesel,2050,79.8266
h3r3b1n2c2p2,Green (Advanced cost),Constrained,Default,Advanced cost,Constrained,50 Percent by 2050,electricity,2030,46.37026
h3r3b1n2c2p2,Green (Advanced cost),Constrained,Default,Advanced cost,Constrained,50 Percent by 2050,electricity,2040,41.33146
h3r3b1n2c2p2,Green (Advanced cost),Constrained,Default,Advanced cost,Constrained,50 Percent by 2050,electricity,2050,42.17088
h3r3b1n2c2p2,Green (Advanced cost),Constrained,Default,Advanced cost,Constrained,50 Percent by 2050,hydrogen,2030,NA
h3r3b1n2c2p2,Green (Advanced cost),Constrained,Default,Advanced cost,Constrained,50 Percent by 2050,hydrogen,2040,NA
h3r3b1n2c2p2,Green (Advanced cost),Constrained,Default,Advanced cost,Constrained,50 Percent by 2050,hydrogen,2050,NA
h3r3b1n2c2p2,Green (Advanced cost),Constrained,Default,Advanced cost,Constrained,50 Percent by 2050,petroleum diesel,2030,31.86925
h3r3b1n2c2p2,Green (Advanced cost),Constrained,Default,Advanced cost,Constrained,50 Percent by 2050,petroleum diesel,2040,31.26129
h3r3b1n2c2p2,Green (Advanced cost),Constrained,Default,Advanced cost,Constrained,50 Percent by 2050,petroleum diesel,2050,31.8533
h3r3b1n2c2p2,Green (Advanced cost),Constrained,Default,Advanced cost,Constrained,50 Percent by 2050,renewable diesel,2030,54.13252
h3r3b1n2c2p2,Green (Advanced cost),Constrained,Default,Advanced cost,Constrained,50 Percent by 2050,renewable diesel,2040,45.94124
h3r3b1n2c2p2,Green (Advanced cost),Constrained,Default,Advanced cost,Constrained,50 Percent by 2050,renewable diesel,2050,47.84124
h3r3b1n2c2p3,Green (Advanced cost),Constrained,Default,Advanced cost,Constrained,Net Zero by 2050,FT biofuels,2030,26.36383
h3r3b1n2c2p3,Green (Advanced cost),Constrained,Default,Advanced cost,Constrained,Net Zero by 2050,FT biofuels,2040,23.18954
h3r3b1n2c2p3,Green (Advanced cost),Constrained,Default,Advanced cost,Constrained,Net Zero by 2050,FT biofuels,2050,11.36816
h3r3b1n2c2p3,Green (Advanced cost),Constrained,Default,Advanced cost,Constrained,Net Zero by 2050,FT biofuels CCS,2030,21.51917
h3r3b1n2c2p3,Green (Advanced cost),Constrained,Default,Advanced cost,Constrained,Net Zero by 2050,FT biofuels CCS,2040,19.30524
h3r3b1n2c2p3,Green (Advanced cost),Constrained,Default,Advanced cost,Constrained,Net Zero by 2050,FT biofuels CCS,2050,18.92443
h3r3b1n2c2p3,Green (Advanced cost),Constrained,Default,Advanced cost,Constrained,Net Zero by 2050,LNG,2030,22.59024
h3r3b1n2c2p3,Green (Advanced cost),Constrained,Default,Advanced cost,Constrained,Net Zero by 2050,LNG,2040,25.99707
h3r3b1n2c2p3,Green (Advanced cost),Constrained,Default,Advanced cost,Constrained,Net Zero by 2050,LNG,2050,45.38449
h3r3b1n2c2p3,Green (Advanced cost),Constrained,Default,Advanced cost,Constrained,Net Zero by 2050,ammonia,2030,53.8156
h3r3b1n2c2p3,Green (Advanced cost),Constrained,Default,Advanced cost,Constrained,Net Zero by 2050,ammonia,2040,48.43784
h3r3b1n2c2p3,Green (Advanced cost),Constrained,Default,Advanced cost,Constrained,Net Zero by 2050,ammonia,2050,54.08274
h3r3b1n2c2p3,Green (Advanced cost),Constrained,Default,Advanced cost,Constrained,Net Zero by 2050,e-diesel,2030,93.40362
h3r3b1n2c2p3,Green (Advanced cost),Constrained,Default,Advanced cost,Constrained,Net Zero by 2050,e-diesel,2040,79.306
h3r3b1n2c2p3,Green (Advanced cost),Constrained,Default,Advanced cost,Constrained,Net Zero by 2050,e-diesel,2050,86.67078
h3r3b1n2c2p3,Green (Advanced cost),Constrained,Default,Advanced cost,Constrained,Net Zero by 2050,electricity,2030,49.1017
h3r3b1n2c2p3,Green (Advanced cost),Constrained,Default,Advanced cost,Constrained,Net Zero by 2050,electricity,2040,41.65332
h3r3b1n2c2p3,Green (Advanced cost),Constrained,Default,Advanced cost,Constrained,Net Zero by 2050,electricity,2050,43.19992
h3r3b1n2c2p3,Green (Advanced cost),Constrained,Default,Advanced cost,Constrained,Net Zero by 2050,hydrogen,2030,NA
h3r3b1n2c2p3,Green (Advanced cost),Constrained,Default,Advanced cost,Constrained,Net Zero by 2050,hydrogen,2040,NA
h3r3b1n2c2p3,Green (Advanced cost),Constrained,Default,Advanced cost,Constrained,Net Zero by 2050,hydrogen,2050,NA
h3r3b1n2c2p3,Green (Advanced cost),Constrained,Default,Advanced cost,Constrained,Net Zero by 2050,petroleum diesel,2030,36.64981
h3r3b1n2c2p3,Green (Advanced cost),Constrained,Default,Advanced cost,Constrained,Net Zero by 2050,petroleum diesel,2040,37.34567
h3r3b1n2c2p3,Green (Advanced cost),Constrained,Default,Advanced cost,Constrained,Net Zero by 2050,petroleum diesel,2050,46.77857
h3r3b1n2c2p3,Green (Advanced cost),Constrained,Default,Advanced cost,Constrained,Net Zero by 2050,renewable diesel,2030,51.53826
h3r3b1n2c2p3,Green (Advanced cost),Constrained,Default,Advanced cost,Constrained,Net Zero by 2050,renewable diesel,2040,44.74956
h3r3b1n2c2p3,Green (Advanced cost),Constrained,Default,Advanced cost,Constrained,Net Zero by 2050,renewable diesel,2050,44.90384
h3r3b2n1c1p1,Green (Advanced cost),Constrained,Constrained,Default,Default,No policy,FT biofuels,2030,32.36525
h3r3b2n1c1p1,Green (Advanced cost),Constrained,Constrained,Default,Default,No policy,FT biofuels,2040,32.10308
h3r3b2n1c1p1,Green (Advanced cost),Constrained,Constrained,Default,Default,No policy,FT biofuels,2050,31.92581
h3r3b2n1c1p1,Green (Advanced cost),Constrained,Constrained,Default,Default,No policy,FT biofuels CCS,2030,36.08308
h3r3b2n1c1p1,Green (Advanced cost),Constrained,Constrained,Default,Default,No policy,FT biofuels CCS,2040,35.71775
h3r3b2n1c1p1,Green (Advanced cost),Constrained,Constrained,Default,Default,No policy,FT biofuels CCS,2050,35.60628
h3r3b2n1c1p1,Green (Advanced cost),Constrained,Constrained,Default,Default,No policy,LNG,2030,10.88088
h3r3b2n1c1p1,Green (Advanced cost),Constrained,Constrained,Default,Default,No policy,LNG,2040,10.64741
h3r3b2n1c1p1,Green (Advanced cost),Constrained,Constrained,Default,Default,No policy,LNG,2050,11.27133
h3r3b2n1c1p1,Green (Advanced cost),Constrained,Constrained,Default,Default,No policy,ammonia,2030,52.47382
h3r3b2n1c1p1,Green (Advanced cost),Constrained,Constrained,Default,Default,No policy,ammonia,2040,47.48366
h3r3b2n1c1p1,Green (Advanced cost),Constrained,Constrained,Default,Default,No policy,ammonia,2050,42.67552
h3r3b2n1c1p1,Green (Advanced cost),Constrained,Constrained,Default,Default,No policy,e-diesel,2030,92.45552
h3r3b2n1c1p1,Green (Advanced cost),Constrained,Constrained,Default,Default,No policy,e-diesel,2040,88.35114
h3r3b2n1c1p1,Green (Advanced cost),Constrained,Constrained,Default,Default,No policy,e-diesel,2050,84.7723
h3r3b2n1c1p1,Green (Advanced cost),Constrained,Constrained,Default,Default,No policy,electricity,2030,41.86954
h3r3b2n1c1p1,Green (Advanced cost),Constrained,Constrained,Default,Default,No policy,electricity,2040,40.99098
h3r3b2n1c1p1,Green (Advanced cost),Constrained,Constrained,Default,Default,No policy,electricity,2050,40.58514
h3r3b2n1c1p1,Green (Advanced cost),Constrained,Constrained,Default,Default,No policy,hydrogen,2030,NA
h3r3b2n1c1p1,Green (Advanced cost),Constrained,Constrained,Default,Default,No policy,hydrogen,2040,NA
h3r3b2n1c1p1,Green (Advanced cost),Constrained,Constrained,Default,Default,No policy,hydrogen,2050,NA
h3r3b2n1c1p1,Green (Advanced cost),Constrained,Constrained,Default,Default,No policy,petroleum diesel,2030,28.41674
h3r3b2n1c1p1,Green (Advanced cost),Constrained,Constrained,Default,Default,No policy,petroleum diesel,2040,27.54901
h3r3b2n1c1p1,Green (Advanced cost),Constrained,Constrained,Default,Default,No policy,petroleum diesel,2050,26.88964
h3r3b2n1c1p1,Green (Advanced cost),Constrained,Constrained,Default,Default,No policy,renewable diesel,2030,56.59112
h3r3b2n1c1p1,Green (Advanced cost),Constrained,Constrained,Default,Default,No policy,renewable diesel,2040,49.49082
h3r3b2n1c1p1,Green (Advanced cost),Constrained,Constrained,Default,Default,No policy,renewable diesel,2050,50.23714
h3r3b2n1c1p2,Green (Advanced cost),Constrained,Constrained,Default,Default,50 Percent by 2050,FT biofuels,2030,30.90491
h3r3b2n1c1p2,Green (Advanced cost),Constrained,Constrained,Default,Default,50 Percent by 2050,FT biofuels,2040,30.06925
h3r3b2n1c1p2,Green (Advanced cost),Constrained,Constrained,Default,Default,50 Percent by 2050,FT biofuels,2050,33.4541
h3r3b2n1c1p2,Green (Advanced cost),Constrained,Constrained,Default,Default,50 Percent by 2050,FT biofuels CCS,2030,29.92626
h3r3b2n1c1p2,Green (Advanced cost),Constrained,Constrained,Default,Default,50 Percent by 2050,FT biofuels CCS,2040,26.11907
h3r3b2n1c1p2,Green (Advanced cost),Constrained,Constrained,Default,Default,50 Percent by 2050,FT biofuels CCS,2050,26.71523
h3r3b2n1c1p2,Green (Advanced cost),Constrained,Constrained,Default,Default,50 Percent by 2050,LNG,2030,16.37008
h3r3b2n1c1p2,Green (Advanced cost),Constrained,Constrained,Default,Default,50 Percent by 2050,LNG,2040,19.80353
h3r3b2n1c1p2,Green (Advanced cost),Constrained,Constrained,Default,Default,50 Percent by 2050,LNG,2050,24.26915
h3r3b2n1c1p2,Green (Advanced cost),Constrained,Constrained,Default,Default,50 Percent by 2050,ammonia,2030,53.32996
h3r3b2n1c1p2,Green (Advanced cost),Constrained,Constrained,Default,Default,50 Percent by 2050,ammonia,2040,48.26152
h3r3b2n1c1p2,Green (Advanced cost),Constrained,Constrained,Default,Default,50 Percent by 2050,ammonia,2050,47.7907
h3r3b2n1c1p2,Green (Advanced cost),Constrained,Constrained,Default,Default,50 Percent by 2050,e-diesel,2030,94.72526
h3r3b2n1c1p2,Green (Advanced cost),Constrained,Constrained,Default,Default,50 Percent by 2050,e-diesel,2040,91.18404
h3r3b2n1c1p2,Green (Advanced cost),Constrained,Constrained,Default,Default,50 Percent by 2050,e-diesel,2050,95.47386
h3r3b2n1c1p2,Green (Advanced cost),Constrained,Constrained,Default,Default,50 Percent by 2050,electricity,2030,46.87946
h3r3b2n1c1p2,Green (Advanced cost),Constrained,Constrained,Default,Default,50 Percent by 2050,electricity,2040,48.49826
h3r3b2n1c1p2,Green (Advanced cost),Constrained,Constrained,Default,Default,50 Percent by 2050,electricity,2050,51.63934
h3r3b2n1c1p2,Green (Advanced cost),Constrained,Constrained,Default,Default,50 Percent by 2050,hydrogen,2030,NA
h3r3b2n1c1p2,Green (Advanced cost),Constrained,Constrained,Default,Default,50 Percent by 2050,hydrogen,2040,NA
h3r3b2n1c1p2,Green (Advanced cost),Constrained,Constrained,Default,Default,50 Percent by 2050,hydrogen,2050,NA
h3r3b2n1c1p2,Green (Advanced cost),Constrained,Constrained,Default,Default,50 Percent by 2050,petroleum diesel,2030,32.17323
h3r3b2n1c1p2,Green (Advanced cost),Constrained,Constrained,Default,Default,50 Percent by 2050,petroleum diesel,2040,33.00017
h3r3b2n1c1p2,Green (Advanced cost),Constrained,Constrained,Default,Default,50 Percent by 2050,petroleum diesel,2050,33.97371
h3r3b2n1c1p2,Green (Advanced cost),Constrained,Constrained,Default,Default,50 Percent by 2050,renewable diesel,2030,53.93416
h3r3b2n1c1p2,Green (Advanced cost),Constrained,Constrained,Default,Default,50 Percent by 2050,renewable diesel,2040,45.77632
h3r3b2n1c1p2,Green (Advanced cost),Constrained,Constrained,Default,Default,50 Percent by 2050,renewable diesel,2050,49.58962
h3r3b2n1c1p3,Green (Advanced cost),Constrained,Constrained,Default,Default,Net Zero by 2050,FT biofuels,2030,26.88808
h3r3b2n1c1p3,Green (Advanced cost),Constrained,Constrained,Default,Default,Net Zero by 2050,FT biofuels,2040,25.75541
h3r3b2n1c1p3,Green (Advanced cost),Constrained,Constrained,Default,Default,Net Zero by 2050,FT biofuels,2050,19.40896
h3r3b2n1c1p3,Green (Advanced cost),Constrained,Constrained,Default,Default,Net Zero by 2050,FT biofuels CCS,2030,20.69287
h3r3b2n1c1p3,Green (Advanced cost),Constrained,Constrained,Default,Default,Net Zero by 2050,FT biofuels CCS,2040,17.16364
h3r3b2n1c1p3,Green (Advanced cost),Constrained,Constrained,Default,Default,Net Zero by 2050,FT biofuels CCS,2050,3.05286
h3r3b2n1c1p3,Green (Advanced cost),Constrained,Constrained,Default,Default,Net Zero by 2050,LNG,2030,22.49036
h3r3b2n1c1p3,Green (Advanced cost),Constrained,Constrained,Default,Default,Net Zero by 2050,LNG,2040,25.41595
h3r3b2n1c1p3,Green (Advanced cost),Constrained,Constrained,Default,Default,Net Zero by 2050,LNG,2050,35.6517
h3r3b2n1c1p3,Green (Advanced cost),Constrained,Constrained,Default,Default,Net Zero by 2050,ammonia,2030,53.84866
h3r3b2n1c1p3,Green (Advanced cost),Constrained,Constrained,Default,Default,Net Zero by 2050,ammonia,2040,48.44962
h3r3b2n1c1p3,Green (Advanced cost),Constrained,Constrained,Default,Default,Net Zero by 2050,ammonia,2050,53.63358
h3r3b2n1c1p3,Green (Advanced cost),Constrained,Constrained,Default,Default,Net Zero by 2050,e-diesel,2030,94.42012
h3r3b2n1c1p3,Green (Advanced cost),Constrained,Constrained,Default,Default,Net Zero by 2050,e-diesel,2040,89.36422
h3r3b2n1c1p3,Green (Advanced cost),Constrained,Constrained,Default,Default,Net Zero by 2050,e-diesel,2050,104.86138
h3r3b2n1c1p3,Green (Advanced cost),Constrained,Constrained,Default,Default,Net Zero by 2050,electricity,2030,49.79596
h3r3b2n1c1p3,Green (Advanced cost),Constrained,Constrained,Default,Default,Net Zero by 2050,electricity,2040,49.95214
h3r3b2n1c1p3,Green (Advanced cost),Constrained,Constrained,Default,Default,Net Zero by 2050,electricity,2050,54.75268
h3r3b2n1c1p3,Green (Advanced cost),Constrained,Constrained,Default,Default,Net Zero by 2050,hydrogen,2030,NA
h3r3b2n1c1p3,Green (Advanced cost),Constrained,Constrained,Default,Default,Net Zero by 2050,hydrogen,2040,NA
h3r3b2n1c1p3,Green (Advanced cost),Constrained,Constrained,Default,Default,Net Zero by 2050,hydrogen,2050,NA
h3r3b2n1c1p3,Green (Advanced cost),Constrained,Constrained,Default,Default,Net Zero by 2050,petroleum diesel,2030,36.38057
h3r3b2n1c1p3,Green (Advanced cost),Constrained,Constrained,Default,Default,Net Zero by 2050,petroleum diesel,2040,36.15246
h3r3b2n1c1p3,Green (Advanced cost),Constrained,Constrained,Default,Default,Net Zero by 2050,petroleum diesel,2050,40.92285
h3r3b2n1c1p3,Green (Advanced cost),Constrained,Constrained,Default,Default,Net Zero by 2050,renewable diesel,2030,52.21048
h3r3b2n1c1p3,Green (Advanced cost),Constrained,Constrained,Default,Default,Net Zero by 2050,renewable diesel,2040,48.38692
h3r3b2n1c1p3,Green (Advanced cost),Constrained,Constrained,Default,Default,Net Zero by 2050,renewable diesel,2050,48.21858
h3r3b2n1c2p1,Green (Advanced cost),Constrained,Constrained,Default,Constrained,No policy,FT biofuels,2030,32.33553
h3r3b2n1c2p1,Green (Advanced cost),Constrained,Constrained,Default,Constrained,No policy,FT biofuels,2040,32.0199
h3r3b2n1c2p1,Green (Advanced cost),Constrained,Constrained,Default,Constrained,No policy,FT biofuels,2050,31.69675
h3r3b2n1c2p1,Green (Advanced cost),Constrained,Constrained,Default,Constrained,No policy,FT biofuels CCS,2030,36.45902
h3r3b2n1c2p1,Green (Advanced cost),Constrained,Constrained,Default,Constrained,No policy,FT biofuels CCS,2040,36.88468
h3r3b2n1c2p1,Green (Advanced cost),Constrained,Constrained,Default,Constrained,No policy,FT biofuels CCS,2050,37.91082
h3r3b2n1c2p1,Green (Advanced cost),Constrained,Constrained,Default,Constrained,No policy,LNG,2030,10.88096
h3r3b2n1c2p1,Green (Advanced cost),Constrained,Constrained,Default,Constrained,No policy,LNG,2040,10.64779
h3r3b2n1c2p1,Green (Advanced cost),Constrained,Constrained,Default,Constrained,No policy,LNG,2050,11.2738
h3r3b2n1c2p1,Green (Advanced cost),Constrained,Constrained,Default,Constrained,No policy,ammonia,2030,52.47458
h3r3b2n1c2p1,Green (Advanced cost),Constrained,Constrained,Default,Constrained,No policy,ammonia,2040,47.48518
h3r3b2n1c2p1,Green (Advanced cost),Constrained,Constrained,Default,Constrained,No policy,ammonia,2050,42.67856
h3r3b2n1c2p1,Green (Advanced cost),Constrained,Constrained,Default,Constrained,No policy,e-diesel,2030,92.4426
h3r3b2n1c2p1,Green (Advanced cost),Constrained,Constrained,Default,Constrained,No policy,e-diesel,2040,88.31124
h3r3b2n1c2p1,Green (Advanced cost),Constrained,Constrained,Default,Constrained,No policy,e-diesel,2050,84.70466
h3r3b2n1c2p1,Green (Advanced cost),Constrained,Constrained,Default,Constrained,No policy,electricity,2030,41.85776
h3r3b2n1c2p1,Green (Advanced cost),Constrained,Constrained,Default,Constrained,No policy,electricity,2040,40.9545
h3r3b2n1c2p1,Green (Advanced cost),Constrained,Constrained,Default,Constrained,No policy,electricity,2050,40.52244
h3r3b2n1c2p1,Green (Advanced cost),Constrained,Constrained,Default,Constrained,No policy,hydrogen,2030,NA
h3r3b2n1c2p1,Green (Advanced cost),Constrained,Constrained,Default,Constrained,No policy,hydrogen,2040,NA
h3r3b2n1c2p1,Green (Advanced cost),Constrained,Constrained,Default,Constrained,No policy,hydrogen,2050,NA
h3r3b2n1c2p1,Green (Advanced cost),Constrained,Constrained,Default,Constrained,No policy,petroleum diesel,2030,28.42054
h3r3b2n1c2p1,Green (Advanced cost),Constrained,Constrained,Default,Constrained,No policy,petroleum diesel,2040,27.58827
h3r3b2n1c2p1,Green (Advanced cost),Constrained,Constrained,Default,Constrained,No policy,petroleum diesel,2050,26.99311
h3r3b2n1c2p1,Green (Advanced cost),Constrained,Constrained,Default,Constrained,No policy,renewable diesel,2030,56.60632
h3r3b2n1c2p1,Green (Advanced cost),Constrained,Constrained,Default,Constrained,No policy,renewable diesel,2040,49.57214
h3r3b2n1c2p1,Green (Advanced cost),Constrained,Constrained,Default,Constrained,No policy,renewable diesel,2050,50.62512
h3r3b2n1c2p2,Green (Advanced cost),Constrained,Constrained,Default,Constrained,50 Percent by 2050,FT biofuels,2030,30.60987
h3r3b2n1c2p2,Green (Advanced cost),Constrained,Constrained,Default,Constrained,50 Percent by 2050,FT biofuels,2040,29.18738
h3r3b2n1c2p2,Green (Advanced cost),Constrained,Constrained,Default,Constrained,50 Percent by 2050,FT biofuels,2050,30.61645
h3r3b2n1c2p2,Green (Advanced cost),Constrained,Constrained,Default,Constrained,50 Percent by 2050,FT biofuels CCS,2030,30.04979
h3r3b2n1c2p2,Green (Advanced cost),Constrained,Constrained,Default,Constrained,50 Percent by 2050,FT biofuels CCS,2040,27.11412
h3r3b2n1c2p2,Green (Advanced cost),Constrained,Constrained,Default,Constrained,50 Percent by 2050,FT biofuels CCS,2050,26.735
h3r3b2n1c2p2,Green (Advanced cost),Constrained,Constrained,Default,Constrained,50 Percent by 2050,LNG,2030,16.54131
h3r3b2n1c2p2,Green (Advanced cost),Constrained,Constrained,Default,Constrained,50 Percent by 2050,LNG,2040,20.71761
h3r3b2n1c2p2,Green (Advanced cost),Constrained,Constrained,Default,Constrained,50 Percent by 2050,LNG,2050,27.60398
h3r3b2n1c2p2,Green (Advanced cost),Constrained,Constrained,Default,Constrained,50 Percent by 2050,ammonia,2030,53.38734
h3r3b2n1c2p2,Green (Advanced cost),Constrained,Constrained,Default,Constrained,50 Percent by 2050,ammonia,2040,48.3816
h3r3b2n1c2p2,Green (Advanced cost),Constrained,Constrained,Default,Constrained,50 Percent by 2050,ammonia,2050,50.96864
h3r3b2n1c2p2,Green (Advanced cost),Constrained,Constrained,Default,Constrained,50 Percent by 2050,e-diesel,2030,94.72678
h3r3b2n1c2p2,Green (Advanced cost),Constrained,Constrained,Default,Constrained,50 Percent by 2050,e-diesel,2040,91.27714
h3r3b2n1c2p2,Green (Advanced cost),Constrained,Constrained,Default,Constrained,50 Percent by 2050,e-diesel,2050,102.8907
h3r3b2n1c2p2,Green (Advanced cost),Constrained,Constrained,Default,Constrained,50 Percent by 2050,electricity,2030,46.97636
h3r3b2n1c2p2,Green (Advanced cost),Constrained,Constrained,Default,Constrained,50 Percent by 2050,electricity,2040,49.07814
h3r3b2n1c2p2,Green (Advanced cost),Constrained,Constrained,Default,Constrained,50 Percent by 2050,electricity,2050,55.3147
h3r3b2n1c2p2,Green (Advanced cost),Constrained,Constrained,Default,Constrained,50 Percent by 2050,hydrogen,2030,NA
h3r3b2n1c2p2,Green (Advanced cost),Constrained,Constrained,Default,Constrained,50 Percent by 2050,hydrogen,2040,NA
h3r3b2n1c2p2,Green (Advanced cost),Constrained,Constrained,Default,Constrained,50 Percent by 2050,hydrogen,2050,NA
h3r3b2n1c2p2,Green (Advanced cost),Constrained,Constrained,Default,Constrained,50 Percent by 2050,petroleum diesel,2030,32.30354
h3r3b2n1c2p2,Green (Advanced cost),Constrained,Constrained,Default,Constrained,50 Percent by 2050,petroleum diesel,2040,33.59674
h3r3b2n1c2p2,Green (Advanced cost),Constrained,Constrained,Default,Constrained,50 Percent by 2050,petroleum diesel,2050,36.03274
h3r3b2n1c2p2,Green (Advanced cost),Constrained,Constrained,Default,Constrained,50 Percent by 2050,renewable diesel,2030,53.8498
h3r3b2n1c2p2,Green (Advanced cost),Constrained,Constrained,Default,Constrained,50 Percent by 2050,renewable diesel,2040,45.258
h3r3b2n1c2p2,Green (Advanced cost),Constrained,Constrained,Default,Constrained,50 Percent by 2050,renewable diesel,2050,49.43002
h3r3b2n1c2p3,Green (Advanced cost),Constrained,Constrained,Default,Constrained,Net Zero by 2050,FT biofuels,2030,26.25994
h3r3b2n1c2p3,Green (Advanced cost),Constrained,Constrained,Default,Constrained,Net Zero by 2050,FT biofuels,2040,22.57192
h3r3b2n1c2p3,Green (Advanced cost),Constrained,Constrained,Default,Constrained,Net Zero by 2050,FT biofuels,2050,8.51774
h3r3b2n1c2p3,Green (Advanced cost),Constrained,Constrained,Default,Constrained,Net Zero by 2050,FT biofuels CCS,2030,21.25522
h3r3b2n1c2p3,Green (Advanced cost),Constrained,Constrained,Default,Constrained,Net Zero by 2050,FT biofuels CCS,2040,17.94425
h3r3b2n1c2p3,Green (Advanced cost),Constrained,Constrained,Default,Constrained,Net Zero by 2050,FT biofuels CCS,2050,20.81026
h3r3b2n1c2p3,Green (Advanced cost),Constrained,Constrained,Default,Constrained,Net Zero by 2050,LNG,2030,23.20112
h3r3b2n1c2p3,Green (Advanced cost),Constrained,Constrained,Default,Constrained,Net Zero by 2050,LNG,2040,29.77772
h3r3b2n1c2p3,Green (Advanced cost),Constrained,Constrained,Default,Constrained,Net Zero by 2050,LNG,2050,53.34986
h3r3b2n1c2p3,Green (Advanced cost),Constrained,Constrained,Default,Constrained,Net Zero by 2050,ammonia,2030,53.95164
h3r3b2n1c2p3,Green (Advanced cost),Constrained,Constrained,Default,Constrained,Net Zero by 2050,ammonia,2040,48.77376
h3r3b2n1c2p3,Green (Advanced cost),Constrained,Constrained,Default,Constrained,Net Zero by 2050,ammonia,2050,55.9759
h3r3b2n1c2p3,Green (Advanced cost),Constrained,Constrained,Default,Constrained,Net Zero by 2050,e-diesel,2030,94.54552
h3r3b2n1c2p3,Green (Advanced cost),Constrained,Constrained,Default,Constrained,Net Zero by 2050,e-diesel,2040,89.48924
h3r3b2n1c2p3,Green (Advanced cost),Constrained,Constrained,Default,Constrained,Net Zero by 2050,e-diesel,2050,115.88404
h3r3b2n1c2p3,Green (Advanced cost),Constrained,Constrained,Default,Constrained,Net Zero by 2050,electricity,2030,50.26374
h3r3b2n1c2p3,Green (Advanced cost),Constrained,Constrained,Default,Constrained,Net Zero by 2050,electricity,2040,52.3868
h3r3b2n1c2p3,Green (Advanced cost),Constrained,Constrained,Default,Constrained,Net Zero by 2050,electricity,2050,59.47988
h3r3b2n1c2p3,Green (Advanced cost),Constrained,Constrained,Default,Constrained,Net Zero by 2050,hydrogen,2030,NA
h3r3b2n1c2p3,Green (Advanced cost),Constrained,Constrained,Default,Constrained,Net Zero by 2050,hydrogen,2040,NA
h3r3b2n1c2p3,Green (Advanced cost),Constrained,Constrained,Default,Constrained,Net Zero by 2050,hydrogen,2050,NA
h3r3b2n1c2p3,Green (Advanced cost),Constrained,Constrained,Default,Constrained,Net Zero by 2050,petroleum diesel,2030,36.93414
h3r3b2n1c2p3,Green (Advanced cost),Constrained,Constrained,Default,Constrained,Net Zero by 2050,petroleum diesel,2040,39.40761
h3r3b2n1c2p3,Green (Advanced cost),Constrained,Constrained,Default,Constrained,Net Zero by 2050,petroleum diesel,2050,51.57885
h3r3b2n1c2p3,Green (Advanced cost),Constrained,Constrained,Default,Constrained,Net Zero by 2050,renewable diesel,2030,51.59412
h3r3b2n1c2p3,Green (Advanced cost),Constrained,Constrained,Default,Constrained,Net Zero by 2050,renewable diesel,2040,46.45386
h3r3b2n1c2p3,Green (Advanced cost),Constrained,Constrained,Default,Constrained,Net Zero by 2050,renewable diesel,2050,49.11272
h3r3b2n2c1p1,Green (Advanced cost),Constrained,Constrained,Advanced cost,Default,No policy,FT biofuels,2030,32.35487
h3r3b2n2c1p1,Green (Advanced cost),Constrained,Constrained,Advanced cost,Default,No policy,FT biofuels,2040,31.96431
h3r3b2n2c1p1,Green (Advanced cost),Constrained,Constrained,Advanced cost,Default,No policy,FT biofuels,2050,31.69546
h3r3b2n2c1p1,Green (Advanced cost),Constrained,Constrained,Advanced cost,Default,No policy,FT biofuels CCS,2030,36.07276
h3r3b2n2c1p1,Green (Advanced cost),Constrained,Constrained,Advanced cost,Default,No policy,FT biofuels CCS,2040,35.5607
h3r3b2n2c1p1,Green (Advanced cost),Constrained,Constrained,Advanced cost,Default,No policy,FT biofuels CCS,2050,35.34861
h3r3b2n2c1p1,Green (Advanced cost),Constrained,Constrained,Advanced cost,Default,No policy,LNG,2030,10.86545
h3r3b2n2c1p1,Green (Advanced cost),Constrained,Constrained,Advanced cost,Default,No policy,LNG,2040,10.4986
h3r3b2n2c1p1,Green (Advanced cost),Constrained,Constrained,Advanced cost,Default,No policy,LNG,2050,11.0743
h3r3b2n2c1p1,Green (Advanced cost),Constrained,Constrained,Advanced cost,Default,No policy,ammonia,2030,52.44152
h3r3b2n2c1p1,Green (Advanced cost),Constrained,Constrained,Advanced cost,Default,No policy,ammonia,2040,47.41374
h3r3b2n2c1p1,Green (Advanced cost),Constrained,Constrained,Advanced cost,Default,No policy,ammonia,2050,42.5695
h3r3b2n2c1p1,Green (Advanced cost),Constrained,Constrained,Advanced cost,Default,No policy,e-diesel,2030,92.6839
h3r3b2n2c1p1,Green (Advanced cost),Constrained,Constrained,Advanced cost,Default,No policy,e-diesel,2040,85.35142
h3r3b2n2c1p1,Green (Advanced cost),Constrained,Constrained,Advanced cost,Default,No policy,e-diesel,2050,82.1769
h3r3b2n2c1p1,Green (Advanced cost),Constrained,Constrained,Advanced cost,Default,No policy,electricity,2030,42.10134
h3r3b2n2c1p1,Green (Advanced cost),Constrained,Constrained,Advanced cost,Default,No policy,electricity,2040,38.38304
h3r3b2n2c1p1,Green (Advanced cost),Constrained,Constrained,Advanced cost,Default,No policy,electricity,2050,38.38152
h3r3b2n2c1p1,Green (Advanced cost),Constrained,Constrained,Advanced cost,Default,No policy,hydrogen,2030,NA
h3r3b2n2c1p1,Green (Advanced cost),Constrained,Constrained,Advanced cost,Default,No policy,hydrogen,2040,NA
h3r3b2n2c1p1,Green (Advanced cost),Constrained,Constrained,Advanced cost,Default,No policy,hydrogen,2050,NA
h3r3b2n2c1p1,Green (Advanced cost),Constrained,Constrained,Advanced cost,Default,No policy,petroleum diesel,2030,28.41207
h3r3b2n2c1p1,Green (Advanced cost),Constrained,Constrained,Advanced cost,Default,No policy,petroleum diesel,2040,27.30665
h3r3b2n2c1p1,Green (Advanced cost),Constrained,Constrained,Advanced cost,Default,No policy,petroleum diesel,2050,26.63044
h3r3b2n2c1p1,Green (Advanced cost),Constrained,Constrained,Advanced cost,Default,No policy,renewable diesel,2030,56.59226
h3r3b2n2c1p1,Green (Advanced cost),Constrained,Constrained,Advanced cost,Default,No policy,renewable diesel,2040,49.20164
h3r3b2n2c1p1,Green (Advanced cost),Constrained,Constrained,Advanced cost,Default,No policy,renewable diesel,2050,49.82902
h3r3b2n2c1p2,Green (Advanced cost),Constrained,Constrained,Advanced cost,Default,50 Percent by 2050,FT biofuels,2030,31.17125
h3r3b2n2c1p2,Green (Advanced cost),Constrained,Constrained,Advanced cost,Default,50 Percent by 2050,FT biofuels,2040,30.50401
h3r3b2n2c1p2,Green (Advanced cost),Constrained,Constrained,Advanced cost,Default,50 Percent by 2050,FT biofuels,2050,32.38478
h3r3b2n2c1p2,Green (Advanced cost),Constrained,Constrained,Advanced cost,Default,50 Percent by 2050,FT biofuels CCS,2030,30.68764
h3r3b2n2c1p2,Green (Advanced cost),Constrained,Constrained,Advanced cost,Default,50 Percent by 2050,FT biofuels CCS,2040,28.61792
h3r3b2n2c1p2,Green (Advanced cost),Constrained,Constrained,Advanced cost,Default,50 Percent by 2050,FT biofuels CCS,2050,28.39849
h3r3b2n2c1p2,Green (Advanced cost),Constrained,Constrained,Advanced cost,Default,50 Percent by 2050,LNG,2030,15.76878
h3r3b2n2c1p2,Green (Advanced cost),Constrained,Constrained,Advanced cost,Default,50 Percent by 2050,LNG,2040,16.98148
h3r3b2n2c1p2,Green (Advanced cost),Constrained,Constrained,Advanced cost,Default,50 Percent by 2050,LNG,2050,20.45323
h3r3b2n2c1p2,Green (Advanced cost),Constrained,Constrained,Advanced cost,Default,50 Percent by 2050,ammonia,2030,53.22242
h3r3b2n2c1p2,Green (Advanced cost),Constrained,Constrained,Advanced cost,Default,50 Percent by 2050,ammonia,2040,47.97614
h3r3b2n2c1p2,Green (Advanced cost),Constrained,Constrained,Advanced cost,Default,50 Percent by 2050,ammonia,2050,42.85108
h3r3b2n2c1p2,Green (Advanced cost),Constrained,Constrained,Advanced cost,Default,50 Percent by 2050,e-diesel,2030,94.38022
h3r3b2n2c1p2,Green (Advanced cost),Constrained,Constrained,Advanced cost,Default,50 Percent by 2050,e-diesel,2040,84.42156
h3r3b2n2c1p2,Green (Advanced cost),Constrained,Constrained,Advanced cost,Default,50 Percent by 2050,e-diesel,2050,80.21268
h3r3b2n2c1p2,Green (Advanced cost),Constrained,Constrained,Advanced cost,Default,50 Percent by 2050,electricity,2030,46.29426
h3r3b2n2c1p2,Green (Advanced cost),Constrained,Constrained,Advanced cost,Default,50 Percent by 2050,electricity,2040,41.16616
h3r3b2n2c1p2,Green (Advanced cost),Constrained,Constrained,Advanced cost,Default,50 Percent by 2050,electricity,2050,41.88284
h3r3b2n2c1p2,Green (Advanced cost),Constrained,Constrained,Advanced cost,Default,50 Percent by 2050,hydrogen,2030,NA
h3r3b2n2c1p2,Green (Advanced cost),Constrained,Constrained,Advanced cost,Default,50 Percent by 2050,hydrogen,2040,NA
h3r3b2n2c1p2,Green (Advanced cost),Constrained,Constrained,Advanced cost,Default,50 Percent by 2050,hydrogen,2050,NA
h3r3b2n2c1p2,Green (Advanced cost),Constrained,Constrained,Advanced cost,Default,50 Percent by 2050,petroleum diesel,2030,31.75384
h3r3b2n2c1p2,Green (Advanced cost),Constrained,Constrained,Advanced cost,Default,50 Percent by 2050,petroleum diesel,2040,30.97188
h3r3b2n2c1p2,Green (Advanced cost),Constrained,Constrained,Advanced cost,Default,50 Percent by 2050,petroleum diesel,2050,31.27656
h3r3b2n2c1p2,Green (Advanced cost),Constrained,Constrained,Advanced cost,Default,50 Percent by 2050,renewable diesel,2030,54.20966
h3r3b2n2c1p2,Green (Advanced cost),Constrained,Constrained,Advanced cost,Default,50 Percent by 2050,renewable diesel,2040,46.06208
h3r3b2n2c1p2,Green (Advanced cost),Constrained,Constrained,Advanced cost,Default,50 Percent by 2050,renewable diesel,2050,48.1099
h3r3b2n2c1p3,Green (Advanced cost),Constrained,Constrained,Advanced cost,Default,Net Zero by 2050,FT biofuels,2030,26.92053
h3r3b2n2c1p3,Green (Advanced cost),Constrained,Constrained,Advanced cost,Default,Net Zero by 2050,FT biofuels,2040,25.70506
h3r3b2n2c1p3,Green (Advanced cost),Constrained,Constrained,Advanced cost,Default,Net Zero by 2050,FT biofuels,2050,21.32925
h3r3b2n2c1p3,Green (Advanced cost),Constrained,Constrained,Advanced cost,Default,Net Zero by 2050,FT biofuels CCS,2030,20.93444
h3r3b2n2c1p3,Green (Advanced cost),Constrained,Constrained,Advanced cost,Default,Net Zero by 2050,FT biofuels CCS,2040,18.29794
h3r3b2n2c1p3,Green (Advanced cost),Constrained,Constrained,Advanced cost,Default,Net Zero by 2050,FT biofuels CCS,2050,8.12966
h3r3b2n2c1p3,Green (Advanced cost),Constrained,Constrained,Advanced cost,Default,Net Zero by 2050,LNG,2030,22.06188
h3r3b2n2c1p3,Green (Advanced cost),Constrained,Constrained,Advanced cost,Default,Net Zero by 2050,LNG,2040,23.6616
h3r3b2n2c1p3,Green (Advanced cost),Constrained,Constrained,Advanced cost,Default,Net Zero by 2050,LNG,2050,31.26445
h3r3b2n2c1p3,Green (Advanced cost),Constrained,Constrained,Advanced cost,Default,Net Zero by 2050,ammonia,2030,53.7415
h3r3b2n2c1p3,Green (Advanced cost),Constrained,Constrained,Advanced cost,Default,Net Zero by 2050,ammonia,2040,48.26988
h3r3b2n2c1p3,Green (Advanced cost),Constrained,Constrained,Advanced cost,Default,Net Zero by 2050,ammonia,2050,45.85764
h3r3b2n2c1p3,Green (Advanced cost),Constrained,Constrained,Advanced cost,Default,Net Zero by 2050,e-diesel,2030,93.43706
h3r3b2n2c1p3,Green (Advanced cost),Constrained,Constrained,Advanced cost,Default,Net Zero by 2050,e-diesel,2040,80.84082
h3r3b2n2c1p3,Green (Advanced cost),Constrained,Constrained,Advanced cost,Default,Net Zero by 2050,e-diesel,2050,78.18462
h3r3b2n2c1p3,Green (Advanced cost),Constrained,Constrained,Advanced cost,Default,Net Zero by 2050,electricity,2030,48.83152
h3r3b2n2c1p3,Green (Advanced cost),Constrained,Constrained,Advanced cost,Default,Net Zero by 2050,electricity,2040,41.65408
h3r3b2n2c1p3,Green (Advanced cost),Constrained,Constrained,Advanced cost,Default,Net Zero by 2050,electricity,2050,42.7842
h3r3b2n2c1p3,Green (Advanced cost),Constrained,Constrained,Advanced cost,Default,Net Zero by 2050,hydrogen,2030,NA
h3r3b2n2c1p3,Green (Advanced cost),Constrained,Constrained,Advanced cost,Default,Net Zero by 2050,hydrogen,2040,NA
h3r3b2n2c1p3,Green (Advanced cost),Constrained,Constrained,Advanced cost,Default,Net Zero by 2050,hydrogen,2050,NA
h3r3b2n2c1p3,Green (Advanced cost),Constrained,Constrained,Advanced cost,Default,Net Zero by 2050,petroleum diesel,2030,36.18719
h3r3b2n2c1p3,Green (Advanced cost),Constrained,Constrained,Advanced cost,Default,Net Zero by 2050,petroleum diesel,2040,35.39405
h3r3b2n2c1p3,Green (Advanced cost),Constrained,Constrained,Advanced cost,Default,Net Zero by 2050,petroleum diesel,2050,37.74468
h3r3b2n2c1p3,Green (Advanced cost),Constrained,Constrained,Advanced cost,Default,Net Zero by 2050,renewable diesel,2030,52.10332
h3r3b2n2c1p3,Green (Advanced cost),Constrained,Constrained,Advanced cost,Default,Net Zero by 2050,renewable diesel,2040,46.38546
h3r3b2n2c1p3,Green (Advanced cost),Constrained,Constrained,Advanced cost,Default,Net Zero by 2050,renewable diesel,2050,45.15084
h3r3b2n2c2p1,Green (Advanced cost),Constrained,Constrained,Advanced cost,Constrained,No policy,FT biofuels,2030,32.32523
h3r3b2n2c2p1,Green (Advanced cost),Constrained,Constrained,Advanced cost,Constrained,No policy,FT biofuels,2040,31.88432
h3r3b2n2c2p1,Green (Advanced cost),Constrained,Constrained,Advanced cost,Constrained,No policy,FT biofuels,2050,31.46605
h3r3b2n2c2p1,Green (Advanced cost),Constrained,Constrained,Advanced cost,Constrained,No policy,FT biofuels CCS,2030,36.44507
h3r3b2n2c2p1,Green (Advanced cost),Constrained,Constrained,Advanced cost,Constrained,No policy,FT biofuels CCS,2040,36.70646
h3r3b2n2c2p1,Green (Advanced cost),Constrained,Constrained,Advanced cost,Constrained,No policy,FT biofuels CCS,2050,37.58526
h3r3b2n2c2p1,Green (Advanced cost),Constrained,Constrained,Advanced cost,Constrained,No policy,LNG,2030,10.86553
h3r3b2n2c2p1,Green (Advanced cost),Constrained,Constrained,Advanced cost,Constrained,No policy,LNG,2040,10.49925
h3r3b2n2c2p1,Green (Advanced cost),Constrained,Constrained,Advanced cost,Constrained,No policy,LNG,2050,11.077
h3r3b2n2c2p1,Green (Advanced cost),Constrained,Constrained,Advanced cost,Constrained,No policy,ammonia,2030,52.4419
h3r3b2n2c2p1,Green (Advanced cost),Constrained,Constrained,Advanced cost,Constrained,No policy,ammonia,2040,47.41526
h3r3b2n2c2p1,Green (Advanced cost),Constrained,Constrained,Advanced cost,Constrained,No policy,ammonia,2050,42.57254
h3r3b2n2c2p1,Green (Advanced cost),Constrained,Constrained,Advanced cost,Constrained,No policy,e-diesel,2030,92.67174
h3r3b2n2c2p1,Green (Advanced cost),Constrained,Constrained,Advanced cost,Constrained,No policy,e-diesel,2040,85.33166
h3r3b2n2c2p1,Green (Advanced cost),Constrained,Constrained,Advanced cost,Constrained,No policy,e-diesel,2050,82.13928
h3r3b2n2c2p1,Green (Advanced cost),Constrained,Constrained,Advanced cost,Constrained,No policy,electricity,2030,42.09032
h3r3b2n2c2p1,Green (Advanced cost),Constrained,Constrained,Advanced cost,Constrained,No policy,electricity,2040,38.36404
h3r3b2n2c2p1,Green (Advanced cost),Constrained,Constrained,Advanced cost,Constrained,No policy,electricity,2050,38.34504
h3r3b2n2c2p1,Green (Advanced cost),Constrained,Constrained,Advanced cost,Constrained,No policy,hydrogen,2030,NA
h3r3b2n2c2p1,Green (Advanced cost),Constrained,Constrained,Advanced cost,Constrained,No policy,hydrogen,2040,NA
h3r3b2n2c2p1,Green (Advanced cost),Constrained,Constrained,Advanced cost,Constrained,No policy,hydrogen,2050,NA
h3r3b2n2c2p1,Green (Advanced cost),Constrained,Constrained,Advanced cost,Constrained,No policy,petroleum diesel,2030,28.41591
h3r3b2n2c2p1,Green (Advanced cost),Constrained,Constrained,Advanced cost,Constrained,No policy,petroleum diesel,2040,27.35004
h3r3b2n2c2p1,Green (Advanced cost),Constrained,Constrained,Advanced cost,Constrained,No policy,petroleum diesel,2050,26.7376
h3r3b2n2c2p1,Green (Advanced cost),Constrained,Constrained,Advanced cost,Constrained,No policy,renewable diesel,2030,56.60784
h3r3b2n2c2p1,Green (Advanced cost),Constrained,Constrained,Advanced cost,Constrained,No policy,renewable diesel,2040,49.28372
h3r3b2n2c2p1,Green (Advanced cost),Constrained,Constrained,Advanced cost,Constrained,No policy,renewable diesel,2050,50.21434
h3r3b2n2c2p2,Green (Advanced cost),Constrained,Constrained,Advanced cost,Constrained,50 Percent by 2050,FT biofuels,2030,30.88819
h3r3b2n2c2p2,Green (Advanced cost),Constrained,Constrained,Advanced cost,Constrained,50 Percent by 2050,FT biofuels,2040,29.82628
h3r3b2n2c2p2,Green (Advanced cost),Constrained,Constrained,Advanced cost,Constrained,50 Percent by 2050,FT biofuels,2050,30.50017
h3r3b2n2c2p2,Green (Advanced cost),Constrained,Constrained,Advanced cost,Constrained,50 Percent by 2050,FT biofuels CCS,2030,30.80129
h3r3b2n2c2p2,Green (Advanced cost),Constrained,Constrained,Advanced cost,Constrained,50 Percent by 2050,FT biofuels CCS,2040,29.53676
h3r3b2n2c2p2,Green (Advanced cost),Constrained,Constrained,Advanced cost,Constrained,50 Percent by 2050,FT biofuels CCS,2050,30.16092
h3r3b2n2c2p2,Green (Advanced cost),Constrained,Constrained,Advanced cost,Constrained,50 Percent by 2050,LNG,2030,15.91909
h3r3b2n2c2p2,Green (Advanced cost),Constrained,Constrained,Advanced cost,Constrained,50 Percent by 2050,LNG,2040,17.48453
h3r3b2n2c2p2,Green (Advanced cost),Constrained,Constrained,Advanced cost,Constrained,50 Percent by 2050,LNG,2050,21.65914
h3r3b2n2c2p2,Green (Advanced cost),Constrained,Constrained,Advanced cost,Constrained,50 Percent by 2050,ammonia,2030,53.27448
h3r3b2n2c2p2,Green (Advanced cost),Constrained,Constrained,Advanced cost,Constrained,50 Percent by 2050,ammonia,2040,48.04606
h3r3b2n2c2p2,Green (Advanced cost),Constrained,Constrained,Advanced cost,Constrained,50 Percent by 2050,ammonia,2050,42.89858
h3r3b2n2c2p2,Green (Advanced cost),Constrained,Constrained,Advanced cost,Constrained,50 Percent by 2050,e-diesel,2030,94.3711
h3r3b2n2c2p2,Green (Advanced cost),Constrained,Constrained,Advanced cost,Constrained,50 Percent by 2050,e-diesel,2040,84.28286
h3r3b2n2c2p2,Green (Advanced cost),Constrained,Constrained,Advanced cost,Constrained,50 Percent by 2050,e-diesel,2050,79.77188
h3r3b2n2c2p2,Green (Advanced cost),Constrained,Constrained,Advanced cost,Constrained,50 Percent by 2050,electricity,2030,46.37102
h3r3b2n2c2p2,Green (Advanced cost),Constrained,Constrained,Advanced cost,Constrained,50 Percent by 2050,electricity,2040,41.33146
h3r3b2n2c2p2,Green (Advanced cost),Constrained,Constrained,Advanced cost,Constrained,50 Percent by 2050,electricity,2050,42.17354
h3r3b2n2c2p2,Green (Advanced cost),Constrained,Constrained,Advanced cost,Constrained,50 Percent by 2050,hydrogen,2030,NA
h3r3b2n2c2p2,Green (Advanced cost),Constrained,Constrained,Advanced cost,Constrained,50 Percent by 2050,hydrogen,2040,NA
h3r3b2n2c2p2,Green (Advanced cost),Constrained,Constrained,Advanced cost,Constrained,50 Percent by 2050,hydrogen,2050,NA
h3r3b2n2c2p2,Green (Advanced cost),Constrained,Constrained,Advanced cost,Constrained,50 Percent by 2050,petroleum diesel,2030,31.86903
h3r3b2n2c2p2,Green (Advanced cost),Constrained,Constrained,Advanced cost,Constrained,50 Percent by 2050,petroleum diesel,2040,31.28663
h3r3b2n2c2p2,Green (Advanced cost),Constrained,Constrained,Advanced cost,Constrained,50 Percent by 2050,petroleum diesel,2050,31.94194
h3r3b2n2c2p2,Green (Advanced cost),Constrained,Constrained,Advanced cost,Constrained,50 Percent by 2050,renewable diesel,2030,54.1329
h3r3b2n2c2p2,Green (Advanced cost),Constrained,Constrained,Advanced cost,Constrained,50 Percent by 2050,renewable diesel,2040,45.82344
h3r3b2n2c2p2,Green (Advanced cost),Constrained,Constrained,Advanced cost,Constrained,50 Percent by 2050,renewable diesel,2050,47.76448
h3r3b2n2c2p3,Green (Advanced cost),Constrained,Constrained,Advanced cost,Constrained,Net Zero by 2050,FT biofuels,2030,26.36379
h3r3b2n2c2p3,Green (Advanced cost),Constrained,Constrained,Advanced cost,Constrained,Net Zero by 2050,FT biofuels,2040,23.42293
h3r3b2n2c2p3,Green (Advanced cost),Constrained,Constrained,Advanced cost,Constrained,Net Zero by 2050,FT biofuels,2050,11.78095
h3r3b2n2c2p3,Green (Advanced cost),Constrained,Constrained,Advanced cost,Constrained,Net Zero by 2050,FT biofuels CCS,2030,21.51905
h3r3b2n2c2p3,Green (Advanced cost),Constrained,Constrained,Advanced cost,Constrained,Net Zero by 2050,FT biofuels CCS,2040,19.40496
h3r3b2n2c2p3,Green (Advanced cost),Constrained,Constrained,Advanced cost,Constrained,Net Zero by 2050,FT biofuels CCS,2050,18.63368
h3r3b2n2c2p3,Green (Advanced cost),Constrained,Constrained,Advanced cost,Constrained,Net Zero by 2050,LNG,2030,22.59018
h3r3b2n2c2p3,Green (Advanced cost),Constrained,Constrained,Advanced cost,Constrained,Net Zero by 2050,LNG,2040,26.12896
h3r3b2n2c2p3,Green (Advanced cost),Constrained,Constrained,Advanced cost,Constrained,Net Zero by 2050,LNG,2050,46.08892
h3r3b2n2c2p3,Green (Advanced cost),Constrained,Constrained,Advanced cost,Constrained,Net Zero by 2050,ammonia,2030,53.8156
h3r3b2n2c2p3,Green (Advanced cost),Constrained,Constrained,Advanced cost,Constrained,Net Zero by 2050,ammonia,2040,48.44468
h3r3b2n2c2p3,Green (Advanced cost),Constrained,Constrained,Advanced cost,Constrained,Net Zero by 2050,ammonia,2050,54.19028
h3r3b2n2c2p3,Green (Advanced cost),Constrained,Constrained,Advanced cost,Constrained,Net Zero by 2050,e-diesel,2030,93.40362
h3r3b2n2c2p3,Green (Advanced cost),Constrained,Constrained,Advanced cost,Constrained,Net Zero by 2050,e-diesel,2040,79.1996
h3r3b2n2c2p3,Green (Advanced cost),Constrained,Constrained,Advanced cost,Constrained,Net Zero by 2050,e-diesel,2050,86.59554
h3r3b2n2c2p3,Green (Advanced cost),Constrained,Constrained,Advanced cost,Constrained,Net Zero by 2050,electricity,2030,49.1017
h3r3b2n2c2p3,Green (Advanced cost),Constrained,Constrained,Advanced cost,Constrained,Net Zero by 2050,electricity,2040,41.65104
h3r3b2n2c2p3,Green (Advanced cost),Constrained,Constrained,Advanced cost,Constrained,Net Zero by 2050,electricity,2050,43.1509
h3r3b2n2c2p3,Green (Advanced cost),Constrained,Constrained,Advanced cost,Constrained,Net Zero by 2050,hydrogen,2030,NA
h3r3b2n2c2p3,Green (Advanced cost),Constrained,Constrained,Advanced cost,Constrained,Net Zero by 2050,hydrogen,2040,NA
h3r3b2n2c2p3,Green (Advanced cost),Constrained,Constrained,Advanced cost,Constrained,Net Zero by 2050,hydrogen,2050,NA
h3r3b2n2c2p3,Green (Advanced cost),Constrained,Constrained,Advanced cost,Constrained,Net Zero by 2050,petroleum diesel,2030,36.64987
h3r3b2n2c2p3,Green (Advanced cost),Constrained,Constrained,Advanced cost,Constrained,Net Zero by 2050,petroleum diesel,2040,37.48824
h3r3b2n2c2p3,Green (Advanced cost),Constrained,Constrained,Advanced cost,Constrained,Net Zero by 2050,petroleum diesel,2050,47.33492
h3r3b2n2c2p3,Green (Advanced cost),Constrained,Constrained,Advanced cost,Constrained,Net Zero by 2050,renewable diesel,2030,51.53826
h3r3b2n2c2p3,Green (Advanced cost),Constrained,Constrained,Advanced cost,Constrained,Net Zero by 2050,renewable diesel,2040,44.52498
h3r3b2n2c2p3,Green (Advanced cost),Constrained,Constrained,Advanced cost,Constrained,Net Zero by 2050,renewable diesel,2050,44.36158
h4r1b1n1c1p1,Blue,Default,Default,Default,Default,No policy,FT biofuels,2030,32.14477
h4r1b1n1c1p1,Blue,Default,Default,Default,Default,No policy,FT biofuels,2040,31.84981
h4r1b1n1c1p1,Blue,Default,Default,Default,Default,No policy,FT biofuels,2050,31.4396
h4r1b1n1c1p1,Blue,Default,Default,Default,Default,No policy,FT biofuels CCS,2030,35.87506
h4r1b1n1c1p1,Blue,Default,Default,Default,Default,No policy,FT biofuels CCS,2040,35.56095
h4r1b1n1c1p1,Blue,Default,Default,Default,Default,No policy,FT biofuels CCS,2050,35.3276
h4r1b1n1c1p1,Blue,Default,Default,Default,Default,No policy,LNG,2030,10.90155
h4r1b1n1c1p1,Blue,Default,Default,Default,Default,No policy,LNG,2040,10.74674
h4r1b1n1c1p1,Blue,Default,Default,Default,Default,No policy,LNG,2050,11.41725
h4r1b1n1c1p1,Blue,Default,Default,Default,Default,No policy,ammonia,2030,45.42254
h4r1b1n1c1p1,Blue,Default,Default,Default,Default,No policy,ammonia,2040,44.49686
h4r1b1n1c1p1,Blue,Default,Default,Default,Default,No policy,ammonia,2050,44.38096
h4r1b1n1c1p1,Blue,Default,Default,Default,Default,No policy,e-diesel,2030,83.2466
h4r1b1n1c1p1,Blue,Default,Default,Default,Default,No policy,e-diesel,2040,80.47526
h4r1b1n1c1p1,Blue,Default,Default,Default,Default,No policy,e-diesel,2050,80.23472
h4r1b1n1c1p1,Blue,Default,Default,Default,Default,No policy,electricity,2030,40.58058
h4r1b1n1c1p1,Blue,Default,Default,Default,Default,No policy,electricity,2040,39.29694
h4r1b1n1c1p1,Blue,Default,Default,Default,Default,No policy,electricity,2050,38.60876
h4r1b1n1c1p1,Blue,Default,Default,Default,Default,No policy,hydrogen,2030,NA
h4r1b1n1c1p1,Blue,Default,Default,Default,Default,No policy,hydrogen,2040,NA
h4r1b1n1c1p1,Blue,Default,Default,Default,Default,No policy,hydrogen,2050,NA
h4r1b1n1c1p1,Blue,Default,Default,Default,Default,No policy,petroleum diesel,2030,28.26957
h4r1b1n1c1p1,Blue,Default,Default,Default,Default,No policy,petroleum diesel,2040,27.20716
h4r1b1n1c1p1,Blue,Default,Default,Default,Default,No policy,petroleum diesel,2050,26.60566
h4r1b1n1c1p1,Blue,Default,Default,Default,Default,No policy,renewable diesel,2030,55.81364
h4r1b1n1c1p1,Blue,Default,Default,Default,Default,No policy,renewable diesel,2040,48.70422
h4r1b1n1c1p1,Blue,Default,Default,Default,Default,No policy,renewable diesel,2050,49.48284
h4r1b1n1c1p2,Blue,Default,Default,Default,Default,50 Percent by 2050,FT biofuels,2030,31.14127
h4r1b1n1c1p2,Blue,Default,Default,Default,Default,50 Percent by 2050,FT biofuels,2040,29.30104
h4r1b1n1c1p2,Blue,Default,Default,Default,Default,50 Percent by 2050,FT biofuels,2050,32.07926
h4r1b1n1c1p2,Blue,Default,Default,Default,Default,50 Percent by 2050,FT biofuels CCS,2030,31.15108
h4r1b1n1c1p2,Blue,Default,Default,Default,Default,50 Percent by 2050,FT biofuels CCS,2040,26.14436
h4r1b1n1c1p2,Blue,Default,Default,Default,Default,50 Percent by 2050,FT biofuels CCS,2050,26.90943
h4r1b1n1c1p2,Blue,Default,Default,Default,Default,50 Percent by 2050,LNG,2030,15.23916
h4r1b1n1c1p2,Blue,Default,Default,Default,Default,50 Percent by 2050,LNG,2040,19.02038
h4r1b1n1c1p2,Blue,Default,Default,Default,Default,50 Percent by 2050,LNG,2050,22.45812
h4r1b1n1c1p2,Blue,Default,Default,Default,Default,50 Percent by 2050,ammonia,2030,46.14986
h4r1b1n1c1p2,Blue,Default,Default,Default,Default,50 Percent by 2050,ammonia,2040,45.52286
h4r1b1n1c1p2,Blue,Default,Default,Default,Default,50 Percent by 2050,ammonia,2050,45.58518
h4r1b1n1c1p2,Blue,Default,Default,Default,Default,50 Percent by 2050,e-diesel,2030,84.85628
h4r1b1n1c1p2,Blue,Default,Default,Default,Default,50 Percent by 2050,e-diesel,2040,82.79516
h4r1b1n1c1p2,Blue,Default,Default,Default,Default,50 Percent by 2050,e-diesel,2050,82.20198
h4r1b1n1c1p2,Blue,Default,Default,Default,Default,50 Percent by 2050,electricity,2030,44.02908
h4r1b1n1c1p2,Blue,Default,Default,Default,Default,50 Percent by 2050,electricity,2040,45.42748
h4r1b1n1c1p2,Blue,Default,Default,Default,Default,50 Percent by 2050,electricity,2050,46.02826
h4r1b1n1c1p2,Blue,Default,Default,Default,Default,50 Percent by 2050,hydrogen,2030,NA
h4r1b1n1c1p2,Blue,Default,Default,Default,Default,50 Percent by 2050,hydrogen,2040,NA
h4r1b1n1c1p2,Blue,Default,Default,Default,Default,50 Percent by 2050,hydrogen,2050,NA
h4r1b1n1c1p2,Blue,Default,Default,Default,Default,50 Percent by 2050,petroleum diesel,2030,31.26144
h4r1b1n1c1p2,Blue,Default,Default,Default,Default,50 Percent by 2050,petroleum diesel,2040,32.1033
h4r1b1n1c1p2,Blue,Default,Default,Default,Default,50 Percent by 2050,petroleum diesel,2050,32.19815
h4r1b1n1c1p2,Blue,Default,Default,Default,Default,50 Percent by 2050,renewable diesel,2030,53.67956
h4r1b1n1c1p2,Blue,Default,Default,Default,Default,50 Percent by 2050,renewable diesel,2040,45.18314
h4r1b1n1c1p2,Blue,Default,Default,Default,Default,50 Percent by 2050,renewable diesel,2050,48.11674
h4r1b1n1c1p3,Blue,Default,Default,Default,Default,Net Zero by 2050,FT biofuels,2030,26.82914
h4r1b1n1c1p3,Blue,Default,Default,Default,Default,Net Zero by 2050,FT biofuels,2040,25.01555
h4r1b1n1c1p3,Blue,Default,Default,Default,Default,Net Zero by 2050,FT biofuels,2050,19.31694
h4r1b1n1c1p3,Blue,Default,Default,Default,Default,Net Zero by 2050,FT biofuels CCS,2030,21.13281
h4r1b1n1c1p3,Blue,Default,Default,Default,Default,Net Zero by 2050,FT biofuels CCS,2040,16.9081
h4r1b1n1c1p3,Blue,Default,Default,Default,Default,Net Zero by 2050,FT biofuels CCS,2050,4.61262
h4r1b1n1c1p3,Blue,Default,Default,Default,Default,Net Zero by 2050,LNG,2030,21.90708
h4r1b1n1c1p3,Blue,Default,Default,Default,Default,Net Zero by 2050,LNG,2040,24.9346
h4r1b1n1c1p3,Blue,Default,Default,Default,Default,Net Zero by 2050,LNG,2050,33.66309
h4r1b1n1c1p3,Blue,Default,Default,Default,Default,Net Zero by 2050,ammonia,2030,46.37558
h4r1b1n1c1p3,Blue,Default,Default,Default,Default,Net Zero by 2050,ammonia,2040,45.72616
h4r1b1n1c1p3,Blue,Default,Default,Default,Default,Net Zero by 2050,ammonia,2050,45.8679
h4r1b1n1c1p3,Blue,Default,Default,Default,Default,Net Zero by 2050,e-diesel,2030,85.1922
h4r1b1n1c1p3,Blue,Default,Default,Default,Default,Net Zero by 2050,e-diesel,2040,82.08114
h4r1b1n1c1p3,Blue,Default,Default,Default,Default,Net Zero by 2050,e-diesel,2050,78.04252
h4r1b1n1c1p3,Blue,Default,Default,Default,Default,Net Zero by 2050,electricity,2030,47.481
h4r1b1n1c1p3,Blue,Default,Default,Default,Default,Net Zero by 2050,electricity,2040,47.766
h4r1b1n1c1p3,Blue,Default,Default,Default,Default,Net Zero by 2050,electricity,2050,48.1669
h4r1b1n1c1p3,Blue,Default,Default,Default,Default,Net Zero by 2050,hydrogen,2030,NA
h4r1b1n1c1p3,Blue,Default,Default,Default,Default,Net Zero by 2050,hydrogen,2040,NA
h4r1b1n1c1p3,Blue,Default,Default,Default,Default,Net Zero by 2050,hydrogen,2050,NA
h4r1b1n1c1p3,Blue,Default,Default,Default,Default,Net Zero by 2050,petroleum diesel,2030,35.91576
h4r1b1n1c1p3,Blue,Default,Default,Default,Default,Net Zero by 2050,petroleum diesel,2040,35.4975
h4r1b1n1c1p3,Blue,Default,Default,Default,Default,Net Zero by 2050,petroleum diesel,2050,39.14103
h4r1b1n1c1p3,Blue,Default,Default,Default,Default,Net Zero by 2050,renewable diesel,2030,51.45504
h4r1b1n1c1p3,Blue,Default,Default,Default,Default,Net Zero by 2050,renewable diesel,2040,47.7527
h4r1b1n1c1p3,Blue,Default,Default,Default,Default,Net Zero by 2050,renewable diesel,2050,45.45638
h4r1b1n1c2p1,Blue,Default,Default,Default,Constrained,No policy,FT biofuels,2030,32.13455
h4r1b1n1c2p1,Blue,Default,Default,Default,Constrained,No policy,FT biofuels,2040,31.81858
h4r1b1n1c2p1,Blue,Default,Default,Default,Constrained,No policy,FT biofuels,2050,31.33681
h4r1b1n1c2p1,Blue,Default,Default,Default,Constrained,No policy,FT biofuels CCS,2030,36.48827
h4r1b1n1c2p1,Blue,Default,Default,Default,Constrained,No policy,FT biofuels CCS,2040,37.71657
h4r1b1n1c2p1,Blue,Default,Default,Default,Constrained,No policy,FT biofuels CCS,2050,39.64973
h4r1b1n1c2p1,Blue,Default,Default,Default,Constrained,No policy,LNG,2030,10.90171
h4r1b1n1c2p1,Blue,Default,Default,Default,Constrained,No policy,LNG,2040,10.74154
h4r1b1n1c2p1,Blue,Default,Default,Default,Constrained,No policy,LNG,2050,11.4046
h4r1b1n1c2p1,Blue,Default,Default,Default,Constrained,No policy,ammonia,2030,46.61916
h4r1b1n1c2p1,Blue,Default,Default,Default,Constrained,No policy,ammonia,2040,47.3195
h4r1b1n1c2p1,Blue,Default,Default,Default,Constrained,No policy,ammonia,2050,48.70346
h4r1b1n1c2p1,Blue,Default,Default,Default,Constrained,No policy,e-diesel,2030,83.62812
h4r1b1n1c2p1,Blue,Default,Default,Default,Constrained,No policy,e-diesel,2040,81.8197
h4r1b1n1c2p1,Blue,Default,Default,Default,Constrained,No policy,e-diesel,2050,82.97414
h4r1b1n1c2p1,Blue,Default,Default,Default,Constrained,No policy,electricity,2030,40.56576
h4r1b1n1c2p1,Blue,Default,Default,Default,Constrained,No policy,electricity,2040,39.24944
h4r1b1n1c2p1,Blue,Default,Default,Default,Constrained,No policy,electricity,2050,38.5339
h4r1b1n1c2p1,Blue,Default,Default,Default,Constrained,No policy,hydrogen,2030,NA
h4r1b1n1c2p1,Blue,Default,Default,Default,Constrained,No policy,hydrogen,2040,NA
h4r1b1n1c2p1,Blue,Default,Default,Default,Constrained,No policy,hydrogen,2050,NA
h4r1b1n1c2p1,Blue,Default,Default,Default,Constrained,No policy,petroleum diesel,2030,28.27964
h4r1b1n1c2p1,Blue,Default,Default,Default,Constrained,No policy,petroleum diesel,2040,27.31505
h4r1b1n1c2p1,Blue,Default,Default,Default,Constrained,No policy,petroleum diesel,2050,26.82333
h4r1b1n1c2p1,Blue,Default,Default,Default,Constrained,No policy,renewable diesel,2030,55.87368
h4r1b1n1c2p1,Blue,Default,Default,Default,Constrained,No policy,renewable diesel,2040,48.98314
h4r1b1n1c2p1,Blue,Default,Default,Default,Constrained,No policy,renewable diesel,2050,50.50276
h4r1b1n1c2p3,Blue,Default,Default,Default,Constrained,Net Zero by 2050,FT biofuels,2030,26.26385
h4r1b1n1c2p3,Blue,Default,Default,Default,Constrained,Net Zero by 2050,FT biofuels,2040,21.47817
h4r1b1n1c2p3,Blue,Default,Default,Default,Constrained,Net Zero by 2050,FT biofuels,2050,8.39637
h4r1b1n1c2p3,Blue,Default,Default,Default,Constrained,Net Zero by 2050,FT biofuels CCS,2030,21.8228
h4r1b1n1c2p3,Blue,Default,Default,Default,Constrained,Net Zero by 2050,FT biofuels CCS,2040,18.1848
h4r1b1n1c2p3,Blue,Default,Default,Default,Constrained,Net Zero by 2050,FT biofuels CCS,2050,21.56909
h4r1b1n1c2p3,Blue,Default,Default,Default,Constrained,Net Zero by 2050,LNG,2030,22.56247
h4r1b1n1c2p3,Blue,Default,Default,Default,Constrained,Net Zero by 2050,LNG,2040,30.11843
h4r1b1n1c2p3,Blue,Default,Default,Default,Constrained,Net Zero by 2050,LNG,2050,51.66791
h4r1b1n1c2p3,Blue,Default,Default,Default,Constrained,Net Zero by 2050,ammonia,2030,48.5165
h4r1b1n1c2p3,Blue,Default,Default,Default,Constrained,Net Zero by 2050,ammonia,2040,53.42192
h4r1b1n1c2p3,Blue,Default,Default,Default,Constrained,Net Zero by 2050,ammonia,2050,60.60962
h4r1b1n1c2p3,Blue,Default,Default,Default,Constrained,Net Zero by 2050,e-diesel,2030,86.48838
h4r1b1n1c2p3,Blue,Default,Default,Default,Constrained,Net Zero by 2050,e-diesel,2040,88.01484
h4r1b1n1c2p3,Blue,Default,Default,Default,Constrained,Net Zero by 2050,e-diesel,2050,98.6423
h4r1b1n1c2p3,Blue,Default,Default,Default,Constrained,Net Zero by 2050,electricity,2030,47.89558
h4r1b1n1c2p3,Blue,Default,Default,Default,Constrained,Net Zero by 2050,electricity,2040,50.36558
h4r1b1n1c2p3,Blue,Default,Default,Default,Constrained,Net Zero by 2050,electricity,2050,51.72864
h4r1b1n1c2p3,Blue,Default,Default,Default,Constrained,Net Zero by 2050,hydrogen,2030,NA
h4r1b1n1c2p3,Blue,Default,Default,Default,Constrained,Net Zero by 2050,hydrogen,2040,NA
h4r1b1n1c2p3,Blue,Default,Default,Default,Constrained,Net Zero by 2050,hydrogen,2050,NA
h4r1b1n1c2p3,Blue,Default,Default,Default,Constrained,Net Zero by 2050,petroleum diesel,2030,36.43527
h4r1b1n1c2p3,Blue,Default,Default,Default,Constrained,Net Zero by 2050,petroleum diesel,2040,39.47271
h4r1b1n1c2p3,Blue,Default,Default,Default,Constrained,Net Zero by 2050,petroleum diesel,2050,50.19949
h4r1b1n1c2p3,Blue,Default,Default,Default,Constrained,Net Zero by 2050,renewable diesel,2030,50.96066
h4r1b1n1c2p3,Blue,Default,Default,Default,Constrained,Net Zero by 2050,renewable diesel,2040,45.9306
h4r1b1n1c2p3,Blue,Default,Default,Default,Constrained,Net Zero by 2050,renewable diesel,2050,48.35956
h4r1b1n2c1p1,Blue,Default,Default,Advanced cost,Default,No policy,FT biofuels,2030,32.13652
h4r1b1n2c1p1,Blue,Default,Default,Advanced cost,Default,No policy,FT biofuels,2040,31.7262
h4r1b1n2c1p1,Blue,Default,Default,Advanced cost,Default,No policy,FT biofuels,2050,31.28772
h4r1b1n2c1p1,Blue,Default,Default,Advanced cost,Default,No policy,FT biofuels CCS,2030,35.86712
h4r1b1n2c1p1,Blue,Default,Default,Advanced cost,Default,No policy,FT biofuels CCS,2040,35.42246
h4r1b1n2c1p1,Blue,Default,Default,Advanced cost,Default,No policy,FT biofuels CCS,2050,35.16345
h4r1b1n2c1p1,Blue,Default,Default,Advanced cost,Default,No policy,LNG,2030,10.88833
h4r1b1n2c1p1,Blue,Default,Default,Advanced cost,Default,No policy,LNG,2040,10.61595
h4r1b1n2c1p1,Blue,Default,Default,Advanced cost,Default,No policy,LNG,2050,11.24238
h4r1b1n2c1p1,Blue,Default,Default,Advanced cost,Default,No policy,ammonia,2030,45.40392
h4r1b1n2c1p1,Blue,Default,Default,Advanced cost,Default,No policy,ammonia,2040,44.30078
h4r1b1n2c1p1,Blue,Default,Default,Advanced cost,Default,No policy,ammonia,2050,44.14194
h4r1b1n2c1p1,Blue,Default,Default,Advanced cost,Default,No policy,e-diesel,2030,83.56846
h4r1b1n2c1p1,Blue,Default,Default,Advanced cost,Default,No policy,e-diesel,2040,77.9171
h4r1b1n2c1p1,Blue,Default,Default,Advanced cost,Default,No policy,e-diesel,2050,77.87568
h4r1b1n2c1p1,Blue,Default,Default,Advanced cost,Default,No policy,electricity,2030,40.86254
h4r1b1n2c1p1,Blue,Default,Default,Advanced cost,Default,No policy,electricity,2040,37.24532
h4r1b1n2c1p1,Blue,Default,Default,Advanced cost,Default,No policy,electricity,2050,36.76078
h4r1b1n2c1p1,Blue,Default,Default,Advanced cost,Default,No policy,hydrogen,2030,NA
h4r1b1n2c1p1,Blue,Default,Default,Advanced cost,Default,No policy,hydrogen,2040,NA
h4r1b1n2c1p1,Blue,Default,Default,Advanced cost,Default,No policy,hydrogen,2050,NA
h4r1b1n2c1p1,Blue,Default,Default,Advanced cost,Default,No policy,petroleum diesel,2030,28.26968
h4r1b1n2c1p1,Blue,Default,Default,Advanced cost,Default,No policy,petroleum diesel,2040,27.01477
h4r1b1n2c1p1,Blue,Default,Default,Advanced cost,Default,No policy,petroleum diesel,2050,26.38256
h4r1b1n2c1p1,Blue,Default,Default,Advanced cost,Default,No policy,renewable diesel,2030,55.8201
h4r1b1n2c1p1,Blue,Default,Default,Advanced cost,Default,No policy,renewable diesel,2040,48.45494
h4r1b1n2c1p1,Blue,Default,Default,Advanced cost,Default,No policy,renewable diesel,2050,49.09182
h4r1b1n2c1p2,Blue,Default,Default,Advanced cost,Default,50 Percent by 2050,FT biofuels,2030,31.39302
h4r1b1n2c1p2,Blue,Default,Default,Advanced cost,Default,50 Percent by 2050,FT biofuels,2040,30.00727
h4r1b1n2c1p2,Blue,Default,Default,Advanced cost,Default,50 Percent by 2050,FT biofuels,2050,31.27389
h4r1b1n2c1p2,Blue,Default,Default,Advanced cost,Default,50 Percent by 2050,FT biofuels CCS,2030,31.85411
h4r1b1n2c1p2,Blue,Default,Default,Advanced cost,Default,50 Percent by 2050,FT biofuels CCS,2040,28.68761
h4r1b1n2c1p2,Blue,Default,Default,Advanced cost,Default,50 Percent by 2050,FT biofuels CCS,2050,27.93258
h4r1b1n2c1p2,Blue,Default,Default,Advanced cost,Default,50 Percent by 2050,LNG,2030,14.69896
h4r1b1n2c1p2,Blue,Default,Default,Advanced cost,Default,50 Percent by 2050,LNG,2040,16.52648
h4r1b1n2c1p2,Blue,Default,Default,Advanced cost,Default,50 Percent by 2050,LNG,2050,19.86233
h4r1b1n2c1p2,Blue,Default,Default,Advanced cost,Default,50 Percent by 2050,ammonia,2030,46.07158
h4r1b1n2c1p2,Blue,Default,Default,Advanced cost,Default,50 Percent by 2050,ammonia,2040,44.92322
h4r1b1n2c1p2,Blue,Default,Default,Advanced cost,Default,50 Percent by 2050,ammonia,2050,44.93348
h4r1b1n2c1p2,Blue,Default,Default,Advanced cost,Default,50 Percent by 2050,e-diesel,2030,84.80232
h4r1b1n2c1p2,Blue,Default,Default,Advanced cost,Default,50 Percent by 2050,e-diesel,2040,76.94316
h4r1b1n2c1p2,Blue,Default,Default,Advanced cost,Default,50 Percent by 2050,e-diesel,2050,75.91108
h4r1b1n2c1p2,Blue,Default,Default,Advanced cost,Default,50 Percent by 2050,electricity,2030,43.7513
h4r1b1n2c1p2,Blue,Default,Default,Advanced cost,Default,50 Percent by 2050,electricity,2040,39.54432
h4r1b1n2c1p2,Blue,Default,Default,Advanced cost,Default,50 Percent by 2050,electricity,2050,39.77194
h4r1b1n2c1p2,Blue,Default,Default,Advanced cost,Default,50 Percent by 2050,hydrogen,2030,NA
h4r1b1n2c1p2,Blue,Default,Default,Advanced cost,Default,50 Percent by 2050,hydrogen,2040,NA
h4r1b1n2c1p2,Blue,Default,Default,Advanced cost,Default,50 Percent by 2050,hydrogen,2050,NA
h4r1b1n2c1p2,Blue,Default,Default,Advanced cost,Default,50 Percent by 2050,petroleum diesel,2030,30.88553
h4r1b1n2c1p2,Blue,Default,Default,Advanced cost,Default,50 Percent by 2050,petroleum diesel,2040,30.32601
h4r1b1n2c1p2,Blue,Default,Default,Advanced cost,Default,50 Percent by 2050,petroleum diesel,2050,30.43644
h4r1b1n2c1p2,Blue,Default,Default,Advanced cost,Default,50 Percent by 2050,renewable diesel,2030,53.9543
h4r1b1n2c1p2,Blue,Default,Default,Advanced cost,Default,50 Percent by 2050,renewable diesel,2040,45.63458
h4r1b1n2c1p2,Blue,Default,Default,Advanced cost,Default,50 Percent by 2050,renewable diesel,2050,47.367
h4r1b1n2c1p3,Blue,Default,Default,Advanced cost,Default,Net Zero by 2050,FT biofuels,2030,26.87083
h4r1b1n2c1p3,Blue,Default,Default,Advanced cost,Default,Net Zero by 2050,FT biofuels,2040,25.10808
h4r1b1n2c1p3,Blue,Default,Default,Advanced cost,Default,Net Zero by 2050,FT biofuels,2050,20.58422
h4r1b1n2c1p3,Blue,Default,Default,Advanced cost,Default,Net Zero by 2050,FT biofuels CCS,2030,21.37615
h4r1b1n2c1p3,Blue,Default,Default,Advanced cost,Default,Net Zero by 2050,FT biofuels CCS,2040,18.02248
h4r1b1n2c1p3,Blue,Default,Default,Advanced cost,Default,Net Zero by 2050,FT biofuels CCS,2050,7.93718
h4r1b1n2c1p3,Blue,Default,Default,Advanced cost,Default,Net Zero by 2050,LNG,2030,21.60975
h4r1b1n2c1p3,Blue,Default,Default,Advanced cost,Default,Net Zero by 2050,LNG,2040,23.38893
h4r1b1n2c1p3,Blue,Default,Default,Advanced cost,Default,Net Zero by 2050,LNG,2050,30.75481
h4r1b1n2c1p3,Blue,Default,Default,Advanced cost,Default,Net Zero by 2050,ammonia,2030,46.29426
h4r1b1n2c1p3,Blue,Default,Default,Advanced cost,Default,Net Zero by 2050,ammonia,2040,45.25306
h4r1b1n2c1p3,Blue,Default,Default,Advanced cost,Default,Net Zero by 2050,ammonia,2050,45.24394
h4r1b1n2c1p3,Blue,Default,Default,Advanced cost,Default,Net Zero by 2050,e-diesel,2030,84.46488
h4r1b1n2c1p3,Blue,Default,Default,Advanced cost,Default,Net Zero by 2050,e-diesel,2040,73.96054
h4r1b1n2c1p3,Blue,Default,Default,Advanced cost,Default,Net Zero by 2050,e-diesel,2050,70.07466
h4r1b1n2c1p3,Blue,Default,Default,Advanced cost,Default,Net Zero by 2050,electricity,2030,46.79928
h4r1b1n2c1p3,Blue,Default,Default,Advanced cost,Default,Net Zero by 2050,electricity,2040,40.48938
h4r1b1n2c1p3,Blue,Default,Default,Advanced cost,Default,Net Zero by 2050,electricity,2050,40.45784
h4r1b1n2c1p3,Blue,Default,Default,Advanced cost,Default,Net Zero by 2050,hydrogen,2030,NA
h4r1b1n2c1p3,Blue,Default,Default,Advanced cost,Default,Net Zero by 2050,hydrogen,2040,NA
h4r1b1n2c1p3,Blue,Default,Default,Advanced cost,Default,Net Zero by 2050,hydrogen,2050,NA
h4r1b1n2c1p3,Blue,Default,Default,Advanced cost,Default,Net Zero by 2050,petroleum diesel,2030,35.73622
h4r1b1n2c1p3,Blue,Default,Default,Advanced cost,Default,Net Zero by 2050,petroleum diesel,2040,34.89078
h4r1b1n2c1p3,Blue,Default,Default,Advanced cost,Default,Net Zero by 2050,petroleum diesel,2050,36.96306
h4r1b1n2c1p3,Blue,Default,Default,Advanced cost,Default,Net Zero by 2050,renewable diesel,2030,51.38588
h4r1b1n2c1p3,Blue,Default,Default,Advanced cost,Default,Net Zero by 2050,renewable diesel,2040,45.74098
h4r1b1n2c1p3,Blue,Default,Default,Advanced cost,Default,Net Zero by 2050,renewable diesel,2050,44.24606
h4r1b1n2c2p1,Blue,Default,Default,Advanced cost,Constrained,No policy,FT biofuels,2030,32.12634
h4r1b1n2c2p1,Blue,Default,Default,Advanced cost,Constrained,No policy,FT biofuels,2040,31.69724
h4r1b1n2c2p1,Blue,Default,Default,Advanced cost,Constrained,No policy,FT biofuels,2050,31.18945
h4r1b1n2c2p1,Blue,Default,Default,Advanced cost,Constrained,No policy,FT biofuels CCS,2030,36.4767
h4r1b1n2c2p1,Blue,Default,Default,Advanced cost,Constrained,No policy,FT biofuels CCS,2040,37.56425
h4r1b1n2c2p1,Blue,Default,Default,Advanced cost,Constrained,No policy,FT biofuels CCS,2050,39.43639
h4r1b1n2c2p1,Blue,Default,Default,Advanced cost,Constrained,No policy,LNG,2030,10.88852
h4r1b1n2c2p1,Blue,Default,Default,Advanced cost,Constrained,No policy,LNG,2040,10.61093
h4r1b1n2c2p1,Blue,Default,Default,Advanced cost,Constrained,No policy,LNG,2050,11.23025
h4r1b1n2c2p1,Blue,Default,Default,Advanced cost,Constrained,No policy,ammonia,2030,46.59674
h4r1b1n2c2p1,Blue,Default,Default,Advanced cost,Constrained,No policy,ammonia,2040,47.101
h4r1b1n2c2p1,Blue,Default,Default,Advanced cost,Constrained,No policy,ammonia,2050,48.42302
h4r1b1n2c2p1,Blue,Default,Default,Advanced cost,Constrained,No policy,e-diesel,2030,83.94846
h4r1b1n2c2p1,Blue,Default,Default,Advanced cost,Constrained,No policy,e-diesel,2040,79.27636
h4r1b1n2c2p1,Blue,Default,Default,Advanced cost,Constrained,No policy,e-diesel,2050,80.61776
h4r1b1n2c2p1,Blue,Default,Default,Advanced cost,Constrained,No policy,electricity,2030,40.84886
h4r1b1n2c2p1,Blue,Default,Default,Advanced cost,Constrained,No policy,electricity,2040,37.21918
h4r1b1n2c2p1,Blue,Default,Default,Advanced cost,Constrained,No policy,electricity,2050,36.71739
h4r1b1n2c2p1,Blue,Default,Default,Advanced cost,Constrained,No policy,hydrogen,2030,NA
h4r1b1n2c2p1,Blue,Default,Default,Advanced cost,Constrained,No policy,hydrogen,2040,NA
h4r1b1n2c2p1,Blue,Default,Default,Advanced cost,Constrained,No policy,hydrogen,2050,NA
h4r1b1n2c2p1,Blue,Default,Default,Advanced cost,Constrained,No policy,petroleum diesel,2030,28.27983
h4r1b1n2c2p1,Blue,Default,Default,Advanced cost,Constrained,No policy,petroleum diesel,2040,27.11509
h4r1b1n2c2p1,Blue,Default,Default,Advanced cost,Constrained,No policy,petroleum diesel,2050,26.60076
h4r1b1n2c2p1,Blue,Default,Default,Advanced cost,Constrained,No policy,renewable diesel,2030,55.88014
h4r1b1n2c2p1,Blue,Default,Default,Advanced cost,Constrained,No policy,renewable diesel,2040,48.73234
h4r1b1n2c2p1,Blue,Default,Default,Advanced cost,Constrained,No policy,renewable diesel,2050,50.10452
h4r1b1n2c2p3,Blue,Default,Default,Advanced cost,Constrained,Net Zero by 2050,FT biofuels,2030,26.37265
h4r1b1n2c2p3,Blue,Default,Default,Advanced cost,Constrained,Net Zero by 2050,FT biofuels,2040,23.05912
h4r1b1n2c2p3,Blue,Default,Default,Advanced cost,Constrained,Net Zero by 2050,FT biofuels,2050,10.23203
h4r1b1n2c2p3,Blue,Default,Default,Advanced cost,Constrained,Net Zero by 2050,FT biofuels CCS,2030,22.1022
h4r1b1n2c2p3,Blue,Default,Default,Advanced cost,Constrained,Net Zero by 2050,FT biofuels CCS,2040,19.32879
h4r1b1n2c2p3,Blue,Default,Default,Advanced cost,Constrained,Net Zero by 2050,FT biofuels CCS,2050,20.79401
h4r1b1n2c2p3,Blue,Default,Default,Advanced cost,Constrained,Net Zero by 2050,LNG,2030,22.141
h4r1b1n2c2p3,Blue,Default,Default,Advanced cost,Constrained,Net Zero by 2050,LNG,2040,26.10914
h4r1b1n2c2p3,Blue,Default,Default,Advanced cost,Constrained,Net Zero by 2050,LNG,2050,47.22643
h4r1b1n2c2p3,Blue,Default,Default,Advanced cost,Constrained,Net Zero by 2050,ammonia,2030,48.32232
h4r1b1n2c2p3,Blue,Default,Default,Advanced cost,Constrained,Net Zero by 2050,ammonia,2040,50.70264
h4r1b1n2c2p3,Blue,Default,Default,Advanced cost,Constrained,Net Zero by 2050,ammonia,2050,60.0837
h4r1b1n2c2p3,Blue,Default,Default,Advanced cost,Constrained,Net Zero by 2050,e-diesel,2030,85.5418
h4r1b1n2c2p3,Blue,Default,Default,Advanced cost,Constrained,Net Zero by 2050,e-diesel,2040,76.03496
h4r1b1n2c2p3,Blue,Default,Default,Advanced cost,Constrained,Net Zero by 2050,e-diesel,2050,83.66156
h4r1b1n2c2p3,Blue,Default,Default,Advanced cost,Constrained,Net Zero by 2050,electricity,2030,47.05958
h4r1b1n2c2p3,Blue,Default,Default,Advanced cost,Constrained,Net Zero by 2050,electricity,2040,40.56652
h4r1b1n2c2p3,Blue,Default,Default,Advanced cost,Constrained,Net Zero by 2050,electricity,2050,40.44758
h4r1b1n2c2p3,Blue,Default,Default,Advanced cost,Constrained,Net Zero by 2050,hydrogen,2030,NA
h4r1b1n2c2p3,Blue,Default,Default,Advanced cost,Constrained,Net Zero by 2050,hydrogen,2040,NA
h4r1b1n2c2p3,Blue,Default,Default,Advanced cost,Constrained,Net Zero by 2050,hydrogen,2050,NA
h4r1b1n2c2p3,Blue,Default,Default,Advanced cost,Constrained,Net Zero by 2050,petroleum diesel,2030,36.17272
h4r1b1n2c2p3,Blue,Default,Default,Advanced cost,Constrained,Net Zero by 2050,petroleum diesel,2040,37.13944
h4r1b1n2c2p3,Blue,Default,Default,Advanced cost,Constrained,Net Zero by 2050,petroleum diesel,2050,47.62567
h4r1b1n2c2p3,Blue,Default,Default,Advanced cost,Constrained,Net Zero by 2050,renewable diesel,2030,50.93368
h4r1b1n2c2p3,Blue,Default,Default,Advanced cost,Constrained,Net Zero by 2050,renewable diesel,2040,44.06138
h4r1b1n2c2p3,Blue,Default,Default,Advanced cost,Constrained,Net Zero by 2050,renewable diesel,2050,44.99162
h4r1b2n1c1p1,Blue,Default,Constrained,Default,Default,No policy,FT biofuels,2030,32.14477
h4r1b2n1c1p1,Blue,Default,Constrained,Default,Default,No policy,FT biofuels,2040,31.84981
h4r1b2n1c1p1,Blue,Default,Constrained,Default,Default,No policy,FT biofuels,2050,31.62121
h4r1b2n1c1p1,Blue,Default,Constrained,Default,Default,No policy,FT biofuels CCS,2030,35.87506
h4r1b2n1c1p1,Blue,Default,Constrained,Default,Default,No policy,FT biofuels CCS,2040,35.56095
h4r1b2n1c1p1,Blue,Default,Constrained,Default,Default,No policy,FT biofuels CCS,2050,35.51483
h4r1b2n1c1p1,Blue,Default,Constrained,Default,Default,No policy,LNG,2030,10.90155
h4r1b2n1c1p1,Blue,Default,Constrained,Default,Default,No policy,LNG,2040,10.74674
h4r1b2n1c1p1,Blue,Default,Constrained,Default,Default,No policy,LNG,2050,11.41729
h4r1b2n1c1p1,Blue,Default,Constrained,Default,Default,No policy,ammonia,2030,45.42254
h4r1b2n1c1p1,Blue,Default,Constrained,Default,Default,No policy,ammonia,2040,44.49686
h4r1b2n1c1p1,Blue,Default,Constrained,Default,Default,No policy,ammonia,2050,44.38134
h4r1b2n1c1p1,Blue,Default,Constrained,Default,Default,No policy,e-diesel,2030,83.2466
h4r1b2n1c1p1,Blue,Default,Constrained,Default,Default,No policy,e-diesel,2040,80.47526
h4r1b2n1c1p1,Blue,Default,Constrained,Default,Default,No policy,e-diesel,2050,80.23282
h4r1b2n1c1p1,Blue,Default,Constrained,Default,Default,No policy,electricity,2030,40.58058
h4r1b2n1c1p1,Blue,Default,Constrained,Default,Default,No policy,electricity,2040,39.29694
h4r1b2n1c1p1,Blue,Default,Constrained,Default,Default,No policy,electricity,2050,38.60724
h4r1b2n1c1p1,Blue,Default,Constrained,Default,Default,No policy,hydrogen,2030,NA
h4r1b2n1c1p1,Blue,Default,Constrained,Default,Default,No policy,hydrogen,2040,NA
h4r1b2n1c1p1,Blue,Default,Constrained,Default,Default,No policy,hydrogen,2050,NA
h4r1b2n1c1p1,Blue,Default,Constrained,Default,Default,No policy,petroleum diesel,2030,28.26957
h4r1b2n1c1p1,Blue,Default,Constrained,Default,Default,No policy,petroleum diesel,2040,27.20716
h4r1b2n1c1p1,Blue,Default,Constrained,Default,Default,No policy,petroleum diesel,2050,26.61269
h4r1b2n1c1p1,Blue,Default,Constrained,Default,Default,No policy,renewable diesel,2030,55.81364
h4r1b2n1c1p1,Blue,Default,Constrained,Default,Default,No policy,renewable diesel,2040,48.70422
h4r1b2n1c1p1,Blue,Default,Constrained,Default,Default,No policy,renewable diesel,2050,49.44408
h4r1b2n1c1p2,Blue,Default,Constrained,Default,Default,50 Percent by 2050,FT biofuels,2030,31.14127
h4r1b2n1c1p2,Blue,Default,Constrained,Default,Default,50 Percent by 2050,FT biofuels,2040,29.78915
h4r1b2n1c1p2,Blue,Default,Constrained,Default,Default,50 Percent by 2050,FT biofuels,2050,32.73571
h4r1b2n1c1p2,Blue,Default,Constrained,Default,Default,50 Percent by 2050,FT biofuels CCS,2030,31.15106
h4r1b2n1c1p2,Blue,Default,Constrained,Default,Default,50 Percent by 2050,FT biofuels CCS,2040,26.58596
h4r1b2n1c1p2,Blue,Default,Constrained,Default,Default,50 Percent by 2050,FT biofuels CCS,2050,27.39738
h4r1b2n1c1p2,Blue,Default,Constrained,Default,Default,50 Percent by 2050,LNG,2030,15.23917
h4r1b2n1c1p2,Blue,Default,Constrained,Default,Default,50 Percent by 2050,LNG,2040,19.09242
h4r1b2n1c1p2,Blue,Default,Constrained,Default,Default,50 Percent by 2050,LNG,2050,22.68942
h4r1b2n1c1p2,Blue,Default,Constrained,Default,Default,50 Percent by 2050,ammonia,2030,46.14986
h4r1b2n1c1p2,Blue,Default,Constrained,Default,Default,50 Percent by 2050,ammonia,2040,45.53122
h4r1b2n1c1p2,Blue,Default,Constrained,Default,Default,50 Percent by 2050,ammonia,2050,45.60608
h4r1b2n1c1p2,Blue,Default,Constrained,Default,Default,50 Percent by 2050,e-diesel,2030,84.85628
h4r1b2n1c1p2,Blue,Default,Constrained,Default,Default,50 Percent by 2050,e-diesel,2040,82.79022
h4r1b2n1c1p2,Blue,Default,Constrained,Default,Default,50 Percent by 2050,e-diesel,2050,82.16816
h4r1b2n1c1p2,Blue,Default,Constrained,Default,Default,50 Percent by 2050,electricity,2030,44.02908
h4r1b2n1c1p2,Blue,Default,Constrained,Default,Default,50 Percent by 2050,electricity,2040,45.45864
h4r1b2n1c1p2,Blue,Default,Constrained,Default,Default,50 Percent by 2050,electricity,2050,46.11452
h4r1b2n1c1p2,Blue,Default,Constrained,Default,Default,50 Percent by 2050,hydrogen,2030,NA
h4r1b2n1c1p2,Blue,Default,Constrained,Default,Default,50 Percent by 2050,hydrogen,2040,NA
h4r1b2n1c1p2,Blue,Default,Constrained,Default,Default,50 Percent by 2050,hydrogen,2050,NA
h4r1b2n1c1p2,Blue,Default,Constrained,Default,Default,50 Percent by 2050,petroleum diesel,2030,31.26145
h4r1b2n1c1p2,Blue,Default,Constrained,Default,Default,50 Percent by 2050,petroleum diesel,2040,32.16456
h4r1b2n1c1p2,Blue,Default,Constrained,Default,Default,50 Percent by 2050,petroleum diesel,2050,32.40118
h4r1b2n1c1p2,Blue,Default,Constrained,Default,Default,50 Percent by 2050,renewable diesel,2030,53.67956
h4r1b2n1c1p2,Blue,Default,Constrained,Default,Default,50 Percent by 2050,renewable diesel,2040,44.95856
h4r1b2n1c1p2,Blue,Default,Constrained,Default,Default,50 Percent by 2050,renewable diesel,2050,47.99058
h4r1b2n1c1p3,Blue,Default,Constrained,Default,Default,Net Zero by 2050,FT biofuels,2030,26.82914
h4r1b2n1c1p3,Blue,Default,Constrained,Default,Default,Net Zero by 2050,FT biofuels,2040,25.48269
h4r1b2n1c1p3,Blue,Default,Constrained,Default,Default,Net Zero by 2050,FT biofuels,2050,20.10247
h4r1b2n1c1p3,Blue,Default,Constrained,Default,Default,Net Zero by 2050,FT biofuels CCS,2030,21.13281
h4r1b2n1c1p3,Blue,Default,Constrained,Default,Default,Net Zero by 2050,FT biofuels CCS,2040,17.11471
h4r1b2n1c1p3,Blue,Default,Constrained,Default,Default,Net Zero by 2050,FT biofuels CCS,2050,5.2556
h4r1b2n1c1p3,Blue,Default,Constrained,Default,Default,Net Zero by 2050,LNG,2030,21.90708
h4r1b2n1c1p3,Blue,Default,Constrained,Default,Default,Net Zero by 2050,LNG,2040,25.26161
h4r1b2n1c1p3,Blue,Default,Constrained,Default,Default,Net Zero by 2050,LNG,2050,33.87455
h4r1b2n1c1p3,Blue,Default,Constrained,Default,Default,Net Zero by 2050,ammonia,2030,46.37558
h4r1b2n1c1p3,Blue,Default,Constrained,Default,Default,Net Zero by 2050,ammonia,2040,45.7558
h4r1b2n1c1p3,Blue,Default,Constrained,Default,Default,Net Zero by 2050,ammonia,2050,45.8964
h4r1b2n1c1p3,Blue,Default,Constrained,Default,Default,Net Zero by 2050,e-diesel,2030,85.1922
h4r1b2n1c1p3,Blue,Default,Constrained,Default,Default,Net Zero by 2050,e-diesel,2040,81.97474
h4r1b2n1c1p3,Blue,Default,Constrained,Default,Default,Net Zero by 2050,e-diesel,2050,77.95474
h4r1b2n1c1p3,Blue,Default,Constrained,Default,Default,Net Zero by 2050,electricity,2030,47.481
h4r1b2n1c1p3,Blue,Default,Constrained,Default,Default,Net Zero by 2050,electricity,2040,47.83706
h4r1b2n1c1p3,Blue,Default,Constrained,Default,Default,Net Zero by 2050,electricity,2050,48.1859
h4r1b2n1c1p3,Blue,Default,Constrained,Default,Default,Net Zero by 2050,hydrogen,2030,NA
h4r1b2n1c1p3,Blue,Default,Constrained,Default,Default,Net Zero by 2050,hydrogen,2040,NA
h4r1b2n1c1p3,Blue,Default,Constrained,Default,Default,Net Zero by 2050,hydrogen,2050,NA
h4r1b2n1c1p3,Blue,Default,Constrained,Default,Default,Net Zero by 2050,petroleum diesel,2030,35.91576
h4r1b2n1c1p3,Blue,Default,Constrained,Default,Default,Net Zero by 2050,petroleum diesel,2040,35.81366
h4r1b2n1c1p3,Blue,Default,Constrained,Default,Default,Net Zero by 2050,petroleum diesel,2050,39.34876
h4r1b2n1c1p3,Blue,Default,Constrained,Default,Default,Net Zero by 2050,renewable diesel,2030,51.45504
h4r1b2n1c1p3,Blue,Default,Constrained,Default,Default,Net Zero by 2050,renewable diesel,2040,47.26554
h4r1b2n1c1p3,Blue,Default,Constrained,Default,Default,Net Zero by 2050,renewable diesel,2050,45.04218
h4r1b2n1c2p1,Blue,Default,Constrained,Default,Constrained,No policy,FT biofuels,2030,32.13455
h4r1b2n1c2p1,Blue,Default,Constrained,Default,Constrained,No policy,FT biofuels,2040,31.81858
h4r1b2n1c2p1,Blue,Default,Constrained,Default,Constrained,No policy,FT biofuels,2050,31.44382
h4r1b2n1c2p1,Blue,Default,Constrained,Default,Constrained,No policy,FT biofuels CCS,2030,36.48827
h4r1b2n1c2p1,Blue,Default,Constrained,Default,Constrained,No policy,FT biofuels CCS,2040,37.71657
h4r1b2n1c2p1,Blue,Default,Constrained,Default,Constrained,No policy,FT biofuels CCS,2050,39.75666
h4r1b2n1c2p1,Blue,Default,Constrained,Default,Constrained,No policy,LNG,2030,10.90171
h4r1b2n1c2p1,Blue,Default,Constrained,Default,Constrained,No policy,LNG,2040,10.74154
h4r1b2n1c2p1,Blue,Default,Constrained,Default,Constrained,No policy,LNG,2050,11.4046
h4r1b2n1c2p1,Blue,Default,Constrained,Default,Constrained,No policy,ammonia,2030,46.61916
h4r1b2n1c2p1,Blue,Default,Constrained,Default,Constrained,No policy,ammonia,2040,47.3195
h4r1b2n1c2p1,Blue,Default,Constrained,Default,Constrained,No policy,ammonia,2050,48.70194
h4r1b2n1c2p1,Blue,Default,Constrained,Default,Constrained,No policy,e-diesel,2030,83.62812
h4r1b2n1c2p1,Blue,Default,Constrained,Default,Constrained,No policy,e-diesel,2040,81.8197
h4r1b2n1c2p1,Blue,Default,Constrained,Default,Constrained,No policy,e-diesel,2050,82.9711
h4r1b2n1c2p1,Blue,Default,Constrained,Default,Constrained,No policy,electricity,2030,40.56576
h4r1b2n1c2p1,Blue,Default,Constrained,Default,Constrained,No policy,electricity,2040,39.24944
h4r1b2n1c2p1,Blue,Default,Constrained,Default,Constrained,No policy,electricity,2050,38.53276
h4r1b2n1c2p1,Blue,Default,Constrained,Default,Constrained,No policy,hydrogen,2030,NA
h4r1b2n1c2p1,Blue,Default,Constrained,Default,Constrained,No policy,hydrogen,2040,NA
h4r1b2n1c2p1,Blue,Default,Constrained,Default,Constrained,No policy,hydrogen,2050,NA
h4r1b2n1c2p1,Blue,Default,Constrained,Default,Constrained,No policy,petroleum diesel,2030,28.27964
h4r1b2n1c2p1,Blue,Default,Constrained,Default,Constrained,No policy,petroleum diesel,2040,27.31505
h4r1b2n1c2p1,Blue,Default,Constrained,Default,Constrained,No policy,petroleum diesel,2050,26.82743
h4r1b2n1c2p1,Blue,Default,Constrained,Default,Constrained,No policy,renewable diesel,2030,55.87368
h4r1b2n1c2p1,Blue,Default,Constrained,Default,Constrained,No policy,renewable diesel,2040,48.98314
h4r1b2n1c2p1,Blue,Default,Constrained,Default,Constrained,No policy,renewable diesel,2050,50.48376
h4r1b2n1c2p2,Blue,Default,Constrained,Default,Constrained,50 Percent by 2050,FT biofuels,2030,30.88097
h4r1b2n1c2p2,Blue,Default,Constrained,Default,Constrained,50 Percent by 2050,FT biofuels,2040,28.94464
h4r1b2n1c2p2,Blue,Default,Constrained,Default,Constrained,50 Percent by 2050,FT biofuels,2050,30.41839
h4r1b2n1c2p2,Blue,Default,Constrained,Default,Constrained,50 Percent by 2050,FT biofuels CCS,2030,31.45382
h4r1b2n1c2p2,Blue,Default,Constrained,Default,Constrained,50 Percent by 2050,FT biofuels CCS,2040,28.1404
h4r1b2n1c2p2,Blue,Default,Constrained,Default,Constrained,50 Percent by 2050,FT biofuels CCS,2050,28.5888
h4r1b2n1c2p2,Blue,Default,Constrained,Default,Constrained,50 Percent by 2050,LNG,2030,15.44996
h4r1b2n1c2p2,Blue,Default,Constrained,Default,Constrained,50 Percent by 2050,LNG,2040,20.1127
h4r1b2n1c2p2,Blue,Default,Constrained,Default,Constrained,50 Percent by 2050,LNG,2050,25.24759
h4r1b2n1c2p2,Blue,Default,Constrained,Default,Constrained,50 Percent by 2050,ammonia,2030,47.9408
h4r1b2n1c2p2,Blue,Default,Constrained,Default,Constrained,50 Percent by 2050,ammonia,2040,49.40304
h4r1b2n1c2p2,Blue,Default,Constrained,Default,Constrained,50 Percent by 2050,ammonia,2050,51.14724
h4r1b2n1c2p2,Blue,Default,Constrained,Default,Constrained,50 Percent by 2050,e-diesel,2030,85.33508
h4r1b2n1c2p2,Blue,Default,Constrained,Default,Constrained,50 Percent by 2050,e-diesel,2040,84.9262
h4r1b2n1c2p2,Blue,Default,Constrained,Default,Constrained,50 Percent by 2050,e-diesel,2050,86.00654
h4r1b2n1c2p2,Blue,Default,Constrained,Default,Constrained,50 Percent by 2050,electricity,2030,44.13358
h4r1b2n1c2p2,Blue,Default,Constrained,Default,Constrained,50 Percent by 2050,electricity,2040,46.02332
h4r1b2n1c2p2,Blue,Default,Constrained,Default,Constrained,50 Percent by 2050,electricity,2050,47.63908
h4r1b2n1c2p2,Blue,Default,Constrained,Default,Constrained,50 Percent by 2050,hydrogen,2030,NA
h4r1b2n1c2p2,Blue,Default,Constrained,Default,Constrained,50 Percent by 2050,hydrogen,2040,NA
h4r1b2n1c2p2,Blue,Default,Constrained,Default,Constrained,50 Percent by 2050,hydrogen,2050,NA
h4r1b2n1c2p2,Blue,Default,Constrained,Default,Constrained,50 Percent by 2050,petroleum diesel,2030,31.42769
h4r1b2n1c2p2,Blue,Default,Constrained,Default,Constrained,50 Percent by 2050,petroleum diesel,2040,32.90086
h4r1b2n1c2p2,Blue,Default,Constrained,Default,Constrained,50 Percent by 2050,petroleum diesel,2050,34.09148
h4r1b2n1c2p2,Blue,Default,Constrained,Default,Constrained,50 Percent by 2050,renewable diesel,2030,53.61876
h4r1b2n1c2p2,Blue,Default,Constrained,Default,Constrained,50 Percent by 2050,renewable diesel,2040,44.68344
h4r1b2n1c2p2,Blue,Default,Constrained,Default,Constrained,50 Percent by 2050,renewable diesel,2050,48.0073
h4r1b2n1c2p3,Blue,Default,Constrained,Default,Constrained,Net Zero by 2050,FT biofuels,2030,26.26385
h4r1b2n1c2p3,Blue,Default,Constrained,Default,Constrained,Net Zero by 2050,FT biofuels,2040,21.93181
h4r1b2n1c2p3,Blue,Default,Constrained,Default,Constrained,Net Zero by 2050,FT biofuels,2050,8.63808
h4r1b2n1c2p3,Blue,Default,Constrained,Default,Constrained,Net Zero by 2050,FT biofuels CCS,2030,21.8228
h4r1b2n1c2p3,Blue,Default,Constrained,Default,Constrained,Net Zero by 2050,FT biofuels CCS,2040,18.26087
h4r1b2n1c2p3,Blue,Default,Constrained,Default,Constrained,Net Zero by 2050,FT biofuels CCS,2050,21.3977
h4r1b2n1c2p3,Blue,Default,Constrained,Default,Constrained,Net Zero by 2050,LNG,2030,22.56247
h4r1b2n1c2p3,Blue,Default,Constrained,Default,Constrained,Net Zero by 2050,LNG,2040,30.30128
h4r1b2n1c2p3,Blue,Default,Constrained,Default,Constrained,Net Zero by 2050,LNG,2050,52.54389
h4r1b2n1c2p3,Blue,Default,Constrained,Default,Constrained,Net Zero by 2050,ammonia,2030,48.5165
h4r1b2n1c2p3,Blue,Default,Constrained,Default,Constrained,Net Zero by 2050,ammonia,2040,53.31058
h4r1b2n1c2p3,Blue,Default,Constrained,Default,Constrained,Net Zero by 2050,ammonia,2050,60.62254
h4r1b2n1c2p3,Blue,Default,Constrained,Default,Constrained,Net Zero by 2050,e-diesel,2030,86.48838
h4r1b2n1c2p3,Blue,Default,Constrained,Default,Constrained,Net Zero by 2050,e-diesel,2040,87.80508
h4r1b2n1c2p3,Blue,Default,Constrained,Default,Constrained,Net Zero by 2050,e-diesel,2050,98.37668
h4r1b2n1c2p3,Blue,Default,Constrained,Default,Constrained,Net Zero by 2050,electricity,2030,47.89558
h4r1b2n1c2p3,Blue,Default,Constrained,Default,Constrained,Net Zero by 2050,electricity,2040,50.407
h4r1b2n1c2p3,Blue,Default,Constrained,Default,Constrained,Net Zero by 2050,electricity,2050,51.7769
h4r1b2n1c2p3,Blue,Default,Constrained,Default,Constrained,Net Zero by 2050,hydrogen,2030,NA
h4r1b2n1c2p3,Blue,Default,Constrained,Default,Constrained,Net Zero by 2050,hydrogen,2040,NA
h4r1b2n1c2p3,Blue,Default,Constrained,Default,Constrained,Net Zero by 2050,hydrogen,2050,NA
h4r1b2n1c2p3,Blue,Default,Constrained,Default,Constrained,Net Zero by 2050,petroleum diesel,2030,36.43527
h4r1b2n1c2p3,Blue,Default,Constrained,Default,Constrained,Net Zero by 2050,petroleum diesel,2040,39.64725
h4r1b2n1c2p3,Blue,Default,Constrained,Default,Constrained,Net Zero by 2050,petroleum diesel,2050,50.87504
h4r1b2n1c2p3,Blue,Default,Constrained,Default,Constrained,Net Zero by 2050,renewable diesel,2030,50.96066
h4r1b2n1c2p3,Blue,Default,Constrained,Default,Constrained,Net Zero by 2050,renewable diesel,2040,45.63344
h4r1b2n1c2p3,Blue,Default,Constrained,Default,Constrained,Net Zero by 2050,renewable diesel,2050,47.49962
h4r1b2n2c1p1,Blue,Default,Constrained,Advanced cost,Default,No policy,FT biofuels,2030,32.13652
h4r1b2n2c1p1,Blue,Default,Constrained,Advanced cost,Default,No policy,FT biofuels,2040,31.7262
h4r1b2n2c1p1,Blue,Default,Constrained,Advanced cost,Default,No policy,FT biofuels,2050,31.4067
h4r1b2n2c1p1,Blue,Default,Constrained,Advanced cost,Default,No policy,FT biofuels CCS,2030,35.86712
h4r1b2n2c1p1,Blue,Default,Constrained,Advanced cost,Default,No policy,FT biofuels CCS,2040,35.42246
h4r1b2n2c1p1,Blue,Default,Constrained,Advanced cost,Default,No policy,FT biofuels CCS,2050,35.28612
h4r1b2n2c1p1,Blue,Default,Constrained,Advanced cost,Default,No policy,LNG,2030,10.88833
h4r1b2n2c1p1,Blue,Default,Constrained,Advanced cost,Default,No policy,LNG,2040,10.61595
h4r1b2n2c1p1,Blue,Default,Constrained,Advanced cost,Default,No policy,LNG,2050,11.24238
h4r1b2n2c1p1,Blue,Default,Constrained,Advanced cost,Default,No policy,ammonia,2030,45.40392
h4r1b2n2c1p1,Blue,Default,Constrained,Advanced cost,Default,No policy,ammonia,2040,44.30078
h4r1b2n2c1p1,Blue,Default,Constrained,Advanced cost,Default,No policy,ammonia,2050,44.14232
h4r1b2n2c1p1,Blue,Default,Constrained,Advanced cost,Default,No policy,e-diesel,2030,83.56808
h4r1b2n2c1p1,Blue,Default,Constrained,Advanced cost,Default,No policy,e-diesel,2040,77.9171
h4r1b2n2c1p1,Blue,Default,Constrained,Advanced cost,Default,No policy,e-diesel,2050,77.87454
h4r1b2n2c1p1,Blue,Default,Constrained,Advanced cost,Default,No policy,electricity,2030,40.86254
h4r1b2n2c1p1,Blue,Default,Constrained,Advanced cost,Default,No policy,electricity,2040,37.24532
h4r1b2n2c1p1,Blue,Default,Constrained,Advanced cost,Default,No policy,electricity,2050,36.75949
h4r1b2n2c1p1,Blue,Default,Constrained,Advanced cost,Default,No policy,hydrogen,2030,NA
h4r1b2n2c1p1,Blue,Default,Constrained,Advanced cost,Default,No policy,hydrogen,2040,NA
h4r1b2n2c1p1,Blue,Default,Constrained,Advanced cost,Default,No policy,hydrogen,2050,NA
h4r1b2n2c1p1,Blue,Default,Constrained,Advanced cost,Default,No policy,petroleum diesel,2030,28.26968
h4r1b2n2c1p1,Blue,Default,Constrained,Advanced cost,Default,No policy,petroleum diesel,2040,27.01477
h4r1b2n2c1p1,Blue,Default,Constrained,Advanced cost,Default,No policy,petroleum diesel,2050,26.38712
h4r1b2n2c1p1,Blue,Default,Constrained,Advanced cost,Default,No policy,renewable diesel,2030,55.8201
h4r1b2n2c1p1,Blue,Default,Constrained,Advanced cost,Default,No policy,renewable diesel,2040,48.45494
h4r1b2n2c1p1,Blue,Default,Constrained,Advanced cost,Default,No policy,renewable diesel,2050,49.06712
h4r1b2n2c1p2,Blue,Default,Constrained,Advanced cost,Default,50 Percent by 2050,FT biofuels,2030,31.39302
h4r1b2n2c1p2,Blue,Default,Constrained,Advanced cost,Default,50 Percent by 2050,FT biofuels,2040,30.26001
h4r1b2n2c1p2,Blue,Default,Constrained,Advanced cost,Default,50 Percent by 2050,FT biofuels,2050,31.7262
h4r1b2n2c1p2,Blue,Default,Constrained,Advanced cost,Default,50 Percent by 2050,FT biofuels CCS,2030,31.85411
h4r1b2n2c1p2,Blue,Default,Constrained,Advanced cost,Default,50 Percent by 2050,FT biofuels CCS,2040,28.92899
h4r1b2n2c1p2,Blue,Default,Constrained,Advanced cost,Default,50 Percent by 2050,FT biofuels CCS,2050,28.30007
h4r1b2n2c1p2,Blue,Default,Constrained,Advanced cost,Default,50 Percent by 2050,LNG,2030,14.69896
h4r1b2n2c1p2,Blue,Default,Constrained,Advanced cost,Default,50 Percent by 2050,LNG,2040,16.54821
h4r1b2n2c1p2,Blue,Default,Constrained,Advanced cost,Default,50 Percent by 2050,LNG,2050,19.98131
h4r1b2n2c1p2,Blue,Default,Constrained,Advanced cost,Default,50 Percent by 2050,ammonia,2030,46.07158
h4r1b2n2c1p2,Blue,Default,Constrained,Advanced cost,Default,50 Percent by 2050,ammonia,2040,44.92512
h4r1b2n2c1p2,Blue,Default,Constrained,Advanced cost,Default,50 Percent by 2050,ammonia,2050,44.94222
h4r1b2n2c1p2,Blue,Default,Constrained,Advanced cost,Default,50 Percent by 2050,e-diesel,2030,84.80232
h4r1b2n2c1p2,Blue,Default,Constrained,Advanced cost,Default,50 Percent by 2050,e-diesel,2040,76.931
h4r1b2n2c1p2,Blue,Default,Constrained,Advanced cost,Default,50 Percent by 2050,e-diesel,2050,75.85598
h4r1b2n2c1p2,Blue,Default,Constrained,Advanced cost,Default,50 Percent by 2050,electricity,2030,43.7513
h4r1b2n2c1p2,Blue,Default,Constrained,Advanced cost,Default,50 Percent by 2050,electricity,2040,39.54546
h4r1b2n2c1p2,Blue,Default,Constrained,Advanced cost,Default,50 Percent by 2050,electricity,2050,39.78638
h4r1b2n2c1p2,Blue,Default,Constrained,Advanced cost,Default,50 Percent by 2050,hydrogen,2030,NA
h4r1b2n2c1p2,Blue,Default,Constrained,Advanced cost,Default,50 Percent by 2050,hydrogen,2040,NA
h4r1b2n2c1p2,Blue,Default,Constrained,Advanced cost,Default,50 Percent by 2050,hydrogen,2050,NA
h4r1b2n2c1p2,Blue,Default,Constrained,Advanced cost,Default,50 Percent by 2050,petroleum diesel,2030,30.88553
h4r1b2n2c1p2,Blue,Default,Constrained,Advanced cost,Default,50 Percent by 2050,petroleum diesel,2040,30.34661
h4r1b2n2c1p2,Blue,Default,Constrained,Advanced cost,Default,50 Percent by 2050,petroleum diesel,2050,30.54779
h4r1b2n2c1p2,Blue,Default,Constrained,Advanced cost,Default,50 Percent by 2050,renewable diesel,2030,53.9543
h4r1b2n2c1p2,Blue,Default,Constrained,Advanced cost,Default,50 Percent by 2050,renewable diesel,2040,45.5373
h4r1b2n2c1p2,Blue,Default,Constrained,Advanced cost,Default,50 Percent by 2050,renewable diesel,2050,47.25718
h4r1b2n2c1p3,Blue,Default,Constrained,Advanced cost,Default,Net Zero by 2050,FT biofuels,2030,26.87083
h4r1b2n2c1p3,Blue,Default,Constrained,Advanced cost,Default,Net Zero by 2050,FT biofuels,2040,25.40539
h4r1b2n2c1p3,Blue,Default,Constrained,Advanced cost,Default,Net Zero by 2050,FT biofuels,2050,21.36375
h4r1b2n2c1p3,Blue,Default,Constrained,Advanced cost,Default,Net Zero by 2050,FT biofuels CCS,2030,21.37615
h4r1b2n2c1p3,Blue,Default,Constrained,Advanced cost,Default,Net Zero by 2050,FT biofuels CCS,2040,18.16928
h4r1b2n2c1p3,Blue,Default,Constrained,Advanced cost,Default,Net Zero by 2050,FT biofuels CCS,2050,8.59362
h4r1b2n2c1p3,Blue,Default,Constrained,Advanced cost,Default,Net Zero by 2050,LNG,2030,21.60975
h4r1b2n2c1p3,Blue,Default,Constrained,Advanced cost,Default,Net Zero by 2050,LNG,2040,23.57661
h4r1b2n2c1p3,Blue,Default,Constrained,Advanced cost,Default,Net Zero by 2050,LNG,2050,30.93848
h4r1b2n2c1p3,Blue,Default,Constrained,Advanced cost,Default,Net Zero by 2050,ammonia,2030,46.29426
h4r1b2n2c1p3,Blue,Default,Constrained,Advanced cost,Default,Net Zero by 2050,ammonia,2040,45.26788
h4r1b2n2c1p3,Blue,Default,Constrained,Advanced cost,Default,Net Zero by 2050,ammonia,2050,45.26712
h4r1b2n2c1p3,Blue,Default,Constrained,Advanced cost,Default,Net Zero by 2050,e-diesel,2030,84.46488
h4r1b2n2c1p3,Blue,Default,Constrained,Advanced cost,Default,Net Zero by 2050,e-diesel,2040,73.86402
h4r1b2n2c1p3,Blue,Default,Constrained,Advanced cost,Default,Net Zero by 2050,e-diesel,2050,69.9656
h4r1b2n2c1p3,Blue,Default,Constrained,Advanced cost,Default,Net Zero by 2050,electricity,2030,46.79928
h4r1b2n2c1p3,Blue,Default,Constrained,Advanced cost,Default,Net Zero by 2050,electricity,2040,40.50268
h4r1b2n2c1p3,Blue,Default,Constrained,Advanced cost,Default,Net Zero by 2050,electricity,2050,40.45024
h4r1b2n2c1p3,Blue,Default,Constrained,Advanced cost,Default,Net Zero by 2050,hydrogen,2030,NA
h4r1b2n2c1p3,Blue,Default,Constrained,Advanced cost,Default,Net Zero by 2050,hydrogen,2040,NA
h4r1b2n2c1p3,Blue,Default,Constrained,Advanced cost,Default,Net Zero by 2050,hydrogen,2050,NA
h4r1b2n2c1p3,Blue,Default,Constrained,Advanced cost,Default,Net Zero by 2050,petroleum diesel,2030,35.73622
h4r1b2n2c1p3,Blue,Default,Constrained,Advanced cost,Default,Net Zero by 2050,petroleum diesel,2040,35.06877
h4r1b2n2c1p3,Blue,Default,Constrained,Advanced cost,Default,Net Zero by 2050,petroleum diesel,2050,37.13467
h4r1b2n2c1p3,Blue,Default,Constrained,Advanced cost,Default,Net Zero by 2050,renewable diesel,2030,51.38588
h4r1b2n2c1p3,Blue,Default,Constrained,Advanced cost,Default,Net Zero by 2050,renewable diesel,2040,45.44534
h4r1b2n2c1p3,Blue,Default,Constrained,Advanced cost,Default,Net Zero by 2050,renewable diesel,2050,43.89988
h4r1b2n2c2p1,Blue,Default,Constrained,Advanced cost,Constrained,No policy,FT biofuels,2030,32.12634
h4r1b2n2c2p1,Blue,Default,Constrained,Advanced cost,Constrained,No policy,FT biofuels,2040,31.69724
h4r1b2n2c2p1,Blue,Default,Constrained,Advanced cost,Constrained,No policy,FT biofuels,2050,31.23539
h4r1b2n2c2p1,Blue,Default,Constrained,Advanced cost,Constrained,No policy,FT biofuels CCS,2030,36.4767
h4r1b2n2c2p1,Blue,Default,Constrained,Advanced cost,Constrained,No policy,FT biofuels CCS,2040,37.56425
h4r1b2n2c2p1,Blue,Default,Constrained,Advanced cost,Constrained,No policy,FT biofuels CCS,2050,39.4823
h4r1b2n2c2p1,Blue,Default,Constrained,Advanced cost,Constrained,No policy,LNG,2030,10.88852
h4r1b2n2c2p1,Blue,Default,Constrained,Advanced cost,Constrained,No policy,LNG,2040,10.61093
h4r1b2n2c2p1,Blue,Default,Constrained,Advanced cost,Constrained,No policy,LNG,2050,11.23025
h4r1b2n2c2p1,Blue,Default,Constrained,Advanced cost,Constrained,No policy,ammonia,2030,46.59674
h4r1b2n2c2p1,Blue,Default,Constrained,Advanced cost,Constrained,No policy,ammonia,2040,47.101
h4r1b2n2c2p1,Blue,Default,Constrained,Advanced cost,Constrained,No policy,ammonia,2050,48.42226
h4r1b2n2c2p1,Blue,Default,Constrained,Advanced cost,Constrained,No policy,e-diesel,2030,83.94846
h4r1b2n2c2p1,Blue,Default,Constrained,Advanced cost,Constrained,No policy,e-diesel,2040,79.27636
h4r1b2n2c2p1,Blue,Default,Constrained,Advanced cost,Constrained,No policy,e-diesel,2050,80.61624
h4r1b2n2c2p1,Blue,Default,Constrained,Advanced cost,Constrained,No policy,electricity,2030,40.84886
h4r1b2n2c2p1,Blue,Default,Constrained,Advanced cost,Constrained,No policy,electricity,2040,37.21918
h4r1b2n2c2p1,Blue,Default,Constrained,Advanced cost,Constrained,No policy,electricity,2050,36.71689
h4r1b2n2c2p1,Blue,Default,Constrained,Advanced cost,Constrained,No policy,hydrogen,2030,NA
h4r1b2n2c2p1,Blue,Default,Constrained,Advanced cost,Constrained,No policy,hydrogen,2040,NA
h4r1b2n2c2p1,Blue,Default,Constrained,Advanced cost,Constrained,No policy,hydrogen,2050,NA
h4r1b2n2c2p1,Blue,Default,Constrained,Advanced cost,Constrained,No policy,petroleum diesel,2030,28.27983
h4r1b2n2c2p1,Blue,Default,Constrained,Advanced cost,Constrained,No policy,petroleum diesel,2040,27.11509
h4r1b2n2c2p1,Blue,Default,Constrained,Advanced cost,Constrained,No policy,petroleum diesel,2050,26.60251
h4r1b2n2c2p1,Blue,Default,Constrained,Advanced cost,Constrained,No policy,renewable diesel,2030,55.88014
h4r1b2n2c2p1,Blue,Default,Constrained,Advanced cost,Constrained,No policy,renewable diesel,2040,48.73234
h4r1b2n2c2p1,Blue,Default,Constrained,Advanced cost,Constrained,No policy,renewable diesel,2050,50.09654
h4r1b2n2c2p3,Blue,Default,Constrained,Advanced cost,Constrained,Net Zero by 2050,FT biofuels,2030,26.37276
h4r1b2n2c2p3,Blue,Default,Constrained,Advanced cost,Constrained,Net Zero by 2050,FT biofuels,2040,23.21982
h4r1b2n2c2p3,Blue,Default,Constrained,Advanced cost,Constrained,Net Zero by 2050,FT biofuels,2050,10.51749
h4r1b2n2c2p3,Blue,Default,Constrained,Advanced cost,Constrained,Net Zero by 2050,FT biofuels CCS,2030,22.10249
h4r1b2n2c2p3,Blue,Default,Constrained,Advanced cost,Constrained,Net Zero by 2050,FT biofuels CCS,2040,19.40496
h4r1b2n2c2p3,Blue,Default,Constrained,Advanced cost,Constrained,Net Zero by 2050,FT biofuels CCS,2050,20.54422
h4r1b2n2c2p3,Blue,Default,Constrained,Advanced cost,Constrained,Net Zero by 2050,LNG,2030,22.1434
h4r1b2n2c2p3,Blue,Default,Constrained,Advanced cost,Constrained,Net Zero by 2050,LNG,2040,26.21314
h4r1b2n2c2p3,Blue,Default,Constrained,Advanced cost,Constrained,Net Zero by 2050,LNG,2050,48.06973
h4r1b2n2c2p3,Blue,Default,Constrained,Advanced cost,Constrained,Net Zero by 2050,ammonia,2030,48.32536
h4r1b2n2c2p3,Blue,Default,Constrained,Advanced cost,Constrained,Net Zero by 2050,ammonia,2040,50.71024
h4r1b2n2c2p3,Blue,Default,Constrained,Advanced cost,Constrained,Net Zero by 2050,ammonia,2050,60.10574
h4r1b2n2c2p3,Blue,Default,Constrained,Advanced cost,Constrained,Net Zero by 2050,e-diesel,2030,85.54636
h4r1b2n2c2p3,Blue,Default,Constrained,Advanced cost,Constrained,Net Zero by 2050,e-diesel,2040,75.97378
h4r1b2n2c2p3,Blue,Default,Constrained,Advanced cost,Constrained,Net Zero by 2050,e-diesel,2050,83.23634
h4r1b2n2c2p3,Blue,Default,Constrained,Advanced cost,Constrained,Net Zero by 2050,electricity,2030,47.06034
h4r1b2n2c2p3,Blue,Default,Constrained,Advanced cost,Constrained,Net Zero by 2050,electricity,2040,40.56842
h4r1b2n2c2p3,Blue,Default,Constrained,Advanced cost,Constrained,Net Zero by 2050,electricity,2050,40.42212
h4r1b2n2c2p3,Blue,Default,Constrained,Advanced cost,Constrained,Net Zero by 2050,hydrogen,2030,NA
h4r1b2n2c2p3,Blue,Default,Constrained,Advanced cost,Constrained,Net Zero by 2050,hydrogen,2040,NA
h4r1b2n2c2p3,Blue,Default,Constrained,Advanced cost,Constrained,Net Zero by 2050,hydrogen,2050,NA
h4r1b2n2c2p3,Blue,Default,Constrained,Advanced cost,Constrained,Net Zero by 2050,petroleum diesel,2030,36.17259
h4r1b2n2c2p3,Blue,Default,Constrained,Advanced cost,Constrained,Net Zero by 2050,petroleum diesel,2040,37.23284
h4r1b2n2c2p3,Blue,Default,Constrained,Advanced cost,Constrained,Net Zero by 2050,petroleum diesel,2050,48.27075
h4r1b2n2c2p3,Blue,Default,Constrained,Advanced cost,Constrained,Net Zero by 2050,renewable diesel,2030,50.93406
h4r1b2n2c2p3,Blue,Default,Constrained,Advanced cost,Constrained,Net Zero by 2050,renewable diesel,2040,43.90292
h4r1b2n2c2p3,Blue,Default,Constrained,Advanced cost,Constrained,Net Zero by 2050,renewable diesel,2050,44.38248
h4r2b1n1c1p1,Blue,Advanced cost,Default,Default,Default,No policy,FT biofuels,2030,32.03727
h4r2b1n1c1p1,Blue,Advanced cost,Default,Default,Default,No policy,FT biofuels,2040,31.74547
h4r2b1n1c1p1,Blue,Advanced cost,Default,Default,Default,No policy,FT biofuels,2050,31.30288
h4r2b1n1c1p1,Blue,Advanced cost,Default,Default,Default,No policy,FT biofuels CCS,2030,35.75756
h4r2b1n1c1p1,Blue,Advanced cost,Default,Default,Default,No policy,FT biofuels CCS,2040,35.44853
h4r2b1n1c1p1,Blue,Advanced cost,Default,Default,Default,No policy,FT biofuels CCS,2050,35.18242
h4r2b1n1c1p1,Blue,Advanced cost,Default,Default,Default,No policy,LNG,2030,10.82867
h4r2b1n1c1p1,Blue,Advanced cost,Default,Default,Default,No policy,LNG,2040,10.68324
h4r2b1n1c1p1,Blue,Advanced cost,Default,Default,Default,No policy,LNG,2050,11.3194
h4r2b1n1c1p1,Blue,Advanced cost,Default,Default,Default,No policy,ammonia,2030,45.31652
h4r2b1n1c1p1,Blue,Advanced cost,Default,Default,Default,No policy,ammonia,2040,44.39882
h4r2b1n1c1p1,Blue,Advanced cost,Default,Default,Default,No policy,ammonia,2050,44.2434
h4r2b1n1c1p1,Blue,Advanced cost,Default,Default,Default,No policy,e-diesel,2030,81.13608
h4r2b1n1c1p1,Blue,Advanced cost,Default,Default,Default,No policy,e-diesel,2040,79.2832
h4r2b1n1c1p1,Blue,Advanced cost,Default,Default,Default,No policy,e-diesel,2050,78.91612
h4r2b1n1c1p1,Blue,Advanced cost,Default,Default,Default,No policy,electricity,2030,38.89148
h4r2b1n1c1p1,Blue,Advanced cost,Default,Default,Default,No policy,electricity,2040,38.34352
h4r2b1n1c1p1,Blue,Advanced cost,Default,Default,Default,No policy,electricity,2050,37.576
h4r2b1n1c1p1,Blue,Advanced cost,Default,Default,Default,No policy,hydrogen,2030,NA
h4r2b1n1c1p1,Blue,Advanced cost,Default,Default,Default,No policy,hydrogen,2040,NA
h4r2b1n1c1p1,Blue,Advanced cost,Default,Default,Default,No policy,hydrogen,2050,NA
h4r2b1n1c1p1,Blue,Advanced cost,Default,Default,Default,No policy,petroleum diesel,2030,28.18536
h4r2b1n1c1p1,Blue,Advanced cost,Default,Default,Default,No policy,petroleum diesel,2040,27.05524
h4r2b1n1c1p1,Blue,Advanced cost,Default,Default,Default,No policy,petroleum diesel,2050,26.42151
h4r2b1n1c1p1,Blue,Advanced cost,Default,Default,Default,No policy,renewable diesel,2030,55.66734
h4r2b1n1c1p1,Blue,Advanced cost,Default,Default,Default,No policy,renewable diesel,2040,48.55526
h4r2b1n1c1p1,Blue,Advanced cost,Default,Default,Default,No policy,renewable diesel,2050,49.20354
h4r2b1n1c1p2,Blue,Advanced cost,Default,Default,Default,50 Percent by 2050,FT biofuels,2030,31.70055
h4r2b1n1c1p2,Blue,Advanced cost,Default,Default,Default,50 Percent by 2050,FT biofuels,2040,29.27098
h4r2b1n1c1p2,Blue,Advanced cost,Default,Default,Default,50 Percent by 2050,FT biofuels,2050,31.223
h4r2b1n1c1p2,Blue,Advanced cost,Default,Default,Default,50 Percent by 2050,FT biofuels CCS,2030,32.90207
h4r2b1n1c1p2,Blue,Advanced cost,Default,Default,Default,50 Percent by 2050,FT biofuels CCS,2040,26.47581
h4r2b1n1c1p2,Blue,Advanced cost,Default,Default,Default,50 Percent by 2050,FT biofuels CCS,2050,26.73033
h4r2b1n1c1p2,Blue,Advanced cost,Default,Default,Default,50 Percent by 2050,LNG,2030,13.77377
h4r2b1n1c1p2,Blue,Advanced cost,Default,Default,Default,50 Percent by 2050,LNG,2040,18.47122
h4r2b1n1c1p2,Blue,Advanced cost,Default,Default,Default,50 Percent by 2050,LNG,2050,21.46613
h4r2b1n1c1p2,Blue,Advanced cost,Default,Default,Default,50 Percent by 2050,ammonia,2030,45.8983
h4r2b1n1c1p2,Blue,Advanced cost,Default,Default,Default,50 Percent by 2050,ammonia,2040,45.34616
h4r2b1n1c1p2,Blue,Advanced cost,Default,Default,Default,50 Percent by 2050,ammonia,2050,45.30132
h4r2b1n1c1p2,Blue,Advanced cost,Default,Default,Default,50 Percent by 2050,e-diesel,2030,82.1028
h4r2b1n1c1p2,Blue,Advanced cost,Default,Default,Default,50 Percent by 2050,e-diesel,2040,81.19536
h4r2b1n1c1p2,Blue,Advanced cost,Default,Default,Default,50 Percent by 2050,e-diesel,2050,79.80798
h4r2b1n1c1p2,Blue,Advanced cost,Default,Default,Default,50 Percent by 2050,electricity,2030,41.138420000000004
h4r2b1n1c1p2,Blue,Advanced cost,Default,Default,Default,50 Percent by 2050,electricity,2040,43.90102
h4r2b1n1c1p2,Blue,Advanced cost,Default,Default,Default,50 Percent by 2050,electricity,2050,43.65706
h4r2b1n1c1p2,Blue,Advanced cost,Default,Default,Default,50 Percent by 2050,hydrogen,2030,NA
h4r2b1n1c1p2,Blue,Advanced cost,Default,Default,Default,50 Percent by 2050,hydrogen,2040,NA
h4r2b1n1c1p2,Blue,Advanced cost,Default,Default,Default,50 Percent by 2050,hydrogen,2050,NA
h4r2b1n1c1p2,Blue,Advanced cost,Default,Default,Default,50 Percent by 2050,petroleum diesel,2030,30.19447
h4r2b1n1c1p2,Blue,Advanced cost,Default,Default,Default,50 Percent by 2050,petroleum diesel,2040,31.64193
h4r2b1n1c1p2,Blue,Advanced cost,Default,Default,Default,50 Percent by 2050,petroleum diesel,2050,31.36799
h4r2b1n1c1p2,Blue,Advanced cost,Default,Default,Default,50 Percent by 2050,renewable diesel,2030,54.27046
h4r2b1n1c1p2,Blue,Advanced cost,Default,Default,Default,50 Percent by 2050,renewable diesel,2040,45.14818
h4r2b1n1c1p2,Blue,Advanced cost,Default,Default,Default,50 Percent by 2050,renewable diesel,2050,47.72534
h4r2b1n1c1p3,Blue,Advanced cost,Default,Default,Default,Net Zero by 2050,FT biofuels,2030,26.86893
h4r2b1n1c1p3,Blue,Advanced cost,Default,Default,Default,Net Zero by 2050,FT biofuels,2040,24.92667
h4r2b1n1c1p3,Blue,Advanced cost,Default,Default,Default,Net Zero by 2050,FT biofuels,2050,19.67379
h4r2b1n1c1p3,Blue,Advanced cost,Default,Default,Default,Net Zero by 2050,FT biofuels CCS,2030,21.55105
h4r2b1n1c1p3,Blue,Advanced cost,Default,Default,Default,Net Zero by 2050,FT biofuels CCS,2040,16.9147
h4r2b1n1c1p3,Blue,Advanced cost,Default,Default,Default,Net Zero by 2050,FT biofuels CCS,2050,5.65825
h4r2b1n1c1p3,Blue,Advanced cost,Default,Default,Default,Net Zero by 2050,LNG,2030,21.36541
h4r2b1n1c1p3,Blue,Advanced cost,Default,Default,Default,Net Zero by 2050,LNG,2040,24.75618
h4r2b1n1c1p3,Blue,Advanced cost,Default,Default,Default,Net Zero by 2050,LNG,2050,32.6866
h4r2b1n1c1p3,Blue,Advanced cost,Default,Default,Default,Net Zero by 2050,ammonia,2030,46.23232
h4r2b1n1c1p3,Blue,Advanced cost,Default,Default,Default,Net Zero by 2050,ammonia,2040,45.63458
h4r2b1n1c1p3,Blue,Advanced cost,Default,Default,Default,Net Zero by 2050,ammonia,2050,45.64332
h4r2b1n1c1p3,Blue,Advanced cost,Default,Default,Default,Net Zero by 2050,e-diesel,2030,83.23482
h4r2b1n1c1p3,Blue,Advanced cost,Default,Default,Default,Net Zero by 2050,e-diesel,2040,80.6987
h4r2b1n1c1p3,Blue,Advanced cost,Default,Default,Default,Net Zero by 2050,e-diesel,2050,75.24876
h4r2b1n1c1p3,Blue,Advanced cost,Default,Default,Default,Net Zero by 2050,electricity,2030,45.69082
h4r2b1n1c1p3,Blue,Advanced cost,Default,Default,Default,Net Zero by 2050,electricity,2040,46.5747
h4r2b1n1c1p3,Blue,Advanced cost,Default,Default,Default,Net Zero by 2050,electricity,2050,45.47916
h4r2b1n1c1p3,Blue,Advanced cost,Default,Default,Default,Net Zero by 2050,hydrogen,2030,NA
h4r2b1n1c1p3,Blue,Advanced cost,Default,Default,Default,Net Zero by 2050,hydrogen,2040,NA
h4r2b1n1c1p3,Blue,Advanced cost,Default,Default,Default,Net Zero by 2050,hydrogen,2050,NA
h4r2b1n1c1p3,Blue,Advanced cost,Default,Default,Default,Net Zero by 2050,petroleum diesel,2030,35.5391
h4r2b1n1c1p3,Blue,Advanced cost,Default,Default,Default,Net Zero by 2050,petroleum diesel,2040,35.34038
h4r2b1n1c1p3,Blue,Advanced cost,Default,Default,Default,Net Zero by 2050,petroleum diesel,2050,38.33186
h4r2b1n1c1p3,Blue,Advanced cost,Default,Default,Default,Net Zero by 2050,renewable diesel,2030,51.31216
h4r2b1n1c1p3,Blue,Advanced cost,Default,Default,Default,Net Zero by 2050,renewable diesel,2040,47.39322
h4r2b1n1c1p3,Blue,Advanced cost,Default,Default,Default,Net Zero by 2050,renewable diesel,2050,45.06688
h4r2b1n1c2p1,Blue,Advanced cost,Default,Default,Constrained,No policy,FT biofuels,2030,32.0275
h4r2b1n1c2p1,Blue,Advanced cost,Default,Default,Constrained,No policy,FT biofuels,2040,31.71453
h4r2b1n1c2p1,Blue,Advanced cost,Default,Default,Constrained,No policy,FT biofuels,2050,31.20279
h4r2b1n1c2p1,Blue,Advanced cost,Default,Default,Constrained,No policy,FT biofuels CCS,2030,36.36965
h4r2b1n1c2p1,Blue,Advanced cost,Default,Default,Constrained,No policy,FT biofuels CCS,2040,37.5964
h4r2b1n1c2p1,Blue,Advanced cost,Default,Default,Constrained,No policy,FT biofuels CCS,2050,39.48016
h4r2b1n1c2p1,Blue,Advanced cost,Default,Default,Constrained,No policy,LNG,2030,10.82878
h4r2b1n1c2p1,Blue,Advanced cost,Default,Default,Constrained,No policy,LNG,2040,10.67766
h4r2b1n1c2p1,Blue,Advanced cost,Default,Default,Constrained,No policy,LNG,2050,11.30656
h4r2b1n1c2p1,Blue,Advanced cost,Default,Default,Constrained,No policy,ammonia,2030,46.5006
h4r2b1n1c2p1,Blue,Advanced cost,Default,Default,Constrained,No policy,ammonia,2040,47.20968
h4r2b1n1c2p1,Blue,Advanced cost,Default,Default,Constrained,No policy,ammonia,2050,48.54386
h4r2b1n1c2p1,Blue,Advanced cost,Default,Default,Constrained,No policy,e-diesel,2030,81.5195
h4r2b1n1c2p1,Blue,Advanced cost,Default,Default,Constrained,No policy,e-diesel,2040,80.6265
h4r2b1n1c2p1,Blue,Advanced cost,Default,Default,Constrained,No policy,e-diesel,2050,81.64756
h4r2b1n1c2p1,Blue,Advanced cost,Default,Default,Constrained,No policy,electricity,2030,38.87932
h4r2b1n1c2p1,Blue,Advanced cost,Default,Default,Constrained,No policy,electricity,2040,38.29982
h4r2b1n1c2p1,Blue,Advanced cost,Default,Default,Constrained,No policy,electricity,2050,37.50972
h4r2b1n1c2p1,Blue,Advanced cost,Default,Default,Constrained,No policy,hydrogen,2030,NA
h4r2b1n1c2p1,Blue,Advanced cost,Default,Default,Constrained,No policy,hydrogen,2040,NA
h4r2b1n1c2p1,Blue,Advanced cost,Default,Default,Constrained,No policy,hydrogen,2050,NA
h4r2b1n1c2p1,Blue,Advanced cost,Default,Default,Constrained,No policy,petroleum diesel,2030,28.19566
h4r2b1n1c2p1,Blue,Advanced cost,Default,Default,Constrained,No policy,petroleum diesel,2040,27.15328
h4r2b1n1c2p1,Blue,Advanced cost,Default,Default,Constrained,No policy,petroleum diesel,2050,26.63948
h4r2b1n1c2p1,Blue,Advanced cost,Default,Default,Constrained,No policy,renewable diesel,2030,55.72738
h4r2b1n1c2p1,Blue,Advanced cost,Default,Default,Constrained,No policy,renewable diesel,2040,48.83228
h4r2b1n1c2p1,Blue,Advanced cost,Default,Default,Constrained,No policy,renewable diesel,2050,50.21966
h4r2b1n1c2p2,Blue,Advanced cost,Default,Default,Constrained,50 Percent by 2050,FT biofuels,2030,31.47464
h4r2b1n1c2p2,Blue,Advanced cost,Default,Default,Constrained,50 Percent by 2050,FT biofuels,2040,28.52725
h4r2b1n1c2p2,Blue,Advanced cost,Default,Default,Constrained,50 Percent by 2050,FT biofuels,2050,29.02645
h4r2b1n1c2p2,Blue,Advanced cost,Default,Default,Constrained,50 Percent by 2050,FT biofuels CCS,2030,33.21716
h4r2b1n1c2p2,Blue,Advanced cost,Default,Default,Constrained,50 Percent by 2050,FT biofuels CCS,2040,27.98225
h4r2b1n1c2p2,Blue,Advanced cost,Default,Default,Constrained,50 Percent by 2050,FT biofuels CCS,2050,28.34458
h4r2b1n1c2p2,Blue,Advanced cost,Default,Default,Constrained,50 Percent by 2050,LNG,2030,13.94957
h4r2b1n1c2p2,Blue,Advanced cost,Default,Default,Constrained,50 Percent by 2050,LNG,2040,19.38536
h4r2b1n1c2p2,Blue,Advanced cost,Default,Default,Constrained,50 Percent by 2050,LNG,2050,23.61819
h4r2b1n1c2p2,Blue,Advanced cost,Default,Default,Constrained,50 Percent by 2050,ammonia,2030,47.55244
h4r2b1n1c2p2,Blue,Advanced cost,Default,Default,Constrained,50 Percent by 2050,ammonia,2040,49.01164
h4r2b1n1c2p2,Blue,Advanced cost,Default,Default,Constrained,50 Percent by 2050,ammonia,2050,50.746339999999996
h4r2b1n1c2p2,Blue,Advanced cost,Default,Default,Constrained,50 Percent by 2050,e-diesel,2030,82.555
h4r2b1n1c2p2,Blue,Advanced cost,Default,Default,Constrained,50 Percent by 2050,e-diesel,2040,83.12348
h4r2b1n1c2p2,Blue,Advanced cost,Default,Default,Constrained,50 Percent by 2050,e-diesel,2050,83.16452
h4r2b1n1c2p2,Blue,Advanced cost,Default,Default,Constrained,50 Percent by 2050,electricity,2030,41.2319
h4r2b1n1c2p2,Blue,Advanced cost,Default,Default,Constrained,50 Percent by 2050,electricity,2040,44.36652
h4r2b1n1c2p2,Blue,Advanced cost,Default,Default,Constrained,50 Percent by 2050,electricity,2050,44.59452
h4r2b1n1c2p2,Blue,Advanced cost,Default,Default,Constrained,50 Percent by 2050,hydrogen,2030,NA
h4r2b1n1c2p2,Blue,Advanced cost,Default,Default,Constrained,50 Percent by 2050,hydrogen,2040,NA
h4r2b1n1c2p2,Blue,Advanced cost,Default,Default,Constrained,50 Percent by 2050,hydrogen,2050,NA
h4r2b1n1c2p2,Blue,Advanced cost,Default,Default,Constrained,50 Percent by 2050,petroleum diesel,2030,30.33461
h4r2b1n1c2p2,Blue,Advanced cost,Default,Default,Constrained,50 Percent by 2050,petroleum diesel,2040,32.32563
h4r2b1n1c2p2,Blue,Advanced cost,Default,Default,Constrained,50 Percent by 2050,petroleum diesel,2050,32.85774
h4r2b1n1c2p2,Blue,Advanced cost,Default,Default,Constrained,50 Percent by 2050,renewable diesel,2030,54.226
h4r2b1n1c2p2,Blue,Advanced cost,Default,Default,Constrained,50 Percent by 2050,renewable diesel,2040,44.87724
h4r2b1n1c2p2,Blue,Advanced cost,Default,Default,Constrained,50 Percent by 2050,renewable diesel,2050,47.7394
h4r2b1n1c2p3,Blue,Advanced cost,Default,Default,Constrained,Net Zero by 2050,FT biofuels,2030,26.39339
h4r2b1n1c2p3,Blue,Advanced cost,Default,Default,Constrained,Net Zero by 2050,FT biofuels,2040,22.06968
h4r2b1n1c2p3,Blue,Advanced cost,Default,Default,Constrained,Net Zero by 2050,FT biofuels,2050,8.88626
h4r2b1n1c2p3,Blue,Advanced cost,Default,Default,Constrained,Net Zero by 2050,FT biofuels CCS,2030,22.22956
h4r2b1n1c2p3,Blue,Advanced cost,Default,Default,Constrained,Net Zero by 2050,FT biofuels CCS,2040,17.92139
h4r2b1n1c2p3,Blue,Advanced cost,Default,Default,Constrained,Net Zero by 2050,FT biofuels CCS,2050,21.34456
h4r2b1n1c2p3,Blue,Advanced cost,Default,Default,Constrained,Net Zero by 2050,LNG,2030,21.91008
h4r2b1n1c2p3,Blue,Advanced cost,Default,Default,Constrained,Net Zero by 2050,LNG,2040,28.89915
h4r2b1n1c2p3,Blue,Advanced cost,Default,Default,Constrained,Net Zero by 2050,LNG,2050,50.153
h4r2b1n1c2p3,Blue,Advanced cost,Default,Default,Constrained,Net Zero by 2050,ammonia,2030,48.22238
h4r2b1n1c2p3,Blue,Advanced cost,Default,Default,Constrained,Net Zero by 2050,ammonia,2040,52.2405
h4r2b1n1c2p3,Blue,Advanced cost,Default,Default,Constrained,Net Zero by 2050,ammonia,2050,60.42038
h4r2b1n1c2p3,Blue,Advanced cost,Default,Default,Constrained,Net Zero by 2050,e-diesel,2030,84.4132
h4r2b1n1c2p3,Blue,Advanced cost,Default,Default,Constrained,Net Zero by 2050,e-diesel,2040,85.23324
h4r2b1n1c2p3,Blue,Advanced cost,Default,Default,Constrained,Net Zero by 2050,e-diesel,2050,92.63526
h4r2b1n1c2p3,Blue,Advanced cost,Default,Default,Constrained,Net Zero by 2050,electricity,2030,46.05942
h4r2b1n1c2p3,Blue,Advanced cost,Default,Default,Constrained,Net Zero by 2050,electricity,2040,48.47052
h4r2b1n1c2p3,Blue,Advanced cost,Default,Default,Constrained,Net Zero by 2050,electricity,2050,47.04628
h4r2b1n1c2p3,Blue,Advanced cost,Default,Default,Constrained,Net Zero by 2050,hydrogen,2030,NA
h4r2b1n1c2p3,Blue,Advanced cost,Default,Default,Constrained,Net Zero by 2050,hydrogen,2040,NA
h4r2b1n1c2p3,Blue,Advanced cost,Default,Default,Constrained,Net Zero by 2050,hydrogen,2050,NA
h4r2b1n1c2p3,Blue,Advanced cost,Default,Default,Constrained,Net Zero by 2050,petroleum diesel,2030,35.97144
h4r2b1n1c2p3,Blue,Advanced cost,Default,Default,Constrained,Net Zero by 2050,petroleum diesel,2040,38.55423
h4r2b1n1c2p3,Blue,Advanced cost,Default,Default,Constrained,Net Zero by 2050,petroleum diesel,2050,49.22239
h4r2b1n1c2p3,Blue,Advanced cost,Default,Default,Constrained,Net Zero by 2050,renewable diesel,2030,50.90328
h4r2b1n1c2p3,Blue,Advanced cost,Default,Default,Constrained,Net Zero by 2050,renewable diesel,2040,45.84586
h4r2b1n1c2p3,Blue,Advanced cost,Default,Default,Constrained,Net Zero by 2050,renewable diesel,2050,47.29974
h4r2b1n2c1p1,Blue,Advanced cost,Default,Advanced cost,Default,No policy,FT biofuels,2030,32.03081
h4r2b1n2c1p1,Blue,Advanced cost,Default,Advanced cost,Default,No policy,FT biofuels,2040,31.63466
h4r2b1n2c1p1,Blue,Advanced cost,Default,Advanced cost,Default,No policy,FT biofuels,2050,31.17322
h4r2b1n2c1p1,Blue,Advanced cost,Default,Advanced cost,Default,No policy,FT biofuels CCS,2030,35.75154
h4r2b1n2c1p1,Blue,Advanced cost,Default,Advanced cost,Default,No policy,FT biofuels CCS,2040,35.32413
h4r2b1n2c1p1,Blue,Advanced cost,Default,Advanced cost,Default,No policy,FT biofuels CCS,2050,35.04195
h4r2b1n2c1p1,Blue,Advanced cost,Default,Advanced cost,Default,No policy,LNG,2030,10.81803
h4r2b1n2c1p1,Blue,Advanced cost,Default,Advanced cost,Default,No policy,LNG,2040,10.56058
h4r2b1n2c1p1,Blue,Advanced cost,Default,Advanced cost,Default,No policy,LNG,2050,11.15927
h4r2b1n2c1p1,Blue,Advanced cost,Default,Advanced cost,Default,No policy,ammonia,2030,45.30132
h4r2b1n2c1p1,Blue,Advanced cost,Default,Advanced cost,Default,No policy,ammonia,2040,44.2149
h4r2b1n2c1p1,Blue,Advanced cost,Default,Advanced cost,Default,No policy,ammonia,2050,44.02452
h4r2b1n2c1p1,Blue,Advanced cost,Default,Advanced cost,Default,No policy,e-diesel,2030,81.46706
h4r2b1n2c1p1,Blue,Advanced cost,Default,Advanced cost,Default,No policy,e-diesel,2040,76.94316
h4r2b1n2c1p1,Blue,Advanced cost,Default,Advanced cost,Default,No policy,e-diesel,2050,76.79192
h4r2b1n2c1p1,Blue,Advanced cost,Default,Advanced cost,Default,No policy,electricity,2030,39.17876
h4r2b1n2c1p1,Blue,Advanced cost,Default,Advanced cost,Default,No policy,electricity,2040,36.47023
h4r2b1n2c1p1,Blue,Advanced cost,Default,Advanced cost,Default,No policy,electricity,2050,35.91441
h4r2b1n2c1p1,Blue,Advanced cost,Default,Advanced cost,Default,No policy,hydrogen,2030,NA
h4r2b1n2c1p1,Blue,Advanced cost,Default,Advanced cost,Default,No policy,hydrogen,2040,NA
h4r2b1n2c1p1,Blue,Advanced cost,Default,Advanced cost,Default,No policy,hydrogen,2050,NA
h4r2b1n2c1p1,Blue,Advanced cost,Default,Advanced cost,Default,No policy,petroleum diesel,2030,28.18639
h4r2b1n2c1p1,Blue,Advanced cost,Default,Advanced cost,Default,No policy,petroleum diesel,2040,26.88143
h4r2b1n2c1p1,Blue,Advanced cost,Default,Advanced cost,Default,No policy,petroleum diesel,2050,26.22156
h4r2b1n2c1p1,Blue,Advanced cost,Default,Advanced cost,Default,No policy,renewable diesel,2030,55.6757
h4r2b1n2c1p1,Blue,Advanced cost,Default,Advanced cost,Default,No policy,renewable diesel,2040,48.32802
h4r2b1n2c1p1,Blue,Advanced cost,Default,Advanced cost,Default,No policy,renewable diesel,2050,48.85774
h4r2b1n2c1p2,Blue,Advanced cost,Default,Advanced cost,Default,50 Percent by 2050,FT biofuels,2030,31.942
h4r2b1n2c1p2,Blue,Advanced cost,Default,Advanced cost,Default,50 Percent by 2050,FT biofuels,2040,29.97774
h4r2b1n2c1p2,Blue,Advanced cost,Default,Advanced cost,Default,50 Percent by 2050,FT biofuels,2050,30.74466
h4r2b1n2c1p2,Blue,Advanced cost,Default,Advanced cost,Default,50 Percent by 2050,FT biofuels CCS,2030,33.56244
h4r2b1n2c1p2,Blue,Advanced cost,Default,Advanced cost,Default,50 Percent by 2050,FT biofuels CCS,2040,28.89797
h4r2b1n2c1p2,Blue,Advanced cost,Default,Advanced cost,Default,50 Percent by 2050,FT biofuels CCS,2050,27.74158
h4r2b1n2c1p2,Blue,Advanced cost,Default,Advanced cost,Default,50 Percent by 2050,LNG,2030,13.27834
h4r2b1n2c1p2,Blue,Advanced cost,Default,Advanced cost,Default,50 Percent by 2050,LNG,2040,16.16199
h4r2b1n2c1p2,Blue,Advanced cost,Default,Advanced cost,Default,50 Percent by 2050,LNG,2050,19.34962
h4r2b1n2c1p2,Blue,Advanced cost,Default,Advanced cost,Default,50 Percent by 2050,ammonia,2030,45.83104
h4r2b1n2c1p2,Blue,Advanced cost,Default,Advanced cost,Default,50 Percent by 2050,ammonia,2040,44.80276
h4r2b1n2c1p2,Blue,Advanced cost,Default,Advanced cost,Default,50 Percent by 2050,ammonia,2050,44.76476
h4r2b1n2c1p2,Blue,Advanced cost,Default,Advanced cost,Default,50 Percent by 2050,e-diesel,2030,82.18716
h4r2b1n2c1p2,Blue,Advanced cost,Default,Advanced cost,Default,50 Percent by 2050,e-diesel,2040,76.01026
h4r2b1n2c1p2,Blue,Advanced cost,Default,Advanced cost,Default,50 Percent by 2050,e-diesel,2050,74.79616
h4r2b1n2c1p2,Blue,Advanced cost,Default,Advanced cost,Default,50 Percent by 2050,electricity,2030,40.98946
h4r2b1n2c1p2,Blue,Advanced cost,Default,Advanced cost,Default,50 Percent by 2050,electricity,2040,38.64144
h4r2b1n2c1p2,Blue,Advanced cost,Default,Advanced cost,Default,50 Percent by 2050,electricity,2050,38.66728
h4r2b1n2c1p2,Blue,Advanced cost,Default,Advanced cost,Default,50 Percent by 2050,hydrogen,2030,NA
h4r2b1n2c1p2,Blue,Advanced cost,Default,Advanced cost,Default,50 Percent by 2050,hydrogen,2040,NA
h4r2b1n2c1p2,Blue,Advanced cost,Default,Advanced cost,Default,50 Percent by 2050,hydrogen,2050,NA
h4r2b1n2c1p2,Blue,Advanced cost,Default,Advanced cost,Default,50 Percent by 2050,petroleum diesel,2030,29.84941
h4r2b1n2c1p2,Blue,Advanced cost,Default,Advanced cost,Default,50 Percent by 2050,petroleum diesel,2040,30.0395
h4r2b1n2c1p2,Blue,Advanced cost,Default,Advanced cost,Default,50 Percent by 2050,petroleum diesel,2050,29.97544
h4r2b1n2c1p2,Blue,Advanced cost,Default,Advanced cost,Default,50 Percent by 2050,renewable diesel,2030,54.54444
h4r2b1n2c1p2,Blue,Advanced cost,Default,Advanced cost,Default,50 Percent by 2050,renewable diesel,2040,45.62014
h4r2b1n2c1p2,Blue,Advanced cost,Default,Advanced cost,Default,50 Percent by 2050,renewable diesel,2050,47.12608
h4r2b1n2c1p3,Blue,Advanced cost,Default,Advanced cost,Default,Net Zero by 2050,FT biofuels,2030,26.91654
h4r2b1n2c1p3,Blue,Advanced cost,Default,Advanced cost,Default,Net Zero by 2050,FT biofuels,2040,25.02319
h4r2b1n2c1p3,Blue,Advanced cost,Default,Advanced cost,Default,Net Zero by 2050,FT biofuels,2050,20.65741
h4r2b1n2c1p3,Blue,Advanced cost,Default,Advanced cost,Default,Net Zero by 2050,FT biofuels CCS,2030,21.79518
h4r2b1n2c1p3,Blue,Advanced cost,Default,Advanced cost,Default,Net Zero by 2050,FT biofuels CCS,2040,17.98312
h4r2b1n2c1p3,Blue,Advanced cost,Default,Advanced cost,Default,Net Zero by 2050,FT biofuels CCS,2050,8.25044
h4r2b1n2c1p3,Blue,Advanced cost,Default,Advanced cost,Default,Net Zero by 2050,LNG,2030,21.08179
h4r2b1n2c1p3,Blue,Advanced cost,Default,Advanced cost,Default,Net Zero by 2050,LNG,2040,23.2887
h4r2b1n2c1p3,Blue,Advanced cost,Default,Advanced cost,Default,Net Zero by 2050,LNG,2050,30.38804
h4r2b1n2c1p3,Blue,Advanced cost,Default,Advanced cost,Default,Net Zero by 2050,ammonia,2030,46.15746
h4r2b1n2c1p3,Blue,Advanced cost,Default,Advanced cost,Default,Net Zero by 2050,ammonia,2040,45.18542
h4r2b1n2c1p3,Blue,Advanced cost,Default,Advanced cost,Default,Net Zero by 2050,ammonia,2050,45.12386
h4r2b1n2c1p3,Blue,Advanced cost,Default,Advanced cost,Default,Net Zero by 2050,e-diesel,2030,82.62796
h4r2b1n2c1p3,Blue,Advanced cost,Default,Advanced cost,Default,Net Zero by 2050,e-diesel,2040,73.24728
h4r2b1n2c1p3,Blue,Advanced cost,Default,Advanced cost,Default,Net Zero by 2050,e-diesel,2050,68.98558
h4r2b1n2c1p3,Blue,Advanced cost,Default,Advanced cost,Default,Net Zero by 2050,electricity,2030,45.1098
h4r2b1n2c1p3,Blue,Advanced cost,Default,Advanced cost,Default,Net Zero by 2050,electricity,2040,39.88632
h4r2b1n2c1p3,Blue,Advanced cost,Default,Advanced cost,Default,Net Zero by 2050,electricity,2050,39.4421
h4r2b1n2c1p3,Blue,Advanced cost,Default,Advanced cost,Default,Net Zero by 2050,hydrogen,2030,NA
h4r2b1n2c1p3,Blue,Advanced cost,Default,Advanced cost,Default,Net Zero by 2050,hydrogen,2040,NA
h4r2b1n2c1p3,Blue,Advanced cost,Default,Advanced cost,Default,Net Zero by 2050,hydrogen,2050,NA
h4r2b1n2c1p3,Blue,Advanced cost,Default,Advanced cost,Default,Net Zero by 2050,petroleum diesel,2030,35.36542
h4r2b1n2c1p3,Blue,Advanced cost,Default,Advanced cost,Default,Net Zero by 2050,petroleum diesel,2040,34.76919
h4r2b1n2c1p3,Blue,Advanced cost,Default,Advanced cost,Default,Net Zero by 2050,petroleum diesel,2050,36.58244
h4r2b1n2c1p3,Blue,Advanced cost,Default,Advanced cost,Default,Net Zero by 2050,renewable diesel,2030,51.2677
h4r2b1n2c1p3,Blue,Advanced cost,Default,Advanced cost,Default,Net Zero by 2050,renewable diesel,2040,45.55554
h4r2b1n2c1p3,Blue,Advanced cost,Default,Advanced cost,Default,Net Zero by 2050,renewable diesel,2050,44.00742
h4r2b1n2c2p1,Blue,Advanced cost,Default,Advanced cost,Constrained,No policy,FT biofuels,2030,32.02108
h4r2b1n2c2p1,Blue,Advanced cost,Default,Advanced cost,Constrained,No policy,FT biofuels,2040,31.60616
h4r2b1n2c2p1,Blue,Advanced cost,Default,Advanced cost,Constrained,No policy,FT biofuels,2050,31.07598
h4r2b1n2c2p1,Blue,Advanced cost,Default,Advanced cost,Constrained,No policy,FT biofuels CCS,2030,36.36021
h4r2b1n2c2p1,Blue,Advanced cost,Default,Advanced cost,Constrained,No policy,FT biofuels CCS,2040,37.45983
h4r2b1n2c2p1,Blue,Advanced cost,Default,Advanced cost,Constrained,No policy,FT biofuels CCS,2050,39.29327
h4r2b1n2c2p1,Blue,Advanced cost,Default,Advanced cost,Constrained,No policy,LNG,2030,10.81818
h4r2b1n2c2p1,Blue,Advanced cost,Default,Advanced cost,Constrained,No policy,LNG,2040,10.55534
h4r2b1n2c2p1,Blue,Advanced cost,Default,Advanced cost,Constrained,No policy,LNG,2050,11.14684
h4r2b1n2c2p1,Blue,Advanced cost,Default,Advanced cost,Constrained,No policy,ammonia,2030,46.48198
h4r2b1n2c2p1,Blue,Advanced cost,Default,Advanced cost,Constrained,No policy,ammonia,2040,47.00524
h4r2b1n2c2p1,Blue,Advanced cost,Default,Advanced cost,Constrained,No policy,ammonia,2050,48.2866
h4r2b1n2c2p1,Blue,Advanced cost,Default,Advanced cost,Constrained,No policy,e-diesel,2030,81.84934
h4r2b1n2c2p1,Blue,Advanced cost,Default,Advanced cost,Constrained,No policy,e-diesel,2040,78.30014
h4r2b1n2c2p1,Blue,Advanced cost,Default,Advanced cost,Constrained,No policy,e-diesel,2050,79.52336
h4r2b1n2c2p1,Blue,Advanced cost,Default,Advanced cost,Constrained,No policy,electricity,2030,39.16774
h4r2b1n2c2p1,Blue,Advanced cost,Default,Advanced cost,Constrained,No policy,electricity,2040,36.44588
h4r2b1n2c2p1,Blue,Advanced cost,Default,Advanced cost,Constrained,No policy,electricity,2050,35.87512
h4r2b1n2c2p1,Blue,Advanced cost,Default,Advanced cost,Constrained,No policy,hydrogen,2030,NA
h4r2b1n2c2p1,Blue,Advanced cost,Default,Advanced cost,Constrained,No policy,hydrogen,2040,NA
h4r2b1n2c2p1,Blue,Advanced cost,Default,Advanced cost,Constrained,No policy,hydrogen,2050,NA
h4r2b1n2c2p1,Blue,Advanced cost,Default,Advanced cost,Constrained,No policy,petroleum diesel,2030,28.19668
h4r2b1n2c2p1,Blue,Advanced cost,Default,Advanced cost,Constrained,No policy,petroleum diesel,2040,26.9827
h4r2b1n2c2p1,Blue,Advanced cost,Default,Advanced cost,Constrained,No policy,petroleum diesel,2050,26.44709
h4r2b1n2c2p1,Blue,Advanced cost,Default,Advanced cost,Constrained,No policy,renewable diesel,2030,55.73574
h4r2b1n2c2p1,Blue,Advanced cost,Default,Advanced cost,Constrained,No policy,renewable diesel,2040,48.60314
h4r2b1n2c2p1,Blue,Advanced cost,Default,Advanced cost,Constrained,No policy,renewable diesel,2050,49.85942
h4r2b1n2c2p2,Blue,Advanced cost,Default,Advanced cost,Constrained,50 Percent by 2050,FT biofuels,2030,31.72487
h4r2b1n2c2p2,Blue,Advanced cost,Default,Advanced cost,Constrained,50 Percent by 2050,FT biofuels,2040,29.41238
h4r2b1n2c2p2,Blue,Advanced cost,Default,Advanced cost,Constrained,50 Percent by 2050,FT biofuels,2050,29.01395
h4r2b1n2c2p2,Blue,Advanced cost,Default,Advanced cost,Constrained,50 Percent by 2050,FT biofuels CCS,2030,33.87814
h4r2b1n2c2p2,Blue,Advanced cost,Default,Advanced cost,Constrained,50 Percent by 2050,FT biofuels CCS,2040,30.45669
h4r2b1n2c2p2,Blue,Advanced cost,Default,Advanced cost,Constrained,50 Percent by 2050,FT biofuels CCS,2050,30.38745
h4r2b1n2c2p2,Blue,Advanced cost,Default,Advanced cost,Constrained,50 Percent by 2050,LNG,2030,13.44096
h4r2b1n2c2p2,Blue,Advanced cost,Default,Advanced cost,Constrained,50 Percent by 2050,LNG,2040,16.77174
h4r2b1n2c2p2,Blue,Advanced cost,Default,Advanced cost,Constrained,50 Percent by 2050,LNG,2050,20.74304
h4r2b1n2c2p2,Blue,Advanced cost,Default,Advanced cost,Constrained,50 Percent by 2050,ammonia,2030,47.4544
h4r2b1n2c2p2,Blue,Advanced cost,Default,Advanced cost,Constrained,50 Percent by 2050,ammonia,2040,48.09508
h4r2b1n2c2p2,Blue,Advanced cost,Default,Advanced cost,Constrained,50 Percent by 2050,ammonia,2050,50.04942
h4r2b1n2c2p2,Blue,Advanced cost,Default,Advanced cost,Constrained,50 Percent by 2050,e-diesel,2030,82.62226
h4r2b1n2c2p2,Blue,Advanced cost,Default,Advanced cost,Constrained,50 Percent by 2050,e-diesel,2040,77.48808
h4r2b1n2c2p2,Blue,Advanced cost,Default,Advanced cost,Constrained,50 Percent by 2050,e-diesel,2050,77.80082
h4r2b1n2c2p2,Blue,Advanced cost,Default,Advanced cost,Constrained,50 Percent by 2050,electricity,2030,41.07306
h4r2b1n2c2p2,Blue,Advanced cost,Default,Advanced cost,Constrained,50 Percent by 2050,electricity,2040,38.79154
h4r2b1n2c2p2,Blue,Advanced cost,Default,Advanced cost,Constrained,50 Percent by 2050,electricity,2050,38.96976
h4r2b1n2c2p2,Blue,Advanced cost,Default,Advanced cost,Constrained,50 Percent by 2050,hydrogen,2030,NA
h4r2b1n2c2p2,Blue,Advanced cost,Default,Advanced cost,Constrained,50 Percent by 2050,hydrogen,2040,NA
h4r2b1n2c2p2,Blue,Advanced cost,Default,Advanced cost,Constrained,50 Percent by 2050,hydrogen,2050,NA
h4r2b1n2c2p2,Blue,Advanced cost,Default,Advanced cost,Constrained,50 Percent by 2050,petroleum diesel,2030,29.97973
h4r2b1n2c2p2,Blue,Advanced cost,Default,Advanced cost,Constrained,50 Percent by 2050,petroleum diesel,2040,30.51435
h4r2b1n2c2p2,Blue,Advanced cost,Default,Advanced cost,Constrained,50 Percent by 2050,petroleum diesel,2050,30.99039
h4r2b1n2c2p2,Blue,Advanced cost,Default,Advanced cost,Constrained,50 Percent by 2050,renewable diesel,2030,54.50454
h4r2b1n2c2p2,Blue,Advanced cost,Default,Advanced cost,Constrained,50 Percent by 2050,renewable diesel,2040,45.48638
h4r2b1n2c2p2,Blue,Advanced cost,Default,Advanced cost,Constrained,50 Percent by 2050,renewable diesel,2050,47.30316
h4r2b2n1c1p1,Blue,Advanced cost,Constrained,Default,Default,No policy,FT biofuels,2030,32.03727
h4r2b2n1c1p1,Blue,Advanced cost,Constrained,Default,Default,No policy,FT biofuels,2040,31.74547
h4r2b2n1c1p1,Blue,Advanced cost,Constrained,Default,Default,No policy,FT biofuels,2050,31.43056
h4r2b2n1c1p1,Blue,Advanced cost,Constrained,Default,Default,No policy,FT biofuels CCS,2030,35.75756
h4r2b2n1c1p1,Blue,Advanced cost,Constrained,Default,Default,No policy,FT biofuels CCS,2040,35.44853
h4r2b2n1c1p1,Blue,Advanced cost,Constrained,Default,Default,No policy,FT biofuels CCS,2050,35.31407
h4r2b2n1c1p1,Blue,Advanced cost,Constrained,Default,Default,No policy,LNG,2030,10.82867
h4r2b2n1c1p1,Blue,Advanced cost,Constrained,Default,Default,No policy,LNG,2040,10.68324
h4r2b2n1c1p1,Blue,Advanced cost,Constrained,Default,Default,No policy,LNG,2050,11.31944
h4r2b2n1c1p1,Blue,Advanced cost,Constrained,Default,Default,No policy,ammonia,2030,45.31652
h4r2b2n1c1p1,Blue,Advanced cost,Constrained,Default,Default,No policy,ammonia,2040,44.39882
h4r2b2n1c1p1,Blue,Advanced cost,Constrained,Default,Default,No policy,ammonia,2050,44.24378
h4r2b2n1c1p1,Blue,Advanced cost,Constrained,Default,Default,No policy,e-diesel,2030,81.13608
h4r2b2n1c1p1,Blue,Advanced cost,Constrained,Default,Default,No policy,e-diesel,2040,79.2832
h4r2b2n1c1p1,Blue,Advanced cost,Constrained,Default,Default,No policy,e-diesel,2050,78.91498
h4r2b2n1c1p1,Blue,Advanced cost,Constrained,Default,Default,No policy,electricity,2030,38.89148
h4r2b2n1c1p1,Blue,Advanced cost,Constrained,Default,Default,No policy,electricity,2040,38.34352
h4r2b2n1c1p1,Blue,Advanced cost,Constrained,Default,Default,No policy,electricity,2050,37.57493
h4r2b2n1c1p1,Blue,Advanced cost,Constrained,Default,Default,No policy,hydrogen,2030,NA
h4r2b2n1c1p1,Blue,Advanced cost,Constrained,Default,Default,No policy,hydrogen,2040,NA
h4r2b2n1c1p1,Blue,Advanced cost,Constrained,Default,Default,No policy,hydrogen,2050,NA
h4r2b2n1c1p1,Blue,Advanced cost,Constrained,Default,Default,No policy,petroleum diesel,2030,28.18536
h4r2b2n1c1p1,Blue,Advanced cost,Constrained,Default,Default,No policy,petroleum diesel,2040,27.05524
h4r2b2n1c1p1,Blue,Advanced cost,Constrained,Default,Default,No policy,petroleum diesel,2050,26.42649
h4r2b2n1c1p1,Blue,Advanced cost,Constrained,Default,Default,No policy,renewable diesel,2030,55.66734
h4r2b2n1c1p1,Blue,Advanced cost,Constrained,Default,Default,No policy,renewable diesel,2040,48.55526
h4r2b2n1c1p1,Blue,Advanced cost,Constrained,Default,Default,No policy,renewable diesel,2050,49.17694
h4r2b2n1c1p2,Blue,Advanced cost,Constrained,Default,Default,50 Percent by 2050,FT biofuels,2030,31.70055
h4r2b2n1c1p2,Blue,Advanced cost,Constrained,Default,Default,50 Percent by 2050,FT biofuels,2040,29.64969
h4r2b2n1c1p2,Blue,Advanced cost,Constrained,Default,Default,50 Percent by 2050,FT biofuels,2050,31.76272
h4r2b2n1c1p2,Blue,Advanced cost,Constrained,Default,Default,50 Percent by 2050,FT biofuels CCS,2030,32.90207
h4r2b2n1c1p2,Blue,Advanced cost,Constrained,Default,Default,50 Percent by 2050,FT biofuels CCS,2040,26.82088
h4r2b2n1c1p2,Blue,Advanced cost,Constrained,Default,Default,50 Percent by 2050,FT biofuels CCS,2050,27.13216
h4r2b2n1c1p2,Blue,Advanced cost,Constrained,Default,Default,50 Percent by 2050,LNG,2030,13.77377
h4r2b2n1c1p2,Blue,Advanced cost,Constrained,Default,Default,50 Percent by 2050,LNG,2040,18.52409
h4r2b2n1c1p2,Blue,Advanced cost,Constrained,Default,Default,50 Percent by 2050,LNG,2050,21.65474
h4r2b2n1c1p2,Blue,Advanced cost,Constrained,Default,Default,50 Percent by 2050,ammonia,2030,45.8983
h4r2b2n1c1p2,Blue,Advanced cost,Constrained,Default,Default,50 Percent by 2050,ammonia,2040,45.35224
h4r2b2n1c1p2,Blue,Advanced cost,Constrained,Default,Default,50 Percent by 2050,ammonia,2050,45.31728
h4r2b2n1c1p2,Blue,Advanced cost,Constrained,Default,Default,50 Percent by 2050,e-diesel,2030,82.1028
h4r2b2n1c1p2,Blue,Advanced cost,Constrained,Default,Default,50 Percent by 2050,e-diesel,2040,81.19194
h4r2b2n1c1p2,Blue,Advanced cost,Constrained,Default,Default,50 Percent by 2050,e-diesel,2050,79.7677
h4r2b2n1c1p2,Blue,Advanced cost,Constrained,Default,Default,50 Percent by 2050,electricity,2030,41.138420000000004
h4r2b2n1c1p2,Blue,Advanced cost,Constrained,Default,Default,50 Percent by 2050,electricity,2040,43.92458
h4r2b2n1c1p2,Blue,Advanced cost,Constrained,Default,Default,50 Percent by 2050,electricity,2050,43.7171
h4r2b2n1c1p2,Blue,Advanced cost,Constrained,Default,Default,50 Percent by 2050,hydrogen,2030,NA
h4r2b2n1c1p2,Blue,Advanced cost,Constrained,Default,Default,50 Percent by 2050,hydrogen,2040,NA
h4r2b2n1c1p2,Blue,Advanced cost,Constrained,Default,Default,50 Percent by 2050,hydrogen,2050,NA
h4r2b2n1c1p2,Blue,Advanced cost,Constrained,Default,Default,50 Percent by 2050,petroleum diesel,2030,30.19447
h4r2b2n1c1p2,Blue,Advanced cost,Constrained,Default,Default,50 Percent by 2050,petroleum diesel,2040,31.68491
h4r2b2n1c1p2,Blue,Advanced cost,Constrained,Default,Default,50 Percent by 2050,petroleum diesel,2050,31.53581
h4r2b2n1c1p2,Blue,Advanced cost,Constrained,Default,Default,50 Percent by 2050,renewable diesel,2030,54.27046
h4r2b2n1c1p2,Blue,Advanced cost,Constrained,Default,Default,50 Percent by 2050,renewable diesel,2040,44.98022
h4r2b2n1c1p2,Blue,Advanced cost,Constrained,Default,Default,50 Percent by 2050,renewable diesel,2050,47.59462
h4r2b2n1c1p3,Blue,Advanced cost,Constrained,Default,Default,Net Zero by 2050,FT biofuels,2030,26.86893
h4r2b2n1c1p3,Blue,Advanced cost,Constrained,Default,Default,Net Zero by 2050,FT biofuels,2040,25.36363
h4r2b2n1c1p3,Blue,Advanced cost,Constrained,Default,Default,Net Zero by 2050,FT biofuels,2050,20.42901
h4r2b2n1c1p3,Blue,Advanced cost,Constrained,Default,Default,Net Zero by 2050,FT biofuels CCS,2030,21.55105
h4r2b2n1c1p3,Blue,Advanced cost,Constrained,Default,Default,Net Zero by 2050,FT biofuels CCS,2040,17.10858
h4r2b2n1c1p3,Blue,Advanced cost,Constrained,Default,Default,Net Zero by 2050,FT biofuels CCS,2050,6.26532
h4r2b2n1c1p3,Blue,Advanced cost,Constrained,Default,Default,Net Zero by 2050,LNG,2030,21.36541
h4r2b2n1c1p3,Blue,Advanced cost,Constrained,Default,Default,Net Zero by 2050,LNG,2040,25.06107
h4r2b2n1c1p3,Blue,Advanced cost,Constrained,Default,Default,Net Zero by 2050,LNG,2050,32.90237
h4r2b2n1c1p3,Blue,Advanced cost,Constrained,Default,Default,Net Zero by 2050,ammonia,2030,46.23232
h4r2b2n1c1p3,Blue,Advanced cost,Constrained,Default,Default,Net Zero by 2050,ammonia,2040,45.66194
h4r2b2n1c1p3,Blue,Advanced cost,Constrained,Default,Default,Net Zero by 2050,ammonia,2050,45.67068
h4r2b2n1c1p3,Blue,Advanced cost,Constrained,Default,Default,Net Zero by 2050,e-diesel,2030,83.23482
h4r2b2n1c1p3,Blue,Advanced cost,Constrained,Default,Default,Net Zero by 2050,e-diesel,2040,80.5999
h4r2b2n1c1p3,Blue,Advanced cost,Constrained,Default,Default,Net Zero by 2050,e-diesel,2050,75.1408
h4r2b2n1c1p3,Blue,Advanced cost,Constrained,Default,Default,Net Zero by 2050,electricity,2030,45.69082
h4r2b2n1c1p3,Blue,Advanced cost,Constrained,Default,Default,Net Zero by 2050,electricity,2040,46.64158
h4r2b2n1c1p3,Blue,Advanced cost,Constrained,Default,Default,Net Zero by 2050,electricity,2050,45.48486
h4r2b2n1c1p3,Blue,Advanced cost,Constrained,Default,Default,Net Zero by 2050,hydrogen,2030,NA
h4r2b2n1c1p3,Blue,Advanced cost,Constrained,Default,Default,Net Zero by 2050,hydrogen,2040,NA
h4r2b2n1c1p3,Blue,Advanced cost,Constrained,Default,Default,Net Zero by 2050,hydrogen,2050,NA
h4r2b2n1c1p3,Blue,Advanced cost,Constrained,Default,Default,Net Zero by 2050,petroleum diesel,2030,35.5391
h4r2b2n1c1p3,Blue,Advanced cost,Constrained,Default,Default,Net Zero by 2050,petroleum diesel,2040,35.63358
h4r2b2n1c1p3,Blue,Advanced cost,Constrained,Default,Default,Net Zero by 2050,petroleum diesel,2050,38.53783
h4r2b2n1c1p3,Blue,Advanced cost,Constrained,Default,Default,Net Zero by 2050,renewable diesel,2030,51.31216
h4r2b2n1c1p3,Blue,Advanced cost,Constrained,Default,Default,Net Zero by 2050,renewable diesel,2040,46.94368
h4r2b2n1c1p3,Blue,Advanced cost,Constrained,Default,Default,Net Zero by 2050,renewable diesel,2050,44.65188
h4r2b2n1c2p1,Blue,Advanced cost,Constrained,Default,Constrained,No policy,FT biofuels,2030,32.0275
h4r2b2n1c2p1,Blue,Advanced cost,Constrained,Default,Constrained,No policy,FT biofuels,2040,31.71453
h4r2b2n1c2p1,Blue,Advanced cost,Constrained,Default,Constrained,No policy,FT biofuels,2050,31.25568
h4r2b2n1c2p1,Blue,Advanced cost,Constrained,Default,Constrained,No policy,FT biofuels CCS,2030,36.36965
h4r2b2n1c2p1,Blue,Advanced cost,Constrained,Default,Constrained,No policy,FT biofuels CCS,2040,37.5964
h4r2b2n1c2p1,Blue,Advanced cost,Constrained,Default,Constrained,No policy,FT biofuels CCS,2050,39.53302
h4r2b2n1c2p1,Blue,Advanced cost,Constrained,Default,Constrained,No policy,LNG,2030,10.82878
h4r2b2n1c2p1,Blue,Advanced cost,Constrained,Default,Constrained,No policy,LNG,2040,10.67766
h4r2b2n1c2p1,Blue,Advanced cost,Constrained,Default,Constrained,No policy,LNG,2050,11.30656
h4r2b2n1c2p1,Blue,Advanced cost,Constrained,Default,Constrained,No policy,ammonia,2030,46.5006
h4r2b2n1c2p1,Blue,Advanced cost,Constrained,Default,Constrained,No policy,ammonia,2040,47.20968
h4r2b2n1c2p1,Blue,Advanced cost,Constrained,Default,Constrained,No policy,ammonia,2050,48.54272
h4r2b2n1c2p1,Blue,Advanced cost,Constrained,Default,Constrained,No policy,e-diesel,2030,81.5195
h4r2b2n1c2p1,Blue,Advanced cost,Constrained,Default,Constrained,No policy,e-diesel,2040,80.6265
h4r2b2n1c2p1,Blue,Advanced cost,Constrained,Default,Constrained,No policy,e-diesel,2050,81.64642
h4r2b2n1c2p1,Blue,Advanced cost,Constrained,Default,Constrained,No policy,electricity,2030,38.87932
h4r2b2n1c2p1,Blue,Advanced cost,Constrained,Default,Constrained,No policy,electricity,2040,38.29982
h4r2b2n1c2p1,Blue,Advanced cost,Constrained,Default,Constrained,No policy,electricity,2050,37.50931
h4r2b2n1c2p1,Blue,Advanced cost,Constrained,Default,Constrained,No policy,hydrogen,2030,NA
h4r2b2n1c2p1,Blue,Advanced cost,Constrained,Default,Constrained,No policy,hydrogen,2040,NA
h4r2b2n1c2p1,Blue,Advanced cost,Constrained,Default,Constrained,No policy,hydrogen,2050,NA
h4r2b2n1c2p1,Blue,Advanced cost,Constrained,Default,Constrained,No policy,petroleum diesel,2030,28.19566
h4r2b2n1c2p1,Blue,Advanced cost,Constrained,Default,Constrained,No policy,petroleum diesel,2040,27.15328
h4r2b2n1c2p1,Blue,Advanced cost,Constrained,Default,Constrained,No policy,petroleum diesel,2050,26.6415
h4r2b2n1c2p1,Blue,Advanced cost,Constrained,Default,Constrained,No policy,renewable diesel,2030,55.72738
h4r2b2n1c2p1,Blue,Advanced cost,Constrained,Default,Constrained,No policy,renewable diesel,2040,48.83228
h4r2b2n1c2p1,Blue,Advanced cost,Constrained,Default,Constrained,No policy,renewable diesel,2050,50.21054
h4r2b2n1c2p2,Blue,Advanced cost,Constrained,Default,Constrained,50 Percent by 2050,FT biofuels,2030,31.47464
h4r2b2n1c2p2,Blue,Advanced cost,Constrained,Default,Constrained,50 Percent by 2050,FT biofuels,2040,28.84291
h4r2b2n1c2p2,Blue,Advanced cost,Constrained,Default,Constrained,50 Percent by 2050,FT biofuels,2050,29.50495
h4r2b2n1c2p2,Blue,Advanced cost,Constrained,Default,Constrained,50 Percent by 2050,FT biofuels CCS,2030,33.21716
h4r2b2n1c2p2,Blue,Advanced cost,Constrained,Default,Constrained,50 Percent by 2050,FT biofuels CCS,2040,28.26778
h4r2b2n1c2p2,Blue,Advanced cost,Constrained,Default,Constrained,50 Percent by 2050,FT biofuels CCS,2050,28.71998
h4r2b2n1c2p2,Blue,Advanced cost,Constrained,Default,Constrained,50 Percent by 2050,LNG,2030,13.94957
h4r2b2n1c2p2,Blue,Advanced cost,Constrained,Default,Constrained,50 Percent by 2050,LNG,2040,19.42411
h4r2b2n1c2p2,Blue,Advanced cost,Constrained,Default,Constrained,50 Percent by 2050,LNG,2050,23.7592
h4r2b2n1c2p2,Blue,Advanced cost,Constrained,Default,Constrained,50 Percent by 2050,ammonia,2030,47.55244
h4r2b2n1c2p2,Blue,Advanced cost,Constrained,Default,Constrained,50 Percent by 2050,ammonia,2040,49.01126
h4r2b2n1c2p2,Blue,Advanced cost,Constrained,Default,Constrained,50 Percent by 2050,ammonia,2050,50.75736
h4r2b2n1c2p2,Blue,Advanced cost,Constrained,Default,Constrained,50 Percent by 2050,e-diesel,2030,82.555
h4r2b2n1c2p2,Blue,Advanced cost,Constrained,Default,Constrained,50 Percent by 2050,e-diesel,2040,83.1155
h4r2b2n1c2p2,Blue,Advanced cost,Constrained,Default,Constrained,50 Percent by 2050,e-diesel,2050,83.13298
h4r2b2n1c2p2,Blue,Advanced cost,Constrained,Default,Constrained,50 Percent by 2050,electricity,2030,41.2319
h4r2b2n1c2p2,Blue,Advanced cost,Constrained,Default,Constrained,50 Percent by 2050,electricity,2040,44.38324
h4r2b2n1c2p2,Blue,Advanced cost,Constrained,Default,Constrained,50 Percent by 2050,electricity,2050,44.63936
h4r2b2n1c2p2,Blue,Advanced cost,Constrained,Default,Constrained,50 Percent by 2050,hydrogen,2030,NA
h4r2b2n1c2p2,Blue,Advanced cost,Constrained,Default,Constrained,50 Percent by 2050,hydrogen,2040,NA
h4r2b2n1c2p2,Blue,Advanced cost,Constrained,Default,Constrained,50 Percent by 2050,hydrogen,2050,NA
h4r2b2n1c2p2,Blue,Advanced cost,Constrained,Default,Constrained,50 Percent by 2050,petroleum diesel,2030,30.33465
h4r2b2n1c2p2,Blue,Advanced cost,Constrained,Default,Constrained,50 Percent by 2050,petroleum diesel,2040,32.3572
h4r2b2n1c2p2,Blue,Advanced cost,Constrained,Default,Constrained,50 Percent by 2050,petroleum diesel,2050,32.98328
h4r2b2n1c2p2,Blue,Advanced cost,Constrained,Default,Constrained,50 Percent by 2050,renewable diesel,2030,54.226
h4r2b2n1c2p2,Blue,Advanced cost,Constrained,Default,Constrained,50 Percent by 2050,renewable diesel,2040,44.74462
h4r2b2n1c2p2,Blue,Advanced cost,Constrained,Default,Constrained,50 Percent by 2050,renewable diesel,2050,47.63452
h4r2b2n1c2p3,Blue,Advanced cost,Constrained,Default,Constrained,Net Zero by 2050,FT biofuels,2030,26.39339
h4r2b2n1c2p3,Blue,Advanced cost,Constrained,Default,Constrained,Net Zero by 2050,FT biofuels,2040,22.50067
h4r2b2n1c2p3,Blue,Advanced cost,Constrained,Default,Constrained,Net Zero by 2050,FT biofuels,2050,9.14481
h4r2b2n1c2p3,Blue,Advanced cost,Constrained,Default,Constrained,Net Zero by 2050,FT biofuels CCS,2030,22.22956
h4r2b2n1c2p3,Blue,Advanced cost,Constrained,Default,Constrained,Net Zero by 2050,FT biofuels CCS,2040,17.99848
h4r2b2n1c2p3,Blue,Advanced cost,Constrained,Default,Constrained,Net Zero by 2050,FT biofuels CCS,2050,21.16285
h4r2b2n1c2p3,Blue,Advanced cost,Constrained,Default,Constrained,Net Zero by 2050,LNG,2030,21.91008
h4r2b2n1c2p3,Blue,Advanced cost,Constrained,Default,Constrained,Net Zero by 2050,LNG,2040,29.05705
h4r2b2n1c2p3,Blue,Advanced cost,Constrained,Default,Constrained,Net Zero by 2050,LNG,2050,51.04509
h4r2b2n1c2p3,Blue,Advanced cost,Constrained,Default,Constrained,Net Zero by 2050,ammonia,2030,48.22238
h4r2b2n1c2p3,Blue,Advanced cost,Constrained,Default,Constrained,Net Zero by 2050,ammonia,2040,52.1208
h4r2b2n1c2p3,Blue,Advanced cost,Constrained,Default,Constrained,Net Zero by 2050,ammonia,2050,60.43824
h4r2b2n1c2p3,Blue,Advanced cost,Constrained,Default,Constrained,Net Zero by 2050,e-diesel,2030,84.4132
h4r2b2n1c2p3,Blue,Advanced cost,Constrained,Default,Constrained,Net Zero by 2050,e-diesel,2040,85.0307
h4r2b2n1c2p3,Blue,Advanced cost,Constrained,Default,Constrained,Net Zero by 2050,e-diesel,2050,92.28908
h4r2b2n1c2p3,Blue,Advanced cost,Constrained,Default,Constrained,Net Zero by 2050,electricity,2030,46.05942
h4r2b2n1c2p3,Blue,Advanced cost,Constrained,Default,Constrained,Net Zero by 2050,electricity,2040,48.50358
h4r2b2n1c2p3,Blue,Advanced cost,Constrained,Default,Constrained,Net Zero by 2050,electricity,2050,47.0402
h4r2b2n1c2p3,Blue,Advanced cost,Constrained,Default,Constrained,Net Zero by 2050,hydrogen,2030,NA
h4r2b2n1c2p3,Blue,Advanced cost,Constrained,Default,Constrained,Net Zero by 2050,hydrogen,2040,NA
h4r2b2n1c2p3,Blue,Advanced cost,Constrained,Default,Constrained,Net Zero by 2050,hydrogen,2050,NA
h4r2b2n1c2p3,Blue,Advanced cost,Constrained,Default,Constrained,Net Zero by 2050,petroleum diesel,2030,35.97144
h4r2b2n1c2p3,Blue,Advanced cost,Constrained,Default,Constrained,Net Zero by 2050,petroleum diesel,2040,38.70684
h4r2b2n1c2p3,Blue,Advanced cost,Constrained,Default,Constrained,Net Zero by 2050,petroleum diesel,2050,49.91039
h4r2b2n1c2p3,Blue,Advanced cost,Constrained,Default,Constrained,Net Zero by 2050,renewable diesel,2030,50.90328
h4r2b2n1c2p3,Blue,Advanced cost,Constrained,Default,Constrained,Net Zero by 2050,renewable diesel,2040,45.58176
h4r2b2n1c2p3,Blue,Advanced cost,Constrained,Default,Constrained,Net Zero by 2050,renewable diesel,2050,46.50098
h4r2b2n2c1p1,Blue,Advanced cost,Constrained,Advanced cost,Default,No policy,FT biofuels,2030,32.03081
h4r2b2n2c1p1,Blue,Advanced cost,Constrained,Advanced cost,Default,No policy,FT biofuels,2040,31.63466
h4r2b2n2c1p1,Blue,Advanced cost,Constrained,Advanced cost,Default,No policy,FT biofuels,2050,31.2458
h4r2b2n2c1p1,Blue,Advanced cost,Constrained,Advanced cost,Default,No policy,FT biofuels CCS,2030,35.75154
h4r2b2n2c1p1,Blue,Advanced cost,Constrained,Advanced cost,Default,No policy,FT biofuels CCS,2040,35.32413
h4r2b2n2c1p1,Blue,Advanced cost,Constrained,Advanced cost,Default,No policy,FT biofuels CCS,2050,35.11677
h4r2b2n2c1p1,Blue,Advanced cost,Constrained,Advanced cost,Default,No policy,LNG,2030,10.81803
h4r2b2n2c1p1,Blue,Advanced cost,Constrained,Advanced cost,Default,No policy,LNG,2040,10.56058
h4r2b2n2c1p1,Blue,Advanced cost,Constrained,Advanced cost,Default,No policy,LNG,2050,11.15927
h4r2b2n2c1p1,Blue,Advanced cost,Constrained,Advanced cost,Default,No policy,ammonia,2030,45.30132
h4r2b2n2c1p1,Blue,Advanced cost,Constrained,Advanced cost,Default,No policy,ammonia,2040,44.2149
h4r2b2n2c1p1,Blue,Advanced cost,Constrained,Advanced cost,Default,No policy,ammonia,2050,44.0249
h4r2b2n2c1p1,Blue,Advanced cost,Constrained,Advanced cost,Default,No policy,e-diesel,2030,81.46706
h4r2b2n2c1p1,Blue,Advanced cost,Constrained,Advanced cost,Default,No policy,e-diesel,2040,76.94316
h4r2b2n2c1p1,Blue,Advanced cost,Constrained,Advanced cost,Default,No policy,e-diesel,2050,76.79116
h4r2b2n2c1p1,Blue,Advanced cost,Constrained,Advanced cost,Default,No policy,electricity,2030,39.17876
h4r2b2n2c1p1,Blue,Advanced cost,Constrained,Advanced cost,Default,No policy,electricity,2040,36.47023
h4r2b2n2c1p1,Blue,Advanced cost,Constrained,Advanced cost,Default,No policy,electricity,2050,35.91376
h4r2b2n2c1p1,Blue,Advanced cost,Constrained,Advanced cost,Default,No policy,hydrogen,2030,NA
h4r2b2n2c1p1,Blue,Advanced cost,Constrained,Advanced cost,Default,No policy,hydrogen,2040,NA
h4r2b2n2c1p1,Blue,Advanced cost,Constrained,Advanced cost,Default,No policy,hydrogen,2050,NA
h4r2b2n2c1p1,Blue,Advanced cost,Constrained,Advanced cost,Default,No policy,petroleum diesel,2030,28.18639
h4r2b2n2c1p1,Blue,Advanced cost,Constrained,Advanced cost,Default,No policy,petroleum diesel,2040,26.88143
h4r2b2n2c1p1,Blue,Advanced cost,Constrained,Advanced cost,Default,No policy,petroleum diesel,2050,26.22456
h4r2b2n2c1p1,Blue,Advanced cost,Constrained,Advanced cost,Default,No policy,renewable diesel,2030,55.6757
h4r2b2n2c1p1,Blue,Advanced cost,Constrained,Advanced cost,Default,No policy,renewable diesel,2040,48.32802
h4r2b2n2c1p1,Blue,Advanced cost,Constrained,Advanced cost,Default,No policy,renewable diesel,2050,48.84292
h4r2b2n2c1p2,Blue,Advanced cost,Constrained,Advanced cost,Default,50 Percent by 2050,FT biofuels,2030,31.94196
h4r2b2n2c1p2,Blue,Advanced cost,Constrained,Advanced cost,Default,50 Percent by 2050,FT biofuels,2040,30.15289
h4r2b2n2c1p2,Blue,Advanced cost,Constrained,Advanced cost,Default,50 Percent by 2050,FT biofuels,2050,31.19469
h4r2b2n2c1p2,Blue,Advanced cost,Constrained,Advanced cost,Default,50 Percent by 2050,FT biofuels CCS,2030,33.56244
h4r2b2n2c1p2,Blue,Advanced cost,Constrained,Advanced cost,Default,50 Percent by 2050,FT biofuels CCS,2040,29.0652
h4r2b2n2c1p2,Blue,Advanced cost,Constrained,Advanced cost,Default,50 Percent by 2050,FT biofuels CCS,2050,28.10884
h4r2b2n2c1p2,Blue,Advanced cost,Constrained,Advanced cost,Default,50 Percent by 2050,LNG,2030,13.27834
h4r2b2n2c1p2,Blue,Advanced cost,Constrained,Advanced cost,Default,50 Percent by 2050,LNG,2040,16.17711
h4r2b2n2c1p2,Blue,Advanced cost,Constrained,Advanced cost,Default,50 Percent by 2050,LNG,2050,19.46604
h4r2b2n2c1p2,Blue,Advanced cost,Constrained,Advanced cost,Default,50 Percent by 2050,ammonia,2030,45.83104
h4r2b2n2c1p2,Blue,Advanced cost,Constrained,Advanced cost,Default,50 Percent by 2050,ammonia,2040,44.8039
h4r2b2n2c1p2,Blue,Advanced cost,Constrained,Advanced cost,Default,50 Percent by 2050,ammonia,2050,44.7735
h4r2b2n2c1p2,Blue,Advanced cost,Constrained,Advanced cost,Default,50 Percent by 2050,e-diesel,2030,82.18716
h4r2b2n2c1p2,Blue,Advanced cost,Constrained,Advanced cost,Default,50 Percent by 2050,e-diesel,2040,76.00228
h4r2b2n2c1p2,Blue,Advanced cost,Constrained,Advanced cost,Default,50 Percent by 2050,e-diesel,2050,74.74372
h4r2b2n2c1p2,Blue,Advanced cost,Constrained,Advanced cost,Default,50 Percent by 2050,electricity,2030,40.98946
h4r2b2n2c1p2,Blue,Advanced cost,Constrained,Advanced cost,Default,50 Percent by 2050,electricity,2040,38.64296
h4r2b2n2c1p2,Blue,Advanced cost,Constrained,Advanced cost,Default,50 Percent by 2050,electricity,2050,38.68286
h4r2b2n2c1p2,Blue,Advanced cost,Constrained,Advanced cost,Default,50 Percent by 2050,hydrogen,2030,NA
h4r2b2n2c1p2,Blue,Advanced cost,Constrained,Advanced cost,Default,50 Percent by 2050,hydrogen,2040,NA
h4r2b2n2c1p2,Blue,Advanced cost,Constrained,Advanced cost,Default,50 Percent by 2050,hydrogen,2050,NA
h4r2b2n2c1p2,Blue,Advanced cost,Constrained,Advanced cost,Default,50 Percent by 2050,petroleum diesel,2030,29.84941
h4r2b2n2c1p2,Blue,Advanced cost,Constrained,Advanced cost,Default,50 Percent by 2050,petroleum diesel,2040,30.05273
h4r2b2n2c1p2,Blue,Advanced cost,Constrained,Advanced cost,Default,50 Percent by 2050,petroleum diesel,2050,30.08467
h4r2b2n2c1p2,Blue,Advanced cost,Constrained,Advanced cost,Default,50 Percent by 2050,renewable diesel,2030,54.54444
h4r2b2n2c1p2,Blue,Advanced cost,Constrained,Advanced cost,Default,50 Percent by 2050,renewable diesel,2040,45.55364
h4r2b2n2c1p2,Blue,Advanced cost,Constrained,Advanced cost,Default,50 Percent by 2050,renewable diesel,2050,47.00828
h4r2b2n2c1p3,Blue,Advanced cost,Constrained,Advanced cost,Default,Net Zero by 2050,FT biofuels,2030,26.91654
h4r2b2n2c1p3,Blue,Advanced cost,Constrained,Advanced cost,Default,Net Zero by 2050,FT biofuels,2040,25.28596
h4r2b2n2c1p3,Blue,Advanced cost,Constrained,Advanced cost,Default,Net Zero by 2050,FT biofuels,2050,21.4127
h4r2b2n2c1p3,Blue,Advanced cost,Constrained,Advanced cost,Default,Net Zero by 2050,FT biofuels CCS,2030,21.79518
h4r2b2n2c1p3,Blue,Advanced cost,Constrained,Advanced cost,Default,Net Zero by 2050,FT biofuels CCS,2040,18.11103
h4r2b2n2c1p3,Blue,Advanced cost,Constrained,Advanced cost,Default,Net Zero by 2050,FT biofuels CCS,2050,8.88569
h4r2b2n2c1p3,Blue,Advanced cost,Constrained,Advanced cost,Default,Net Zero by 2050,LNG,2030,21.08179
h4r2b2n2c1p3,Blue,Advanced cost,Constrained,Advanced cost,Default,Net Zero by 2050,LNG,2040,23.45678
h4r2b2n2c1p3,Blue,Advanced cost,Constrained,Advanced cost,Default,Net Zero by 2050,LNG,2050,30.56689
h4r2b2n2c1p3,Blue,Advanced cost,Constrained,Advanced cost,Default,Net Zero by 2050,ammonia,2030,46.15746
h4r2b2n2c1p3,Blue,Advanced cost,Constrained,Advanced cost,Default,Net Zero by 2050,ammonia,2040,45.1991
h4r2b2n2c1p3,Blue,Advanced cost,Constrained,Advanced cost,Default,Net Zero by 2050,ammonia,2050,45.14628
h4r2b2n2c1p3,Blue,Advanced cost,Constrained,Advanced cost,Default,Net Zero by 2050,e-diesel,2030,82.62796
h4r2b2n2c1p3,Blue,Advanced cost,Constrained,Advanced cost,Default,Net Zero by 2050,e-diesel,2040,73.16406
h4r2b2n2c1p3,Blue,Advanced cost,Constrained,Advanced cost,Default,Net Zero by 2050,e-diesel,2050,68.8788
h4r2b2n2c1p3,Blue,Advanced cost,Constrained,Advanced cost,Default,Net Zero by 2050,electricity,2030,45.1098
h4r2b2n2c1p3,Blue,Advanced cost,Constrained,Advanced cost,Default,Net Zero by 2050,electricity,2040,39.90076
h4r2b2n2c1p3,Blue,Advanced cost,Constrained,Advanced cost,Default,Net Zero by 2050,electricity,2050,39.43412
h4r2b2n2c1p3,Blue,Advanced cost,Constrained,Advanced cost,Default,Net Zero by 2050,hydrogen,2030,NA
h4r2b2n2c1p3,Blue,Advanced cost,Constrained,Advanced cost,Default,Net Zero by 2050,hydrogen,2040,NA
h4r2b2n2c1p3,Blue,Advanced cost,Constrained,Advanced cost,Default,Net Zero by 2050,hydrogen,2050,NA
h4r2b2n2c1p3,Blue,Advanced cost,Constrained,Advanced cost,Default,Net Zero by 2050,petroleum diesel,2030,35.36542
h4r2b2n2c1p3,Blue,Advanced cost,Constrained,Advanced cost,Default,Net Zero by 2050,petroleum diesel,2040,34.92708
h4r2b2n2c1p3,Blue,Advanced cost,Constrained,Advanced cost,Default,Net Zero by 2050,petroleum diesel,2050,36.74928
h4r2b2n2c1p3,Blue,Advanced cost,Constrained,Advanced cost,Default,Net Zero by 2050,renewable diesel,2030,51.2677
h4r2b2n2c1p3,Blue,Advanced cost,Constrained,Advanced cost,Default,Net Zero by 2050,renewable diesel,2040,45.29448
h4r2b2n2c1p3,Blue,Advanced cost,Constrained,Advanced cost,Default,Net Zero by 2050,renewable diesel,2050,43.67948
h4r2b2n2c2p1,Blue,Advanced cost,Constrained,Advanced cost,Constrained,No policy,FT biofuels,2030,32.02108
h4r2b2n2c2p1,Blue,Advanced cost,Constrained,Advanced cost,Constrained,No policy,FT biofuels,2040,31.60616
h4r2b2n2c2p1,Blue,Advanced cost,Constrained,Advanced cost,Constrained,No policy,FT biofuels,2050,31.07667
h4r2b2n2c2p1,Blue,Advanced cost,Constrained,Advanced cost,Constrained,No policy,FT biofuels CCS,2030,36.36021
h4r2b2n2c2p1,Blue,Advanced cost,Constrained,Advanced cost,Constrained,No policy,FT biofuels CCS,2040,37.45983
h4r2b2n2c2p1,Blue,Advanced cost,Constrained,Advanced cost,Constrained,No policy,FT biofuels CCS,2050,39.29395
h4r2b2n2c2p1,Blue,Advanced cost,Constrained,Advanced cost,Constrained,No policy,LNG,2030,10.81818
h4r2b2n2c2p1,Blue,Advanced cost,Constrained,Advanced cost,Constrained,No policy,LNG,2040,10.55534
h4r2b2n2c2p1,Blue,Advanced cost,Constrained,Advanced cost,Constrained,No policy,LNG,2050,11.14684
h4r2b2n2c2p1,Blue,Advanced cost,Constrained,Advanced cost,Constrained,No policy,ammonia,2030,46.48198
h4r2b2n2c2p1,Blue,Advanced cost,Constrained,Advanced cost,Constrained,No policy,ammonia,2040,47.00524
h4r2b2n2c2p1,Blue,Advanced cost,Constrained,Advanced cost,Constrained,No policy,ammonia,2050,48.2866
h4r2b2n2c2p1,Blue,Advanced cost,Constrained,Advanced cost,Constrained,No policy,e-diesel,2030,81.84934
h4r2b2n2c2p1,Blue,Advanced cost,Constrained,Advanced cost,Constrained,No policy,e-diesel,2040,78.30014
h4r2b2n2c2p1,Blue,Advanced cost,Constrained,Advanced cost,Constrained,No policy,e-diesel,2050,79.52336
h4r2b2n2c2p1,Blue,Advanced cost,Constrained,Advanced cost,Constrained,No policy,electricity,2030,39.16774
h4r2b2n2c2p1,Blue,Advanced cost,Constrained,Advanced cost,Constrained,No policy,electricity,2040,36.44588
h4r2b2n2c2p1,Blue,Advanced cost,Constrained,Advanced cost,Constrained,No policy,electricity,2050,35.87512
h4r2b2n2c2p1,Blue,Advanced cost,Constrained,Advanced cost,Constrained,No policy,hydrogen,2030,NA
h4r2b2n2c2p1,Blue,Advanced cost,Constrained,Advanced cost,Constrained,No policy,hydrogen,2040,NA
h4r2b2n2c2p1,Blue,Advanced cost,Constrained,Advanced cost,Constrained,No policy,hydrogen,2050,NA
h4r2b2n2c2p1,Blue,Advanced cost,Constrained,Advanced cost,Constrained,No policy,petroleum diesel,2030,28.19668
h4r2b2n2c2p1,Blue,Advanced cost,Constrained,Advanced cost,Constrained,No policy,petroleum diesel,2040,26.9827
h4r2b2n2c2p1,Blue,Advanced cost,Constrained,Advanced cost,Constrained,No policy,petroleum diesel,2050,26.44713
h4r2b2n2c2p1,Blue,Advanced cost,Constrained,Advanced cost,Constrained,No policy,renewable diesel,2030,55.73574
h4r2b2n2c2p1,Blue,Advanced cost,Constrained,Advanced cost,Constrained,No policy,renewable diesel,2040,48.60314
h4r2b2n2c2p1,Blue,Advanced cost,Constrained,Advanced cost,Constrained,No policy,renewable diesel,2050,49.85942
h4r2b2n2c2p2,Blue,Advanced cost,Constrained,Advanced cost,Constrained,50 Percent by 2050,FT biofuels,2030,31.72487
h4r2b2n2c2p2,Blue,Advanced cost,Constrained,Advanced cost,Constrained,50 Percent by 2050,FT biofuels,2040,29.52163
h4r2b2n2c2p2,Blue,Advanced cost,Constrained,Advanced cost,Constrained,50 Percent by 2050,FT biofuels,2050,29.4272
h4r2b2n2c2p2,Blue,Advanced cost,Constrained,Advanced cost,Constrained,50 Percent by 2050,FT biofuels CCS,2030,33.87808
h4r2b2n2c2p2,Blue,Advanced cost,Constrained,Advanced cost,Constrained,50 Percent by 2050,FT biofuels CCS,2040,30.56017
h4r2b2n2c2p2,Blue,Advanced cost,Constrained,Advanced cost,Constrained,50 Percent by 2050,FT biofuels CCS,2050,30.73993
h4r2b2n2c2p2,Blue,Advanced cost,Constrained,Advanced cost,Constrained,50 Percent by 2050,LNG,2030,13.44097
h4r2b2n2c2p2,Blue,Advanced cost,Constrained,Advanced cost,Constrained,50 Percent by 2050,LNG,2040,16.77978
h4r2b2n2c2p2,Blue,Advanced cost,Constrained,Advanced cost,Constrained,50 Percent by 2050,LNG,2050,20.82912
h4r2b2n2c2p2,Blue,Advanced cost,Constrained,Advanced cost,Constrained,50 Percent by 2050,ammonia,2030,47.4544
h4r2b2n2c2p2,Blue,Advanced cost,Constrained,Advanced cost,Constrained,50 Percent by 2050,ammonia,2040,48.09432
h4r2b2n2c2p2,Blue,Advanced cost,Constrained,Advanced cost,Constrained,50 Percent by 2050,ammonia,2050,50.05474
h4r2b2n2c2p2,Blue,Advanced cost,Constrained,Advanced cost,Constrained,50 Percent by 2050,e-diesel,2030,82.62226
h4r2b2n2c2p2,Blue,Advanced cost,Constrained,Advanced cost,Constrained,50 Percent by 2050,e-diesel,2040,77.48238
h4r2b2n2c2p2,Blue,Advanced cost,Constrained,Advanced cost,Constrained,50 Percent by 2050,e-diesel,2050,77.75788
h4r2b2n2c2p2,Blue,Advanced cost,Constrained,Advanced cost,Constrained,50 Percent by 2050,electricity,2030,41.07306
h4r2b2n2c2p2,Blue,Advanced cost,Constrained,Advanced cost,Constrained,50 Percent by 2050,electricity,2040,38.79192
h4r2b2n2c2p2,Blue,Advanced cost,Constrained,Advanced cost,Constrained,50 Percent by 2050,electricity,2050,38.97926
h4r2b2n2c2p2,Blue,Advanced cost,Constrained,Advanced cost,Constrained,50 Percent by 2050,hydrogen,2030,NA
h4r2b2n2c2p2,Blue,Advanced cost,Constrained,Advanced cost,Constrained,50 Percent by 2050,hydrogen,2040,NA
h4r2b2n2c2p2,Blue,Advanced cost,Constrained,Advanced cost,Constrained,50 Percent by 2050,hydrogen,2050,NA
h4r2b2n2c2p2,Blue,Advanced cost,Constrained,Advanced cost,Constrained,50 Percent by 2050,petroleum diesel,2030,29.97974
h4r2b2n2c2p2,Blue,Advanced cost,Constrained,Advanced cost,Constrained,50 Percent by 2050,petroleum diesel,2040,30.52147
h4r2b2n2c2p2,Blue,Advanced cost,Constrained,Advanced cost,Constrained,50 Percent by 2050,petroleum diesel,2050,31.07452
h4r2b2n2c2p2,Blue,Advanced cost,Constrained,Advanced cost,Constrained,50 Percent by 2050,renewable diesel,2030,54.50454
h4r2b2n2c2p2,Blue,Advanced cost,Constrained,Advanced cost,Constrained,50 Percent by 2050,renewable diesel,2040,45.44686
h4r2b2n2c2p2,Blue,Advanced cost,Constrained,Advanced cost,Constrained,50 Percent by 2050,renewable diesel,2050,47.22108
h4r3b1n1c1p1,Blue,Constrained,Default,Default,Default,No policy,FT biofuels,2030,32.22548
h4r3b1n1c1p1,Blue,Constrained,Default,Default,Default,No policy,FT biofuels,2040,31.9895
h4r3b1n1c1p1,Blue,Constrained,Default,Default,Default,No policy,FT biofuels,2050,31.62318
h4r3b1n1c1p1,Blue,Constrained,Default,Default,Default,No policy,FT biofuels CCS,2030,35.9635
h4r3b1n1c1p1,Blue,Constrained,Default,Default,Default,No policy,FT biofuels CCS,2040,35.71388
h4r3b1n1c1p1,Blue,Constrained,Default,Default,Default,No policy,FT biofuels CCS,2050,35.52524
h4r3b1n1c1p1,Blue,Constrained,Default,Default,Default,No policy,LNG,2030,10.93575
h4r3b1n1c1p1,Blue,Constrained,Default,Default,Default,No policy,LNG,2040,10.82514
h4r3b1n1c1p1,Blue,Constrained,Default,Default,Default,No policy,LNG,2050,11.52901
h4r3b1n1c1p1,Blue,Constrained,Default,Default,Default,No policy,ammonia,2030,45.48144
h4r3b1n1c1p1,Blue,Constrained,Default,Default,Default,No policy,ammonia,2040,44.62492
h4r3b1n1c1p1,Blue,Constrained,Default,Default,Default,No policy,ammonia,2050,44.54702
h4r3b1n1c1p1,Blue,Constrained,Default,Default,Default,No policy,e-diesel,2030,84.86464
h4r3b1n1c1p1,Blue,Constrained,Default,Default,Default,No policy,e-diesel,2040,82.66292
h4r3b1n1c1p1,Blue,Constrained,Default,Default,Default,No policy,e-diesel,2050,82.77122
h4r3b1n1c1p1,Blue,Constrained,Default,Default,Default,No policy,electricity,2030,41.89728
h4r3b1n1c1p1,Blue,Constrained,Default,Default,Default,No policy,electricity,2040,41.08446
h4r3b1n1c1p1,Blue,Constrained,Default,Default,Default,No policy,electricity,2050,40.66836
h4r3b1n1c1p1,Blue,Constrained,Default,Default,Default,No policy,hydrogen,2030,NA
h4r3b1n1c1p1,Blue,Constrained,Default,Default,Default,No policy,hydrogen,2040,NA
h4r3b1n1c1p1,Blue,Constrained,Default,Default,Default,No policy,hydrogen,2050,NA
h4r3b1n1c1p1,Blue,Constrained,Default,Default,Default,No policy,petroleum diesel,2030,28.36609
h4r3b1n1c1p1,Blue,Constrained,Default,Default,Default,No policy,petroleum diesel,2040,27.4395
h4r3b1n1c1p1,Blue,Constrained,Default,Default,Default,No policy,petroleum diesel,2050,26.86969
h4r3b1n1c1p1,Blue,Constrained,Default,Default,Default,No policy,renewable diesel,2030,55.91776
h4r3b1n1c1p1,Blue,Constrained,Default,Default,Default,No policy,renewable diesel,2040,48.91854
h4r3b1n1c1p1,Blue,Constrained,Default,Default,Default,No policy,renewable diesel,2050,49.89818
h4r3b1n1c1p2,Blue,Constrained,Default,Default,Default,50 Percent by 2050,FT biofuels,2030,30.84601
h4r3b1n1c1p2,Blue,Constrained,Default,Default,Default,50 Percent by 2050,FT biofuels,2040,29.2483
h4r3b1n1c1p2,Blue,Constrained,Default,Default,Default,50 Percent by 2050,FT biofuels,2050,32.97781
h4r3b1n1c1p2,Blue,Constrained,Default,Default,Default,50 Percent by 2050,FT biofuels CCS,2030,30.06108
h4r3b1n1c1p2,Blue,Constrained,Default,Default,Default,50 Percent by 2050,FT biofuels CCS,2040,25.48959
h4r3b1n1c1p2,Blue,Constrained,Default,Default,Default,50 Percent by 2050,FT biofuels CCS,2050,27.18135
h4r3b1n1c1p2,Blue,Constrained,Default,Default,Default,50 Percent by 2050,LNG,2030,16.23063
h4r3b1n1c1p2,Blue,Constrained,Default,Default,Default,50 Percent by 2050,LNG,2040,19.90462
h4r3b1n1c1p2,Blue,Constrained,Default,Default,Default,50 Percent by 2050,LNG,2050,23.37977
h4r3b1n1c1p2,Blue,Constrained,Default,Default,Default,50 Percent by 2050,ammonia,2030,46.33606
h4r3b1n1c1p2,Blue,Constrained,Default,Default,Default,50 Percent by 2050,ammonia,2040,45.78012
h4r3b1n1c1p2,Blue,Constrained,Default,Default,Default,50 Percent by 2050,ammonia,2050,45.84016
h4r3b1n1c1p2,Blue,Constrained,Default,Default,Default,50 Percent by 2050,e-diesel,2030,87.65878
h4r3b1n1c1p2,Blue,Constrained,Default,Default,Default,50 Percent by 2050,e-diesel,2040,86.04644
h4r3b1n1c1p2,Blue,Constrained,Default,Default,Default,50 Percent by 2050,e-diesel,2050,85.14508
h4r3b1n1c1p2,Blue,Constrained,Default,Default,Default,50 Percent by 2050,electricity,2030,46.76128
h4r3b1n1c1p2,Blue,Constrained,Default,Default,Default,50 Percent by 2050,electricity,2040,48.4823
h4r3b1n1c1p2,Blue,Constrained,Default,Default,Default,50 Percent by 2050,electricity,2050,48.85622
h4r3b1n1c1p2,Blue,Constrained,Default,Default,Default,50 Percent by 2050,hydrogen,2030,NA
h4r3b1n1c1p2,Blue,Constrained,Default,Default,Default,50 Percent by 2050,hydrogen,2040,NA
h4r3b1n1c1p2,Blue,Constrained,Default,Default,Default,50 Percent by 2050,hydrogen,2050,NA
h4r3b1n1c1p2,Blue,Constrained,Default,Default,Default,50 Percent by 2050,petroleum diesel,2030,32.00175
h4r3b1n1c1p2,Blue,Constrained,Default,Default,Default,50 Percent by 2050,petroleum diesel,2040,32.81955
h4r3b1n1c1p2,Blue,Constrained,Default,Default,Default,50 Percent by 2050,petroleum diesel,2050,33.04829
h4r3b1n1c1p2,Blue,Constrained,Default,Default,Default,50 Percent by 2050,renewable diesel,2030,53.37708
h4r3b1n1c1p2,Blue,Constrained,Default,Default,Default,50 Percent by 2050,renewable diesel,2040,45.56732
h4r3b1n1c1p2,Blue,Constrained,Default,Default,Default,50 Percent by 2050,renewable diesel,2050,48.72094
h4r3b1n1c1p3,Blue,Constrained,Default,Default,Default,Net Zero by 2050,FT biofuels,2030,26.76367
h4r3b1n1c1p3,Blue,Constrained,Default,Default,Default,Net Zero by 2050,FT biofuels,2040,25.12381
h4r3b1n1c1p3,Blue,Constrained,Default,Default,Default,Net Zero by 2050,FT biofuels,2050,19.18259
h4r3b1n1c1p3,Blue,Constrained,Default,Default,Default,Net Zero by 2050,FT biofuels CCS,2030,20.63869
h4r3b1n1c1p3,Blue,Constrained,Default,Default,Default,Net Zero by 2050,FT biofuels CCS,2040,16.84885
h4r3b1n1c1p3,Blue,Constrained,Default,Default,Default,Net Zero by 2050,FT biofuels CCS,2050,3.96561
h4r3b1n1c1p3,Blue,Constrained,Default,Default,Default,Net Zero by 2050,LNG,2030,22.49733
h4r3b1n1c1p3,Blue,Constrained,Default,Default,Default,Net Zero by 2050,LNG,2040,25.22482
h4r3b1n1c1p3,Blue,Constrained,Default,Default,Default,Net Zero by 2050,LNG,2050,34.398
h4r3b1n1c1p3,Blue,Constrained,Default,Default,Default,Net Zero by 2050,ammonia,2030,46.5139
h4r3b1n1c1p3,Blue,Constrained,Default,Default,Default,Net Zero by 2050,ammonia,2040,45.86068
h4r3b1n1c1p3,Blue,Constrained,Default,Default,Default,Net Zero by 2050,ammonia,2050,46.05904
h4r3b1n1c1p3,Blue,Constrained,Default,Default,Default,Net Zero by 2050,e-diesel,2030,87.70324
h4r3b1n1c1p3,Blue,Constrained,Default,Default,Default,Net Zero by 2050,e-diesel,2040,84.52796
h4r3b1n1c1p3,Blue,Constrained,Default,Default,Default,Net Zero by 2050,e-diesel,2050,80.332
h4r3b1n1c1p3,Blue,Constrained,Default,Default,Default,Net Zero by 2050,electricity,2030,49.76898
h4r3b1n1c1p3,Blue,Constrained,Default,Default,Default,Net Zero by 2050,electricity,2040,49.89134
h4r3b1n1c1p3,Blue,Constrained,Default,Default,Default,Net Zero by 2050,electricity,2050,50.35266
h4r3b1n1c1p3,Blue,Constrained,Default,Default,Default,Net Zero by 2050,hydrogen,2030,NA
h4r3b1n1c1p3,Blue,Constrained,Default,Default,Default,Net Zero by 2050,hydrogen,2040,NA
h4r3b1n1c1p3,Blue,Constrained,Default,Default,Default,Net Zero by 2050,hydrogen,2050,NA
h4r3b1n1c1p3,Blue,Constrained,Default,Default,Default,Net Zero by 2050,petroleum diesel,2030,36.31569
h4r3b1n1c1p3,Blue,Constrained,Default,Default,Default,Net Zero by 2050,petroleum diesel,2040,35.71824
h4r3b1n1c1p3,Blue,Constrained,Default,Default,Default,Net Zero by 2050,petroleum diesel,2050,39.82986
h4r3b1n1c1p3,Blue,Constrained,Default,Default,Default,Net Zero by 2050,renewable diesel,2030,51.68608
h4r3b1n1c1p3,Blue,Constrained,Default,Default,Default,Net Zero by 2050,renewable diesel,2040,48.31472
h4r3b1n1c1p3,Blue,Constrained,Default,Default,Default,Net Zero by 2050,renewable diesel,2050,45.9268
h4r3b1n1c2p1,Blue,Constrained,Default,Default,Constrained,No policy,FT biofuels,2030,32.21496
h4r3b1n1c2p1,Blue,Constrained,Default,Default,Constrained,No policy,FT biofuels,2040,31.95701
h4r3b1n1c2p1,Blue,Constrained,Default,Default,Constrained,No policy,FT biofuels,2050,31.51815
h4r3b1n1c2p1,Blue,Constrained,Default,Default,Constrained,No policy,FT biofuels CCS,2030,36.5773
h4r3b1n1c2p1,Blue,Constrained,Default,Default,Constrained,No policy,FT biofuels CCS,2040,37.87948
h4r3b1n1c2p1,Blue,Constrained,Default,Default,Constrained,No policy,FT biofuels CCS,2050,39.88946
h4r3b1n1c2p1,Blue,Constrained,Default,Default,Constrained,No policy,LNG,2030,10.93602
h4r3b1n1c2p1,Blue,Constrained,Default,Default,Constrained,No policy,LNG,2040,10.82004
h4r3b1n1c2p1,Blue,Constrained,Default,Default,Constrained,No policy,LNG,2050,11.51696
h4r3b1n1c2p1,Blue,Constrained,Default,Default,Constrained,No policy,ammonia,2030,46.69326
h4r3b1n1c2p1,Blue,Constrained,Default,Default,Constrained,No policy,ammonia,2040,47.46124
h4r3b1n1c2p1,Blue,Constrained,Default,Default,Constrained,No policy,ammonia,2050,48.90334
h4r3b1n1c2p1,Blue,Constrained,Default,Default,Constrained,No policy,e-diesel,2030,85.24274
h4r3b1n1c2p1,Blue,Constrained,Default,Default,Constrained,No policy,e-diesel,2040,84.00052
h4r3b1n1c2p1,Blue,Constrained,Default,Default,Constrained,No policy,e-diesel,2050,85.51748
h4r3b1n1c2p1,Blue,Constrained,Default,Default,Constrained,No policy,electricity,2030,41.87942
h4r3b1n1c2p1,Blue,Constrained,Default,Default,Constrained,No policy,electricity,2040,41.02442
h4r3b1n1c2p1,Blue,Constrained,Default,Default,Constrained,No policy,electricity,2050,40.57412
h4r3b1n1c2p1,Blue,Constrained,Default,Default,Constrained,No policy,hydrogen,2030,NA
h4r3b1n1c2p1,Blue,Constrained,Default,Default,Constrained,No policy,hydrogen,2040,NA
h4r3b1n1c2p1,Blue,Constrained,Default,Default,Constrained,No policy,hydrogen,2050,NA
h4r3b1n1c2p1,Blue,Constrained,Default,Default,Constrained,No policy,petroleum diesel,2030,28.38216
h4r3b1n1c2p1,Blue,Constrained,Default,Default,Constrained,No policy,petroleum diesel,2040,27.54422
h4r3b1n1c2p1,Blue,Constrained,Default,Default,Constrained,No policy,petroleum diesel,2050,27.08556
h4r3b1n1c2p1,Blue,Constrained,Default,Default,Constrained,No policy,renewable diesel,2030,55.97742
h4r3b1n1c2p1,Blue,Constrained,Default,Default,Constrained,No policy,renewable diesel,2040,49.2005
h4r3b1n1c2p1,Blue,Constrained,Default,Default,Constrained,No policy,renewable diesel,2050,50.93596
h4r3b1n1c2p2,Blue,Constrained,Default,Default,Constrained,50 Percent by 2050,FT biofuels,2030,30.54425
h4r3b1n1c2p2,Blue,Constrained,Default,Default,Constrained,50 Percent by 2050,FT biofuels,2040,28.30954
h4r3b1n1c2p2,Blue,Constrained,Default,Default,Constrained,50 Percent by 2050,FT biofuels,2050,30.62599
h4r3b1n1c2p2,Blue,Constrained,Default,Default,Constrained,50 Percent by 2050,FT biofuels CCS,2030,30.3389
h4r3b1n1c2p2,Blue,Constrained,Default,Default,Constrained,50 Percent by 2050,FT biofuels CCS,2040,27.07052
h4r3b1n1c2p2,Blue,Constrained,Default,Default,Constrained,50 Percent by 2050,FT biofuels CCS,2050,28.12657
h4r3b1n1c2p2,Blue,Constrained,Default,Default,Constrained,50 Percent by 2050,LNG,2030,16.47777
h4r3b1n1c2p2,Blue,Constrained,Default,Default,Constrained,50 Percent by 2050,LNG,2040,21.18425
h4r3b1n1c2p2,Blue,Constrained,Default,Default,Constrained,50 Percent by 2050,LNG,2050,26.23994
h4r3b1n1c2p2,Blue,Constrained,Default,Default,Constrained,50 Percent by 2050,ammonia,2030,48.20946
h4r3b1n1c2p2,Blue,Constrained,Default,Default,Constrained,50 Percent by 2050,ammonia,2040,49.94568
h4r3b1n1c2p2,Blue,Constrained,Default,Default,Constrained,50 Percent by 2050,ammonia,2050,51.44326
h4r3b1n1c2p2,Blue,Constrained,Default,Default,Constrained,50 Percent by 2050,e-diesel,2030,88.18888
h4r3b1n1c2p2,Blue,Constrained,Default,Default,Constrained,50 Percent by 2050,e-diesel,2040,88.43588
h4r3b1n1c2p2,Blue,Constrained,Default,Default,Constrained,50 Percent by 2050,e-diesel,2050,88.9485
h4r3b1n1c2p2,Blue,Constrained,Default,Default,Constrained,50 Percent by 2050,electricity,2030,46.89998
h4r3b1n1c2p2,Blue,Constrained,Default,Default,Constrained,50 Percent by 2050,electricity,2040,49.20696
h4r3b1n1c2p2,Blue,Constrained,Default,Default,Constrained,50 Percent by 2050,electricity,2050,50.49212
h4r3b1n1c2p2,Blue,Constrained,Default,Default,Constrained,50 Percent by 2050,hydrogen,2030,NA
h4r3b1n1c2p2,Blue,Constrained,Default,Default,Constrained,50 Percent by 2050,hydrogen,2040,NA
h4r3b1n1c2p2,Blue,Constrained,Default,Default,Constrained,50 Percent by 2050,hydrogen,2050,NA
h4r3b1n1c2p2,Blue,Constrained,Default,Default,Constrained,50 Percent by 2050,petroleum diesel,2030,32.19465
h4r3b1n1c2p2,Blue,Constrained,Default,Default,Constrained,50 Percent by 2050,petroleum diesel,2040,33.73954
h4r3b1n1c2p2,Blue,Constrained,Default,Default,Constrained,50 Percent by 2050,petroleum diesel,2050,34.89967
h4r3b1n1c2p2,Blue,Constrained,Default,Default,Constrained,50 Percent by 2050,renewable diesel,2030,53.30184
h4r3b1n1c2p2,Blue,Constrained,Default,Default,Constrained,50 Percent by 2050,renewable diesel,2040,45.0148
h4r3b1n1c2p2,Blue,Constrained,Default,Default,Constrained,50 Percent by 2050,renewable diesel,2050,48.66584
h4r3b1n1c2p3,Blue,Constrained,Default,Default,Constrained,Net Zero by 2050,FT biofuels,2030,26.10212
h4r3b1n1c2p3,Blue,Constrained,Default,Default,Constrained,Net Zero by 2050,FT biofuels,2040,20.80139
h4r3b1n1c2p3,Blue,Constrained,Default,Default,Constrained,Net Zero by 2050,FT biofuels,2050,7.97055
h4r3b1n1c2p3,Blue,Constrained,Default,Default,Constrained,Net Zero by 2050,FT biofuels CCS,2030,21.28825
h4r3b1n1c2p3,Blue,Constrained,Default,Default,Constrained,Net Zero by 2050,FT biofuels CCS,2040,18.6
h4r3b1n1c2p3,Blue,Constrained,Default,Default,Constrained,Net Zero by 2050,FT biofuels CCS,2050,21.84016
h4r3b1n1c2p3,Blue,Constrained,Default,Default,Constrained,Net Zero by 2050,LNG,2030,23.28799
h4r3b1n1c2p3,Blue,Constrained,Default,Default,Constrained,Net Zero by 2050,LNG,2040,31.54862
h4r3b1n1c2p3,Blue,Constrained,Default,Default,Constrained,Net Zero by 2050,LNG,2050,53.77187
h4r3b1n1c2p3,Blue,Constrained,Default,Default,Constrained,Net Zero by 2050,ammonia,2030,48.7996
h4r3b1n1c2p3,Blue,Constrained,Default,Default,Constrained,Net Zero by 2050,ammonia,2040,54.758
h4r3b1n1c2p3,Blue,Constrained,Default,Default,Constrained,Net Zero by 2050,ammonia,2050,60.82698
h4r3b1n1c2p3,Blue,Constrained,Default,Default,Constrained,Net Zero by 2050,e-diesel,2030,89.14192
h4r3b1n1c2p3,Blue,Constrained,Default,Default,Constrained,Net Zero by 2050,e-diesel,2040,91.57734
h4r3b1n1c2p3,Blue,Constrained,Default,Default,Constrained,Net Zero by 2050,e-diesel,2050,105.7236
h4r3b1n1c2p3,Blue,Constrained,Default,Default,Constrained,Net Zero by 2050,electricity,2030,50.274
h4r3b1n1c2p3,Blue,Constrained,Default,Default,Constrained,Net Zero by 2050,electricity,2040,52.79948
h4r3b1n1c2p3,Blue,Constrained,Default,Default,Constrained,Net Zero by 2050,electricity,2050,57.39748
h4r3b1n1c2p3,Blue,Constrained,Default,Default,Constrained,Net Zero by 2050,hydrogen,2030,NA
h4r3b1n1c2p3,Blue,Constrained,Default,Default,Constrained,Net Zero by 2050,hydrogen,2040,NA
h4r3b1n1c2p3,Blue,Constrained,Default,Default,Constrained,Net Zero by 2050,hydrogen,2050,NA
h4r3b1n1c2p3,Blue,Constrained,Default,Default,Constrained,Net Zero by 2050,petroleum diesel,2030,36.93943
h4r3b1n1c2p3,Blue,Constrained,Default,Default,Constrained,Net Zero by 2050,petroleum diesel,2040,40.56625
h4r3b1n1c2p3,Blue,Constrained,Default,Default,Constrained,Net Zero by 2050,petroleum diesel,2050,51.69236
h4r3b1n1c2p3,Blue,Constrained,Default,Default,Constrained,Net Zero by 2050,renewable diesel,2030,51.10924
h4r3b1n1c2p3,Blue,Constrained,Default,Default,Constrained,Net Zero by 2050,renewable diesel,2040,46.07234
h4r3b1n1c2p3,Blue,Constrained,Default,Default,Constrained,Net Zero by 2050,renewable diesel,2050,49.33958
h4r3b1n2c1p1,Blue,Constrained,Default,Advanced cost,Default,No policy,FT biofuels,2030,32.21499
h4r3b1n2c1p1,Blue,Constrained,Default,Advanced cost,Default,No policy,FT biofuels,2040,31.8448
h4r3b1n2c1p1,Blue,Constrained,Default,Advanced cost,Default,No policy,FT biofuels,2050,31.44538
h4r3b1n2c1p1,Blue,Constrained,Default,Advanced cost,Default,No policy,FT biofuels CCS,2030,35.95303
h4r3b1n2c1p1,Blue,Constrained,Default,Advanced cost,Default,No policy,FT biofuels CCS,2040,35.55083
h4r3b1n2c1p1,Blue,Constrained,Default,Advanced cost,Default,No policy,FT biofuels CCS,2050,35.3328
h4r3b1n2c1p1,Blue,Constrained,Default,Advanced cost,Default,No policy,LNG,2030,10.9201
h4r3b1n2c1p1,Blue,Constrained,Default,Advanced cost,Default,No policy,LNG,2040,10.67481
h4r3b1n2c1p1,Blue,Constrained,Default,Advanced cost,Default,No policy,LNG,2050,11.33099
h4r3b1n2c1p1,Blue,Constrained,Default,Advanced cost,Default,No policy,ammonia,2030,45.4594
h4r3b1n2c1p1,Blue,Constrained,Default,Advanced cost,Default,No policy,ammonia,2040,44.40034
h4r3b1n2c1p1,Blue,Constrained,Default,Advanced cost,Default,No policy,ammonia,2050,44.27684
h4r3b1n2c1p1,Blue,Constrained,Default,Advanced cost,Default,No policy,e-diesel,2030,85.11924
h4r3b1n2c1p1,Blue,Constrained,Default,Advanced cost,Default,No policy,e-diesel,2040,79.37782
h4r3b1n2c1p1,Blue,Constrained,Default,Advanced cost,Default,No policy,e-diesel,2050,79.91552
h4r3b1n2c1p1,Blue,Constrained,Default,Advanced cost,Default,No policy,electricity,2030,42.12566
h4r3b1n2c1p1,Blue,Constrained,Default,Advanced cost,Default,No policy,electricity,2040,38.43244
h4r3b1n2c1p1,Blue,Constrained,Default,Advanced cost,Default,No policy,electricity,2050,38.418
h4r3b1n2c1p1,Blue,Constrained,Default,Advanced cost,Default,No policy,hydrogen,2030,NA
h4r3b1n2c1p1,Blue,Constrained,Default,Advanced cost,Default,No policy,hydrogen,2040,NA
h4r3b1n2c1p1,Blue,Constrained,Default,Advanced cost,Default,No policy,hydrogen,2050,NA
h4r3b1n2c1p1,Blue,Constrained,Default,Advanced cost,Default,No policy,petroleum diesel,2030,28.36138
h4r3b1n2c1p1,Blue,Constrained,Default,Advanced cost,Default,No policy,petroleum diesel,2040,27.18505
h4r3b1n2c1p1,Blue,Constrained,Default,Advanced cost,Default,No policy,petroleum diesel,2050,26.60236
h4r3b1n2c1p1,Blue,Constrained,Default,Advanced cost,Default,No policy,renewable diesel,2030,55.91966
h4r3b1n2c1p1,Blue,Constrained,Default,Advanced cost,Default,No policy,renewable diesel,2040,48.6115
h4r3b1n2c1p1,Blue,Constrained,Default,Advanced cost,Default,No policy,renewable diesel,2050,49.44484
h4r3b1n2c1p2,Blue,Constrained,Default,Advanced cost,Default,50 Percent by 2050,FT biofuels,2030,31.12401
h4r3b1n2c1p2,Blue,Constrained,Default,Advanced cost,Default,50 Percent by 2050,FT biofuels,2040,29.94746
h4r3b1n2c1p2,Blue,Constrained,Default,Advanced cost,Default,50 Percent by 2050,FT biofuels,2050,31.75143
h4r3b1n2c1p2,Blue,Constrained,Default,Advanced cost,Default,50 Percent by 2050,FT biofuels CCS,2030,30.84916
h4r3b1n2c1p2,Blue,Constrained,Default,Advanced cost,Default,50 Percent by 2050,FT biofuels CCS,2040,28.18441
h4r3b1n2c1p2,Blue,Constrained,Default,Advanced cost,Default,50 Percent by 2050,FT biofuels CCS,2050,27.84872
h4r3b1n2c1p2,Blue,Constrained,Default,Advanced cost,Default,50 Percent by 2050,LNG,2030,15.612120000000001
h4r3b1n2c1p2,Blue,Constrained,Default,Advanced cost,Default,50 Percent by 2050,LNG,2040,17.14655
h4r3b1n2c1p2,Blue,Constrained,Default,Advanced cost,Default,50 Percent by 2050,LNG,2050,20.64835
h4r3b1n2c1p2,Blue,Constrained,Default,Advanced cost,Default,50 Percent by 2050,ammonia,2030,46.2403
h4r3b1n2c1p2,Blue,Constrained,Default,Advanced cost,Default,50 Percent by 2050,ammonia,2040,45.09004
h4r3b1n2c1p2,Blue,Constrained,Default,Advanced cost,Default,50 Percent by 2050,ammonia,2050,45.12538
h4r3b1n2c1p2,Blue,Constrained,Default,Advanced cost,Default,50 Percent by 2050,e-diesel,2030,87.26282
h4r3b1n2c1p2,Blue,Constrained,Default,Advanced cost,Default,50 Percent by 2050,e-diesel,2040,78.58324
h4r3b1n2c1p2,Blue,Constrained,Default,Advanced cost,Default,50 Percent by 2050,e-diesel,2050,77.9703
h4r3b1n2c1p2,Blue,Constrained,Default,Advanced cost,Default,50 Percent by 2050,electricity,2030,46.17228
h4r3b1n2c1p2,Blue,Constrained,Default,Advanced cost,Default,50 Percent by 2050,electricity,2040,41.16008
h4r3b1n2c1p2,Blue,Constrained,Default,Advanced cost,Default,50 Percent by 2050,electricity,2050,41.82508
h4r3b1n2c1p2,Blue,Constrained,Default,Advanced cost,Default,50 Percent by 2050,hydrogen,2030,NA
h4r3b1n2c1p2,Blue,Constrained,Default,Advanced cost,Default,50 Percent by 2050,hydrogen,2040,NA
h4r3b1n2c1p2,Blue,Constrained,Default,Advanced cost,Default,50 Percent by 2050,hydrogen,2050,NA
h4r3b1n2c1p2,Blue,Constrained,Default,Advanced cost,Default,50 Percent by 2050,petroleum diesel,2030,31.56979
h4r3b1n2c1p2,Blue,Constrained,Default,Advanced cost,Default,50 Percent by 2050,petroleum diesel,2040,30.84547
h4r3b1n2c1p2,Blue,Constrained,Default,Advanced cost,Default,50 Percent by 2050,petroleum diesel,2050,31.11952
h4r3b1n2c1p2,Blue,Constrained,Default,Advanced cost,Default,50 Percent by 2050,renewable diesel,2030,53.6598
h4r3b1n2c1p2,Blue,Constrained,Default,Advanced cost,Default,50 Percent by 2050,renewable diesel,2040,45.57378
h4r3b1n2c1p2,Blue,Constrained,Default,Advanced cost,Default,50 Percent by 2050,renewable diesel,2050,47.71736
h4r3b1n2c1p3,Blue,Constrained,Default,Advanced cost,Default,Net Zero by 2050,FT biofuels,2030,26.80406
h4r3b1n2c1p3,Blue,Constrained,Default,Advanced cost,Default,Net Zero by 2050,FT biofuels,2040,25.20019
h4r3b1n2c1p3,Blue,Constrained,Default,Advanced cost,Default,Net Zero by 2050,FT biofuels,2050,20.47596
h4r3b1n2c1p3,Blue,Constrained,Default,Advanced cost,Default,Net Zero by 2050,FT biofuels CCS,2030,20.90389
h4r3b1n2c1p3,Blue,Constrained,Default,Advanced cost,Default,Net Zero by 2050,FT biofuels CCS,2040,18.0009
h4r3b1n2c1p3,Blue,Constrained,Default,Advanced cost,Default,Net Zero by 2050,FT biofuels CCS,2050,7.48894
h4r3b1n2c1p3,Blue,Constrained,Default,Advanced cost,Default,Net Zero by 2050,LNG,2030,22.1634
h4r3b1n2c1p3,Blue,Constrained,Default,Advanced cost,Default,Net Zero by 2050,LNG,2040,23.58715
h4r3b1n2c1p3,Blue,Constrained,Default,Advanced cost,Default,Net Zero by 2050,LNG,2050,31.24528
h4r3b1n2c1p3,Blue,Constrained,Default,Advanced cost,Default,Net Zero by 2050,ammonia,2030,46.4227
h4r3b1n2c1p3,Blue,Constrained,Default,Advanced cost,Default,Net Zero by 2050,ammonia,2040,45.353
h4r3b1n2c1p3,Blue,Constrained,Default,Advanced cost,Default,Net Zero by 2050,ammonia,2050,45.38454
h4r3b1n2c1p3,Blue,Constrained,Default,Advanced cost,Default,Net Zero by 2050,e-diesel,2030,86.70346
h4r3b1n2c1p3,Blue,Constrained,Default,Advanced cost,Default,Net Zero by 2050,e-diesel,2040,75.2628
h4r3b1n2c1p3,Blue,Constrained,Default,Advanced cost,Default,Net Zero by 2050,e-diesel,2050,71.75882
h4r3b1n2c1p3,Blue,Constrained,Default,Advanced cost,Default,Net Zero by 2050,electricity,2030,48.8509
h4r3b1n2c1p3,Blue,Constrained,Default,Advanced cost,Default,Net Zero by 2050,electricity,2040,41.62368
h4r3b1n2c1p3,Blue,Constrained,Default,Advanced cost,Default,Net Zero by 2050,electricity,2050,42.04586
h4r3b1n2c1p3,Blue,Constrained,Default,Advanced cost,Default,Net Zero by 2050,hydrogen,2030,NA
h4r3b1n2c1p3,Blue,Constrained,Default,Advanced cost,Default,Net Zero by 2050,hydrogen,2040,NA
h4r3b1n2c1p3,Blue,Constrained,Default,Advanced cost,Default,Net Zero by 2050,hydrogen,2050,NA
h4r3b1n2c1p3,Blue,Constrained,Default,Advanced cost,Default,Net Zero by 2050,petroleum diesel,2030,36.1177
h4r3b1n2c1p3,Blue,Constrained,Default,Advanced cost,Default,Net Zero by 2050,petroleum diesel,2040,35.07744
h4r3b1n2c1p3,Blue,Constrained,Default,Advanced cost,Default,Net Zero by 2050,petroleum diesel,2050,37.48776
h4r3b1n2c1p3,Blue,Constrained,Default,Advanced cost,Default,Net Zero by 2050,renewable diesel,2030,51.5755
h4r3b1n2c1p3,Blue,Constrained,Default,Advanced cost,Default,Net Zero by 2050,renewable diesel,2040,46.08754
h4r3b1n2c1p3,Blue,Constrained,Default,Advanced cost,Default,Net Zero by 2050,renewable diesel,2050,44.61656
h4r3b1n2c2p1,Blue,Constrained,Default,Advanced cost,Constrained,No policy,FT biofuels,2030,32.20451
h4r3b1n2c2p1,Blue,Constrained,Default,Advanced cost,Constrained,No policy,FT biofuels,2040,31.81565
h4r3b1n2c2p1,Blue,Constrained,Default,Advanced cost,Constrained,No policy,FT biofuels,2050,31.34521
h4r3b1n2c2p1,Blue,Constrained,Default,Advanced cost,Constrained,No policy,FT biofuels CCS,2030,36.56319
h4r3b1n2c2p1,Blue,Constrained,Default,Advanced cost,Constrained,No policy,FT biofuels CCS,2040,37.70154
h4r3b1n2c2p1,Blue,Constrained,Default,Advanced cost,Constrained,No policy,FT biofuels CCS,2050,39.63884
h4r3b1n2c2p1,Blue,Constrained,Default,Advanced cost,Constrained,No policy,LNG,2030,10.9204
h4r3b1n2c2p1,Blue,Constrained,Default,Advanced cost,Constrained,No policy,LNG,2040,10.67017
h4r3b1n2c2p1,Blue,Constrained,Default,Advanced cost,Constrained,No policy,LNG,2050,11.3194
h4r3b1n2c2p1,Blue,Constrained,Default,Advanced cost,Constrained,No policy,ammonia,2030,46.66704
h4r3b1n2c2p1,Blue,Constrained,Default,Advanced cost,Constrained,No policy,ammonia,2040,47.21158
h4r3b1n2c2p1,Blue,Constrained,Default,Advanced cost,Constrained,No policy,ammonia,2050,48.5849
h4r3b1n2c2p1,Blue,Constrained,Default,Advanced cost,Constrained,No policy,e-diesel,2030,85.49696
h4r3b1n2c2p1,Blue,Constrained,Default,Advanced cost,Constrained,No policy,e-diesel,2040,80.7367
h4r3b1n2c2p1,Blue,Constrained,Default,Advanced cost,Constrained,No policy,e-diesel,2050,82.66672
h4r3b1n2c2p1,Blue,Constrained,Default,Advanced cost,Constrained,No policy,electricity,2030,42.10932
h4r3b1n2c2p1,Blue,Constrained,Default,Advanced cost,Constrained,No policy,electricity,2040,38.40052
h4r3b1n2c2p1,Blue,Constrained,Default,Advanced cost,Constrained,No policy,electricity,2050,38.3629
h4r3b1n2c2p1,Blue,Constrained,Default,Advanced cost,Constrained,No policy,hydrogen,2030,NA
h4r3b1n2c2p1,Blue,Constrained,Default,Advanced cost,Constrained,No policy,hydrogen,2040,NA
h4r3b1n2c2p1,Blue,Constrained,Default,Advanced cost,Constrained,No policy,hydrogen,2050,NA
h4r3b1n2c2p1,Blue,Constrained,Default,Advanced cost,Constrained,No policy,petroleum diesel,2030,28.37753
h4r3b1n2c2p1,Blue,Constrained,Default,Advanced cost,Constrained,No policy,petroleum diesel,2040,27.29711
h4r3b1n2c2p1,Blue,Constrained,Default,Advanced cost,Constrained,No policy,petroleum diesel,2050,26.82306
h4r3b1n2c2p1,Blue,Constrained,Default,Advanced cost,Constrained,No policy,renewable diesel,2030,55.97932
h4r3b1n2c2p1,Blue,Constrained,Default,Advanced cost,Constrained,No policy,renewable diesel,2040,48.89232
h4r3b1n2c2p1,Blue,Constrained,Default,Advanced cost,Constrained,No policy,renewable diesel,2050,50.46856
h4r3b1n2c2p2,Blue,Constrained,Default,Advanced cost,Constrained,50 Percent by 2050,FT biofuels,2030,30.83681
h4r3b1n2c2p2,Blue,Constrained,Default,Advanced cost,Constrained,50 Percent by 2050,FT biofuels,2040,29.30195
h4r3b1n2c2p2,Blue,Constrained,Default,Advanced cost,Constrained,50 Percent by 2050,FT biofuels,2050,29.86515
h4r3b1n2c2p2,Blue,Constrained,Default,Advanced cost,Constrained,50 Percent by 2050,FT biofuels CCS,2030,31.12412
h4r3b1n2c2p2,Blue,Constrained,Default,Advanced cost,Constrained,50 Percent by 2050,FT biofuels CCS,2040,29.90406
h4r3b1n2c2p2,Blue,Constrained,Default,Advanced cost,Constrained,50 Percent by 2050,FT biofuels CCS,2050,30.15334
h4r3b1n2c2p2,Blue,Constrained,Default,Advanced cost,Constrained,50 Percent by 2050,LNG,2030,15.83415
h4r3b1n2c2p2,Blue,Constrained,Default,Advanced cost,Constrained,50 Percent by 2050,LNG,2040,17.86132
h4r3b1n2c2p2,Blue,Constrained,Default,Advanced cost,Constrained,50 Percent by 2050,LNG,2050,22.29054
h4r3b1n2c2p2,Blue,Constrained,Default,Advanced cost,Constrained,50 Percent by 2050,ammonia,2030,48.0605
h4r3b1n2c2p2,Blue,Constrained,Default,Advanced cost,Constrained,50 Percent by 2050,ammonia,2040,48.66052
h4r3b1n2c2p2,Blue,Constrained,Default,Advanced cost,Constrained,50 Percent by 2050,ammonia,2050,50.46932
h4r3b1n2c2p2,Blue,Constrained,Default,Advanced cost,Constrained,50 Percent by 2050,e-diesel,2030,87.75074
h4r3b1n2c2p2,Blue,Constrained,Default,Advanced cost,Constrained,50 Percent by 2050,e-diesel,2040,80.25258
h4r3b1n2c2p2,Blue,Constrained,Default,Advanced cost,Constrained,50 Percent by 2050,e-diesel,2050,80.8526
h4r3b1n2c2p2,Blue,Constrained,Default,Advanced cost,Constrained,50 Percent by 2050,electricity,2030,46.28514
h4r3b1n2c2p2,Blue,Constrained,Default,Advanced cost,Constrained,50 Percent by 2050,electricity,2040,41.34894
h4r3b1n2c2p2,Blue,Constrained,Default,Advanced cost,Constrained,50 Percent by 2050,electricity,2050,42.14656
h4r3b1n2c2p2,Blue,Constrained,Default,Advanced cost,Constrained,50 Percent by 2050,hydrogen,2030,NA
h4r3b1n2c2p2,Blue,Constrained,Default,Advanced cost,Constrained,50 Percent by 2050,hydrogen,2040,NA
h4r3b1n2c2p2,Blue,Constrained,Default,Advanced cost,Constrained,50 Percent by 2050,hydrogen,2050,NA
h4r3b1n2c2p2,Blue,Constrained,Default,Advanced cost,Constrained,50 Percent by 2050,petroleum diesel,2030,31.74416
h4r3b1n2c2p2,Blue,Constrained,Default,Advanced cost,Constrained,50 Percent by 2050,petroleum diesel,2040,31.37448
h4r3b1n2c2p2,Blue,Constrained,Default,Advanced cost,Constrained,50 Percent by 2050,petroleum diesel,2050,32.22392
h4r3b1n2c2p2,Blue,Constrained,Default,Advanced cost,Constrained,50 Percent by 2050,renewable diesel,2030,53.59292
h4r3b1n2c2p2,Blue,Constrained,Default,Advanced cost,Constrained,50 Percent by 2050,renewable diesel,2040,45.39138
h4r3b1n2c2p2,Blue,Constrained,Default,Advanced cost,Constrained,50 Percent by 2050,renewable diesel,2050,47.81274
h4r3b1n2c2p3,Blue,Constrained,Default,Advanced cost,Constrained,Net Zero by 2050,FT biofuels,2030,26.22312
h4r3b1n2c2p3,Blue,Constrained,Default,Advanced cost,Constrained,Net Zero by 2050,FT biofuels,2040,23.12543
h4r3b1n2c2p3,Blue,Constrained,Default,Advanced cost,Constrained,Net Zero by 2050,FT biofuels,2050,10.31259
h4r3b1n2c2p3,Blue,Constrained,Default,Advanced cost,Constrained,Net Zero by 2050,FT biofuels CCS,2030,21.60048
h4r3b1n2c2p3,Blue,Constrained,Default,Advanced cost,Constrained,Net Zero by 2050,FT biofuels CCS,2040,19.28279
h4r3b1n2c2p3,Blue,Constrained,Default,Advanced cost,Constrained,Net Zero by 2050,FT biofuels CCS,2050,20.86755
h4r3b1n2c2p3,Blue,Constrained,Default,Advanced cost,Constrained,Net Zero by 2050,LNG,2030,22.81262
h4r3b1n2c2p3,Blue,Constrained,Default,Advanced cost,Constrained,Net Zero by 2050,LNG,2040,26.32611
h4r3b1n2c2p3,Blue,Constrained,Default,Advanced cost,Constrained,Net Zero by 2050,LNG,2050,47.37892
h4r3b1n2c2p3,Blue,Constrained,Default,Advanced cost,Constrained,Net Zero by 2050,ammonia,2030,48.58908
h4r3b1n2c2p3,Blue,Constrained,Default,Advanced cost,Constrained,Net Zero by 2050,ammonia,2040,50.81702
h4r3b1n2c2p3,Blue,Constrained,Default,Advanced cost,Constrained,Net Zero by 2050,ammonia,2050,60.2243
h4r3b1n2c2p3,Blue,Constrained,Default,Advanced cost,Constrained,Net Zero by 2050,e-diesel,2030,87.89134
h4r3b1n2c2p3,Blue,Constrained,Default,Advanced cost,Constrained,Net Zero by 2050,e-diesel,2040,77.25628
h4r3b1n2c2p3,Blue,Constrained,Default,Advanced cost,Constrained,Net Zero by 2050,e-diesel,2050,85.2131
h4r3b1n2c2p3,Blue,Constrained,Default,Advanced cost,Constrained,Net Zero by 2050,electricity,2030,49.1663
h4r3b1n2c2p3,Blue,Constrained,Default,Advanced cost,Constrained,Net Zero by 2050,electricity,2040,41.63432
h4r3b1n2c2p3,Blue,Constrained,Default,Advanced cost,Constrained,Net Zero by 2050,electricity,2050,41.76504
h4r3b1n2c2p3,Blue,Constrained,Default,Advanced cost,Constrained,Net Zero by 2050,hydrogen,2030,NA
h4r3b1n2c2p3,Blue,Constrained,Default,Advanced cost,Constrained,Net Zero by 2050,hydrogen,2040,NA
h4r3b1n2c2p3,Blue,Constrained,Default,Advanced cost,Constrained,Net Zero by 2050,hydrogen,2050,NA
h4r3b1n2c2p3,Blue,Constrained,Default,Advanced cost,Constrained,Net Zero by 2050,petroleum diesel,2030,36.6402
h4r3b1n2c2p3,Blue,Constrained,Default,Advanced cost,Constrained,Net Zero by 2050,petroleum diesel,2040,37.34516
h4r3b1n2c2p3,Blue,Constrained,Default,Advanced cost,Constrained,Net Zero by 2050,petroleum diesel,2050,47.86527
h4r3b1n2c2p3,Blue,Constrained,Default,Advanced cost,Constrained,Net Zero by 2050,renewable diesel,2030,51.04654
h4r3b1n2c2p3,Blue,Constrained,Default,Advanced cost,Constrained,Net Zero by 2050,renewable diesel,2040,44.42998
h4r3b1n2c2p3,Blue,Constrained,Default,Advanced cost,Constrained,Net Zero by 2050,renewable diesel,2050,45.47346
h4r3b2n1c1p1,Blue,Constrained,Constrained,Default,Default,No policy,FT biofuels,2030,32.22548
h4r3b2n1c1p1,Blue,Constrained,Constrained,Default,Default,No policy,FT biofuels,2040,31.9895
h4r3b2n1c1p1,Blue,Constrained,Constrained,Default,Default,No policy,FT biofuels,2050,31.86859
h4r3b2n1c1p1,Blue,Constrained,Constrained,Default,Default,No policy,FT biofuels CCS,2030,35.9635
h4r3b2n1c1p1,Blue,Constrained,Constrained,Default,Default,No policy,FT biofuels CCS,2040,35.71388
h4r3b2n1c1p1,Blue,Constrained,Constrained,Default,Default,No policy,FT biofuels CCS,2050,35.77821
h4r3b2n1c1p1,Blue,Constrained,Constrained,Default,Default,No policy,LNG,2030,10.93575
h4r3b2n1c1p1,Blue,Constrained,Constrained,Default,Default,No policy,LNG,2040,10.82514
h4r3b2n1c1p1,Blue,Constrained,Constrained,Default,Default,No policy,LNG,2050,11.52905
h4r3b2n1c1p1,Blue,Constrained,Constrained,Default,Default,No policy,ammonia,2030,45.48144
h4r3b2n1c1p1,Blue,Constrained,Constrained,Default,Default,No policy,ammonia,2040,44.62492
h4r3b2n1c1p1,Blue,Constrained,Constrained,Default,Default,No policy,ammonia,2050,44.5474
h4r3b2n1c1p1,Blue,Constrained,Constrained,Default,Default,No policy,e-diesel,2030,84.86464
h4r3b2n1c1p1,Blue,Constrained,Constrained,Default,Default,No policy,e-diesel,2040,82.66292
h4r3b2n1c1p1,Blue,Constrained,Constrained,Default,Default,No policy,e-diesel,2050,82.76818
h4r3b2n1c1p1,Blue,Constrained,Constrained,Default,Default,No policy,electricity,2030,41.89728
h4r3b2n1c1p1,Blue,Constrained,Constrained,Default,Default,No policy,electricity,2040,41.08446
h4r3b2n1c1p1,Blue,Constrained,Constrained,Default,Default,No policy,electricity,2050,40.66532
h4r3b2n1c1p1,Blue,Constrained,Constrained,Default,Default,No policy,hydrogen,2030,NA
h4r3b2n1c1p1,Blue,Constrained,Constrained,Default,Default,No policy,hydrogen,2040,NA
h4r3b2n1c1p1,Blue,Constrained,Constrained,Default,Default,No policy,hydrogen,2050,NA
h4r3b2n1c1p1,Blue,Constrained,Constrained,Default,Default,No policy,petroleum diesel,2030,28.36609
h4r3b2n1c1p1,Blue,Constrained,Constrained,Default,Default,No policy,petroleum diesel,2040,27.4395
h4r3b2n1c1p1,Blue,Constrained,Constrained,Default,Default,No policy,petroleum diesel,2050,26.87949
h4r3b2n1c1p1,Blue,Constrained,Constrained,Default,Default,No policy,renewable diesel,2030,55.91776
h4r3b2n1c1p1,Blue,Constrained,Constrained,Default,Default,No policy,renewable diesel,2040,48.91854
h4r3b2n1c1p1,Blue,Constrained,Constrained,Default,Default,No policy,renewable diesel,2050,49.84384
h4r3b2n1c1p2,Blue,Constrained,Constrained,Default,Default,50 Percent by 2050,FT biofuels,2030,30.84601
h4r3b2n1c1p2,Blue,Constrained,Constrained,Default,Default,50 Percent by 2050,FT biofuels,2040,29.87028
h4r3b2n1c1p2,Blue,Constrained,Constrained,Default,Default,50 Percent by 2050,FT biofuels,2050,33.70836
h4r3b2n1c1p2,Blue,Constrained,Constrained,Default,Default,50 Percent by 2050,FT biofuels CCS,2030,30.0611
h4r3b2n1c1p2,Blue,Constrained,Constrained,Default,Default,50 Percent by 2050,FT biofuels CCS,2040,26.02777
h4r3b2n1c1p2,Blue,Constrained,Constrained,Default,Default,50 Percent by 2050,FT biofuels CCS,2050,27.71891
h4r3b2n1c1p2,Blue,Constrained,Constrained,Default,Default,50 Percent by 2050,LNG,2030,16.23063
h4r3b2n1c1p2,Blue,Constrained,Constrained,Default,Default,50 Percent by 2050,LNG,2040,20.02536
h4r3b2n1c1p2,Blue,Constrained,Constrained,Default,Default,50 Percent by 2050,LNG,2050,23.64359
h4r3b2n1c1p2,Blue,Constrained,Constrained,Default,Default,50 Percent by 2050,ammonia,2030,46.33606
h4r3b2n1c1p2,Blue,Constrained,Constrained,Default,Default,50 Percent by 2050,ammonia,2040,45.79342
h4r3b2n1c1p2,Blue,Constrained,Constrained,Default,Default,50 Percent by 2050,ammonia,2050,45.86334
h4r3b2n1c1p2,Blue,Constrained,Constrained,Default,Default,50 Percent by 2050,e-diesel,2030,87.65878
h4r3b2n1c1p2,Blue,Constrained,Constrained,Default,Default,50 Percent by 2050,e-diesel,2040,86.02972
h4r3b2n1c1p2,Blue,Constrained,Constrained,Default,Default,50 Percent by 2050,e-diesel,2050,85.07706
h4r3b2n1c1p2,Blue,Constrained,Constrained,Default,Default,50 Percent by 2050,electricity,2030,46.76128
h4r3b2n1c1p2,Blue,Constrained,Constrained,Default,Default,50 Percent by 2050,electricity,2040,48.5279
h4r3b2n1c1p2,Blue,Constrained,Constrained,Default,Default,50 Percent by 2050,electricity,2050,48.92994
h4r3b2n1c1p2,Blue,Constrained,Constrained,Default,Default,50 Percent by 2050,hydrogen,2030,NA
h4r3b2n1c1p2,Blue,Constrained,Constrained,Default,Default,50 Percent by 2050,hydrogen,2040,NA
h4r3b2n1c1p2,Blue,Constrained,Constrained,Default,Default,50 Percent by 2050,hydrogen,2050,NA
h4r3b2n1c1p2,Blue,Constrained,Constrained,Default,Default,50 Percent by 2050,petroleum diesel,2030,32.00175
h4r3b2n1c1p2,Blue,Constrained,Constrained,Default,Default,50 Percent by 2050,petroleum diesel,2040,32.92248
h4r3b2n1c1p2,Blue,Constrained,Constrained,Default,Default,50 Percent by 2050,petroleum diesel,2050,33.27865
h4r3b2n1c1p2,Blue,Constrained,Constrained,Default,Default,50 Percent by 2050,renewable diesel,2030,53.37708
h4r3b2n1c1p2,Blue,Constrained,Constrained,Default,Default,50 Percent by 2050,renewable diesel,2040,45.20936
h4r3b2n1c1p2,Blue,Constrained,Constrained,Default,Default,50 Percent by 2050,renewable diesel,2050,48.59288
h4r3b2n1c1p3,Blue,Constrained,Constrained,Default,Default,Net Zero by 2050,FT biofuels,2030,26.76367
h4r3b2n1c1p3,Blue,Constrained,Constrained,Default,Default,Net Zero by 2050,FT biofuels,2040,25.63149
h4r3b2n1c1p3,Blue,Constrained,Constrained,Default,Default,Net Zero by 2050,FT biofuels,2050,19.94679
h4r3b2n1c1p3,Blue,Constrained,Constrained,Default,Default,Net Zero by 2050,FT biofuels CCS,2030,20.63869
h4r3b2n1c1p3,Blue,Constrained,Constrained,Default,Default,Net Zero by 2050,FT biofuels CCS,2040,17.07401
h4r3b2n1c1p3,Blue,Constrained,Constrained,Default,Default,Net Zero by 2050,FT biofuels CCS,2050,4.58855
h4r3b2n1c1p3,Blue,Constrained,Constrained,Default,Default,Net Zero by 2050,LNG,2030,22.49733
h4r3b2n1c1p3,Blue,Constrained,Constrained,Default,Default,Net Zero by 2050,LNG,2040,25.57931
h4r3b2n1c1p3,Blue,Constrained,Constrained,Default,Default,Net Zero by 2050,LNG,2050,34.60769
h4r3b2n1c1p3,Blue,Constrained,Constrained,Default,Default,Net Zero by 2050,ammonia,2030,46.5139
h4r3b2n1c1p3,Blue,Constrained,Constrained,Default,Default,Net Zero by 2050,ammonia,2040,45.8926
h4r3b2n1c1p3,Blue,Constrained,Constrained,Default,Default,Net Zero by 2050,ammonia,2050,46.08716
h4r3b2n1c1p3,Blue,Constrained,Constrained,Default,Default,Net Zero by 2050,e-diesel,2030,87.70324
h4r3b2n1c1p3,Blue,Constrained,Constrained,Default,Default,Net Zero by 2050,e-diesel,2040,84.3828
h4r3b2n1c1p3,Blue,Constrained,Constrained,Default,Default,Net Zero by 2050,e-diesel,2050,80.25218
h4r3b2n1c1p3,Blue,Constrained,Constrained,Default,Default,Net Zero by 2050,electricity,2030,49.76898
h4r3b2n1c1p3,Blue,Constrained,Constrained,Default,Default,Net Zero by 2050,electricity,2040,49.9434
h4r3b2n1c1p3,Blue,Constrained,Constrained,Default,Default,Net Zero by 2050,electricity,2050,50.37698
h4r3b2n1c1p3,Blue,Constrained,Constrained,Default,Default,Net Zero by 2050,hydrogen,2030,NA
h4r3b2n1c1p3,Blue,Constrained,Constrained,Default,Default,Net Zero by 2050,hydrogen,2040,NA
h4r3b2n1c1p3,Blue,Constrained,Constrained,Default,Default,Net Zero by 2050,hydrogen,2050,NA
h4r3b2n1c1p3,Blue,Constrained,Constrained,Default,Default,Net Zero by 2050,petroleum diesel,2030,36.31569
h4r3b2n1c1p3,Blue,Constrained,Constrained,Default,Default,Net Zero by 2050,petroleum diesel,2040,36.06587
h4r3b2n1c1p3,Blue,Constrained,Constrained,Default,Default,Net Zero by 2050,petroleum diesel,2050,40.03496
h4r3b2n1c1p3,Blue,Constrained,Constrained,Default,Default,Net Zero by 2050,renewable diesel,2030,51.68608
h4r3b2n1c1p3,Blue,Constrained,Constrained,Default,Default,Net Zero by 2050,renewable diesel,2040,47.77056
h4r3b2n1c1p3,Blue,Constrained,Constrained,Default,Default,Net Zero by 2050,renewable diesel,2050,45.57224
h4r3b2n1c2p1,Blue,Constrained,Constrained,Default,Constrained,No policy,FT biofuels,2030,32.21496
h4r3b2n1c2p1,Blue,Constrained,Constrained,Default,Constrained,No policy,FT biofuels,2040,31.95701
h4r3b2n1c2p1,Blue,Constrained,Constrained,Default,Constrained,No policy,FT biofuels,2050,31.69508
h4r3b2n1c2p1,Blue,Constrained,Constrained,Default,Constrained,No policy,FT biofuels CCS,2030,36.5773
h4r3b2n1c2p1,Blue,Constrained,Constrained,Default,Constrained,No policy,FT biofuels CCS,2040,37.87948
h4r3b2n1c2p1,Blue,Constrained,Constrained,Default,Constrained,No policy,FT biofuels CCS,2050,40.06604
h4r3b2n1c2p1,Blue,Constrained,Constrained,Default,Constrained,No policy,LNG,2030,10.93602
h4r3b2n1c2p1,Blue,Constrained,Constrained,Default,Constrained,No policy,LNG,2040,10.82004
h4r3b2n1c2p1,Blue,Constrained,Constrained,Default,Constrained,No policy,LNG,2050,11.517
h4r3b2n1c2p1,Blue,Constrained,Constrained,Default,Constrained,No policy,ammonia,2030,46.69326
h4r3b2n1c2p1,Blue,Constrained,Constrained,Default,Constrained,No policy,ammonia,2040,47.46124
h4r3b2n1c2p1,Blue,Constrained,Constrained,Default,Constrained,No policy,ammonia,2050,48.9003
h4r3b2n1c2p1,Blue,Constrained,Constrained,Default,Constrained,No policy,e-diesel,2030,85.24274
h4r3b2n1c2p1,Blue,Constrained,Constrained,Default,Constrained,No policy,e-diesel,2040,84.00052
h4r3b2n1c2p1,Blue,Constrained,Constrained,Default,Constrained,No policy,e-diesel,2050,85.51216
h4r3b2n1c2p1,Blue,Constrained,Constrained,Default,Constrained,No policy,electricity,2030,41.87942
h4r3b2n1c2p1,Blue,Constrained,Constrained,Default,Constrained,No policy,electricity,2040,41.02442
h4r3b2n1c2p1,Blue,Constrained,Constrained,Default,Constrained,No policy,electricity,2050,40.57222
h4r3b2n1c2p1,Blue,Constrained,Constrained,Default,Constrained,No policy,hydrogen,2030,NA
h4r3b2n1c2p1,Blue,Constrained,Constrained,Default,Constrained,No policy,hydrogen,2040,NA
h4r3b2n1c2p1,Blue,Constrained,Constrained,Default,Constrained,No policy,hydrogen,2050,NA
h4r3b2n1c2p1,Blue,Constrained,Constrained,Default,Constrained,No policy,petroleum diesel,2030,28.38216
h4r3b2n1c2p1,Blue,Constrained,Constrained,Default,Constrained,No policy,petroleum diesel,2040,27.54422
h4r3b2n1c2p1,Blue,Constrained,Constrained,Default,Constrained,No policy,petroleum diesel,2050,27.09229
h4r3b2n1c2p1,Blue,Constrained,Constrained,Default,Constrained,No policy,renewable diesel,2030,55.97742
h4r3b2n1c2p1,Blue,Constrained,Constrained,Default,Constrained,No policy,renewable diesel,2040,49.2005
h4r3b2n1c2p1,Blue,Constrained,Constrained,Default,Constrained,No policy,renewable diesel,2050,50.9029
h4r3b2n1c2p2,Blue,Constrained,Constrained,Default,Constrained,50 Percent by 2050,FT biofuels,2030,30.54425
h4r3b2n1c2p2,Blue,Constrained,Constrained,Default,Constrained,50 Percent by 2050,FT biofuels,2040,28.88836
h4r3b2n1c2p2,Blue,Constrained,Constrained,Default,Constrained,50 Percent by 2050,FT biofuels,2050,31.31892
h4r3b2n1c2p2,Blue,Constrained,Constrained,Default,Constrained,50 Percent by 2050,FT biofuels CCS,2030,30.3389
h4r3b2n1c2p2,Blue,Constrained,Constrained,Default,Constrained,50 Percent by 2050,FT biofuels CCS,2040,27.58268
h4r3b2n1c2p2,Blue,Constrained,Constrained,Default,Constrained,50 Percent by 2050,FT biofuels CCS,2050,28.66859
h4r3b2n1c2p2,Blue,Constrained,Constrained,Default,Constrained,50 Percent by 2050,LNG,2030,16.47777
h4r3b2n1c2p2,Blue,Constrained,Constrained,Default,Constrained,50 Percent by 2050,LNG,2040,21.26654
h4r3b2n1c2p2,Blue,Constrained,Constrained,Default,Constrained,50 Percent by 2050,LNG,2050,26.44709
h4r3b2n1c2p2,Blue,Constrained,Constrained,Default,Constrained,50 Percent by 2050,ammonia,2030,48.20946
h4r3b2n1c2p2,Blue,Constrained,Constrained,Default,Constrained,50 Percent by 2050,ammonia,2040,49.94492
h4r3b2n1c2p2,Blue,Constrained,Constrained,Default,Constrained,50 Percent by 2050,ammonia,2050,51.46074
h4r3b2n1c2p2,Blue,Constrained,Constrained,Default,Constrained,50 Percent by 2050,e-diesel,2030,88.18888
h4r3b2n1c2p2,Blue,Constrained,Constrained,Default,Constrained,50 Percent by 2050,e-diesel,2040,88.41498
h4r3b2n1c2p2,Blue,Constrained,Constrained,Default,Constrained,50 Percent by 2050,e-diesel,2050,88.9067
h4r3b2n1c2p2,Blue,Constrained,Constrained,Default,Constrained,50 Percent by 2050,electricity,2030,46.89998
h4r3b2n1c2p2,Blue,Constrained,Constrained,Default,Constrained,50 Percent by 2050,electricity,2040,49.23812
h4r3b2n1c2p2,Blue,Constrained,Constrained,Default,Constrained,50 Percent by 2050,electricity,2050,50.5609
h4r3b2n1c2p2,Blue,Constrained,Constrained,Default,Constrained,50 Percent by 2050,hydrogen,2030,NA
h4r3b2n1c2p2,Blue,Constrained,Constrained,Default,Constrained,50 Percent by 2050,hydrogen,2040,NA
h4r3b2n1c2p2,Blue,Constrained,Constrained,Default,Constrained,50 Percent by 2050,hydrogen,2050,NA
h4r3b2n1c2p2,Blue,Constrained,Constrained,Default,Constrained,50 Percent by 2050,petroleum diesel,2030,32.19465
h4r3b2n1c2p2,Blue,Constrained,Constrained,Default,Constrained,50 Percent by 2050,petroleum diesel,2040,33.8119
h4r3b2n1c2p2,Blue,Constrained,Constrained,Default,Constrained,50 Percent by 2050,petroleum diesel,2050,35.08095
h4r3b2n1c2p2,Blue,Constrained,Constrained,Default,Constrained,50 Percent by 2050,renewable diesel,2030,53.30184
h4r3b2n1c2p2,Blue,Constrained,Constrained,Default,Constrained,50 Percent by 2050,renewable diesel,2040,44.7146
h4r3b2n1c2p2,Blue,Constrained,Constrained,Default,Constrained,50 Percent by 2050,renewable diesel,2050,48.57616
h4r3b2n1c2p3,Blue,Constrained,Constrained,Default,Constrained,Net Zero by 2050,FT biofuels,2030,26.10212
h4r3b2n1c2p3,Blue,Constrained,Constrained,Default,Constrained,Net Zero by 2050,FT biofuels,2040,21.28524
h4r3b2n1c2p3,Blue,Constrained,Constrained,Default,Constrained,Net Zero by 2050,FT biofuels,2050,8.10996
h4r3b2n1c2p3,Blue,Constrained,Constrained,Default,Constrained,Net Zero by 2050,FT biofuels CCS,2030,21.28827
h4r3b2n1c2p3,Blue,Constrained,Constrained,Default,Constrained,Net Zero by 2050,FT biofuels CCS,2040,18.67173
h4r3b2n1c2p3,Blue,Constrained,Constrained,Default,Constrained,Net Zero by 2050,FT biofuels CCS,2050,21.72037
h4r3b2n1c2p3,Blue,Constrained,Constrained,Default,Constrained,Net Zero by 2050,LNG,2030,23.28795
h4r3b2n1c2p3,Blue,Constrained,Constrained,Default,Constrained,Net Zero by 2050,LNG,2040,31.75528
h4r3b2n1c2p3,Blue,Constrained,Constrained,Default,Constrained,Net Zero by 2050,LNG,2050,54.17933
h4r3b2n1c2p3,Blue,Constrained,Constrained,Default,Constrained,Net Zero by 2050,ammonia,2030,48.7996
h4r3b2n1c2p3,Blue,Constrained,Constrained,Default,Constrained,Net Zero by 2050,ammonia,2040,54.65122
h4r3b2n1c2p3,Blue,Constrained,Constrained,Default,Constrained,Net Zero by 2050,ammonia,2050,60.82964
h4r3b2n1c2p3,Blue,Constrained,Constrained,Default,Constrained,Net Zero by 2050,e-diesel,2030,89.14192
h4r3b2n1c2p3,Blue,Constrained,Constrained,Default,Constrained,Net Zero by 2050,e-diesel,2040,91.33832
h4r3b2n1c2p3,Blue,Constrained,Constrained,Default,Constrained,Net Zero by 2050,e-diesel,2050,105.42454
h4r3b2n1c2p3,Blue,Constrained,Constrained,Default,Constrained,Net Zero by 2050,electricity,2030,50.274
h4r3b2n1c2p3,Blue,Constrained,Constrained,Default,Constrained,Net Zero by 2050,electricity,2040,52.83634
h4r3b2n1c2p3,Blue,Constrained,Constrained,Default,Constrained,Net Zero by 2050,electricity,2050,57.31008
h4r3b2n1c2p3,Blue,Constrained,Constrained,Default,Constrained,Net Zero by 2050,hydrogen,2030,NA
h4r3b2n1c2p3,Blue,Constrained,Constrained,Default,Constrained,Net Zero by 2050,hydrogen,2040,NA
h4r3b2n1c2p3,Blue,Constrained,Constrained,Default,Constrained,Net Zero by 2050,hydrogen,2050,NA
h4r3b2n1c2p3,Blue,Constrained,Constrained,Default,Constrained,Net Zero by 2050,petroleum diesel,2030,36.93939
h4r3b2n1c2p3,Blue,Constrained,Constrained,Default,Constrained,Net Zero by 2050,petroleum diesel,2040,40.76374
h4r3b2n1c2p3,Blue,Constrained,Constrained,Default,Constrained,Net Zero by 2050,petroleum diesel,2050,52.00407
h4r3b2n1c2p3,Blue,Constrained,Constrained,Default,Constrained,Net Zero by 2050,renewable diesel,2030,51.10924
h4r3b2n1c2p3,Blue,Constrained,Constrained,Default,Constrained,Net Zero by 2050,renewable diesel,2040,45.73414
h4r3b2n1c2p3,Blue,Constrained,Constrained,Default,Constrained,Net Zero by 2050,renewable diesel,2050,48.54348
h4r3b2n2c1p1,Blue,Constrained,Constrained,Advanced cost,Default,No policy,FT biofuels,2030,32.21499
h4r3b2n2c1p1,Blue,Constrained,Constrained,Advanced cost,Default,No policy,FT biofuels,2040,31.8448
h4r3b2n2c1p1,Blue,Constrained,Constrained,Advanced cost,Default,No policy,FT biofuels,2050,31.626830000000002
h4r3b2n2c1p1,Blue,Constrained,Constrained,Advanced cost,Default,No policy,FT biofuels CCS,2030,35.95303
h4r3b2n2c1p1,Blue,Constrained,Constrained,Advanced cost,Default,No policy,FT biofuels CCS,2040,35.55083
h4r3b2n2c1p1,Blue,Constrained,Constrained,Advanced cost,Default,No policy,FT biofuels CCS,2050,35.51985
h4r3b2n2c1p1,Blue,Constrained,Constrained,Advanced cost,Default,No policy,LNG,2030,10.9201
h4r3b2n2c1p1,Blue,Constrained,Constrained,Advanced cost,Default,No policy,LNG,2040,10.67481
h4r3b2n2c1p1,Blue,Constrained,Constrained,Advanced cost,Default,No policy,LNG,2050,11.33099
h4r3b2n2c1p1,Blue,Constrained,Constrained,Advanced cost,Default,No policy,ammonia,2030,45.4594
h4r3b2n2c1p1,Blue,Constrained,Constrained,Advanced cost,Default,No policy,ammonia,2040,44.40034
h4r3b2n2c1p1,Blue,Constrained,Constrained,Advanced cost,Default,No policy,ammonia,2050,44.27722
h4r3b2n2c1p1,Blue,Constrained,Constrained,Advanced cost,Default,No policy,e-diesel,2030,85.11924
h4r3b2n2c1p1,Blue,Constrained,Constrained,Advanced cost,Default,No policy,e-diesel,2040,79.37782
h4r3b2n2c1p1,Blue,Constrained,Constrained,Advanced cost,Default,No policy,e-diesel,2050,79.91286
h4r3b2n2c1p1,Blue,Constrained,Constrained,Advanced cost,Default,No policy,electricity,2030,42.12566
h4r3b2n2c1p1,Blue,Constrained,Constrained,Advanced cost,Default,No policy,electricity,2040,38.43244
h4r3b2n2c1p1,Blue,Constrained,Constrained,Advanced cost,Default,No policy,electricity,2050,38.4161
h4r3b2n2c1p1,Blue,Constrained,Constrained,Advanced cost,Default,No policy,hydrogen,2030,NA
h4r3b2n2c1p1,Blue,Constrained,Constrained,Advanced cost,Default,No policy,hydrogen,2040,NA
h4r3b2n2c1p1,Blue,Constrained,Constrained,Advanced cost,Default,No policy,hydrogen,2050,NA
h4r3b2n2c1p1,Blue,Constrained,Constrained,Advanced cost,Default,No policy,petroleum diesel,2030,28.36138
h4r3b2n2c1p1,Blue,Constrained,Constrained,Advanced cost,Default,No policy,petroleum diesel,2040,27.18505
h4r3b2n2c1p1,Blue,Constrained,Constrained,Advanced cost,Default,No policy,petroleum diesel,2050,26.60939
h4r3b2n2c1p1,Blue,Constrained,Constrained,Advanced cost,Default,No policy,renewable diesel,2030,55.91966
h4r3b2n2c1p1,Blue,Constrained,Constrained,Advanced cost,Default,No policy,renewable diesel,2040,48.6115
h4r3b2n2c1p1,Blue,Constrained,Constrained,Advanced cost,Default,No policy,renewable diesel,2050,49.40608
h4r3b2n2c1p2,Blue,Constrained,Constrained,Advanced cost,Default,50 Percent by 2050,FT biofuels,2030,31.12405
h4r3b2n2c1p2,Blue,Constrained,Constrained,Advanced cost,Default,50 Percent by 2050,FT biofuels,2040,30.29774
h4r3b2n2c1p2,Blue,Constrained,Constrained,Advanced cost,Default,50 Percent by 2050,FT biofuels,2050,32.25444
h4r3b2n2c1p2,Blue,Constrained,Constrained,Advanced cost,Default,50 Percent by 2050,FT biofuels CCS,2030,30.84919
h4r3b2n2c1p2,Blue,Constrained,Constrained,Advanced cost,Default,50 Percent by 2050,FT biofuels CCS,2040,28.51757
h4r3b2n2c1p2,Blue,Constrained,Constrained,Advanced cost,Default,50 Percent by 2050,FT biofuels CCS,2050,28.25466
h4r3b2n2c1p2,Blue,Constrained,Constrained,Advanced cost,Default,50 Percent by 2050,LNG,2030,15.61211
h4r3b2n2c1p2,Blue,Constrained,Constrained,Advanced cost,Default,50 Percent by 2050,LNG,2040,17.17829
h4r3b2n2c1p2,Blue,Constrained,Constrained,Advanced cost,Default,50 Percent by 2050,LNG,2050,20.78397
h4r3b2n2c1p2,Blue,Constrained,Constrained,Advanced cost,Default,50 Percent by 2050,ammonia,2030,46.2403
h4r3b2n2c1p2,Blue,Constrained,Constrained,Advanced cost,Default,50 Percent by 2050,ammonia,2040,45.0927
h4r3b2n2c1p2,Blue,Constrained,Constrained,Advanced cost,Default,50 Percent by 2050,ammonia,2050,45.13564
h4r3b2n2c1p2,Blue,Constrained,Constrained,Advanced cost,Default,50 Percent by 2050,e-diesel,2030,87.26282
h4r3b2n2c1p2,Blue,Constrained,Constrained,Advanced cost,Default,50 Percent by 2050,e-diesel,2040,78.56424
h4r3b2n2c1p2,Blue,Constrained,Constrained,Advanced cost,Default,50 Percent by 2050,e-diesel,2050,77.8981
h4r3b2n2c1p2,Blue,Constrained,Constrained,Advanced cost,Default,50 Percent by 2050,electricity,2030,46.17228
h4r3b2n2c1p2,Blue,Constrained,Constrained,Advanced cost,Default,50 Percent by 2050,electricity,2040,41.16046
h4r3b2n2c1p2,Blue,Constrained,Constrained,Advanced cost,Default,50 Percent by 2050,electricity,2050,41.83382
h4r3b2n2c1p2,Blue,Constrained,Constrained,Advanced cost,Default,50 Percent by 2050,hydrogen,2030,NA
h4r3b2n2c1p2,Blue,Constrained,Constrained,Advanced cost,Default,50 Percent by 2050,hydrogen,2040,NA
h4r3b2n2c1p2,Blue,Constrained,Constrained,Advanced cost,Default,50 Percent by 2050,hydrogen,2050,NA
h4r3b2n2c1p2,Blue,Constrained,Constrained,Advanced cost,Default,50 Percent by 2050,petroleum diesel,2030,31.56978
h4r3b2n2c1p2,Blue,Constrained,Constrained,Advanced cost,Default,50 Percent by 2050,petroleum diesel,2040,30.87536
h4r3b2n2c1p2,Blue,Constrained,Constrained,Advanced cost,Default,50 Percent by 2050,petroleum diesel,2050,31.24632
h4r3b2n2c1p2,Blue,Constrained,Constrained,Advanced cost,Default,50 Percent by 2050,renewable diesel,2030,53.6598
h4r3b2n2c1p2,Blue,Constrained,Constrained,Advanced cost,Default,50 Percent by 2050,renewable diesel,2040,45.43432
h4r3b2n2c1p2,Blue,Constrained,Constrained,Advanced cost,Default,50 Percent by 2050,renewable diesel,2050,47.61172
h4r3b2n2c1p3,Blue,Constrained,Constrained,Advanced cost,Default,Net Zero by 2050,FT biofuels,2030,26.80406
h4r3b2n2c1p3,Blue,Constrained,Constrained,Advanced cost,Default,Net Zero by 2050,FT biofuels,2040,25.54592
h4r3b2n2c1p3,Blue,Constrained,Constrained,Advanced cost,Default,Net Zero by 2050,FT biofuels,2050,21.28251
h4r3b2n2c1p3,Blue,Constrained,Constrained,Advanced cost,Default,Net Zero by 2050,FT biofuels CCS,2030,20.90397
h4r3b2n2c1p3,Blue,Constrained,Constrained,Advanced cost,Default,Net Zero by 2050,FT biofuels CCS,2040,18.17172
h4r3b2n2c1p3,Blue,Constrained,Constrained,Advanced cost,Default,Net Zero by 2050,FT biofuels CCS,2050,8.16277
h4r3b2n2c1p3,Blue,Constrained,Constrained,Advanced cost,Default,Net Zero by 2050,LNG,2030,22.16334
h4r3b2n2c1p3,Blue,Constrained,Constrained,Advanced cost,Default,Net Zero by 2050,LNG,2040,23.80501
h4r3b2n2c1p3,Blue,Constrained,Constrained,Advanced cost,Default,Net Zero by 2050,LNG,2050,31.44195
h4r3b2n2c1p3,Blue,Constrained,Constrained,Advanced cost,Default,Net Zero by 2050,ammonia,2030,46.4227
h4r3b2n2c1p3,Blue,Constrained,Constrained,Advanced cost,Default,Net Zero by 2050,ammonia,2040,45.3701
h4r3b2n2c1p3,Blue,Constrained,Constrained,Advanced cost,Default,Net Zero by 2050,ammonia,2050,45.40886
h4r3b2n2c1p3,Blue,Constrained,Constrained,Advanced cost,Default,Net Zero by 2050,e-diesel,2030,86.70346
h4r3b2n2c1p3,Blue,Constrained,Constrained,Advanced cost,Default,Net Zero by 2050,e-diesel,2040,75.14234
h4r3b2n2c1p3,Blue,Constrained,Constrained,Advanced cost,Default,Net Zero by 2050,e-diesel,2050,71.6414
h4r3b2n2c1p3,Blue,Constrained,Constrained,Advanced cost,Default,Net Zero by 2050,electricity,2030,48.8509
h4r3b2n2c1p3,Blue,Constrained,Constrained,Advanced cost,Default,Net Zero by 2050,electricity,2040,41.63242
h4r3b2n2c1p3,Blue,Constrained,Constrained,Advanced cost,Default,Net Zero by 2050,electricity,2050,42.03712
h4r3b2n2c1p3,Blue,Constrained,Constrained,Advanced cost,Default,Net Zero by 2050,hydrogen,2030,NA
h4r3b2n2c1p3,Blue,Constrained,Constrained,Advanced cost,Default,Net Zero by 2050,hydrogen,2040,NA
h4r3b2n2c1p3,Blue,Constrained,Constrained,Advanced cost,Default,Net Zero by 2050,hydrogen,2050,NA
h4r3b2n2c1p3,Blue,Constrained,Constrained,Advanced cost,Default,Net Zero by 2050,petroleum diesel,2030,36.11766
h4r3b2n2c1p3,Blue,Constrained,Constrained,Advanced cost,Default,Net Zero by 2050,petroleum diesel,2040,35.28677
h4r3b2n2c1p3,Blue,Constrained,Constrained,Advanced cost,Default,Net Zero by 2050,petroleum diesel,2050,37.66956
h4r3b2n2c1p3,Blue,Constrained,Constrained,Advanced cost,Default,Net Zero by 2050,renewable diesel,2030,51.5755
h4r3b2n2c1p3,Blue,Constrained,Constrained,Advanced cost,Default,Net Zero by 2050,renewable diesel,2040,45.74554
h4r3b2n2c1p3,Blue,Constrained,Constrained,Advanced cost,Default,Net Zero by 2050,renewable diesel,2050,44.24074
h4r3b2n2c2p1,Blue,Constrained,Constrained,Advanced cost,Constrained,No policy,FT biofuels,2030,32.20451
h4r3b2n2c2p1,Blue,Constrained,Constrained,Advanced cost,Constrained,No policy,FT biofuels,2040,31.81565
h4r3b2n2c2p1,Blue,Constrained,Constrained,Advanced cost,Constrained,No policy,FT biofuels,2050,31.45382
h4r3b2n2c2p1,Blue,Constrained,Constrained,Advanced cost,Constrained,No policy,FT biofuels CCS,2030,36.56319
h4r3b2n2c2p1,Blue,Constrained,Constrained,Advanced cost,Constrained,No policy,FT biofuels CCS,2040,37.70154
h4r3b2n2c2p1,Blue,Constrained,Constrained,Advanced cost,Constrained,No policy,FT biofuels CCS,2050,39.74732
h4r3b2n2c2p1,Blue,Constrained,Constrained,Advanced cost,Constrained,No policy,LNG,2030,10.9204
h4r3b2n2c2p1,Blue,Constrained,Constrained,Advanced cost,Constrained,No policy,LNG,2040,10.67017
h4r3b2n2c2p1,Blue,Constrained,Constrained,Advanced cost,Constrained,No policy,LNG,2050,11.3194
h4r3b2n2c2p1,Blue,Constrained,Constrained,Advanced cost,Constrained,No policy,ammonia,2030,46.66704
h4r3b2n2c2p1,Blue,Constrained,Constrained,Advanced cost,Constrained,No policy,ammonia,2040,47.21158
h4r3b2n2c2p1,Blue,Constrained,Constrained,Advanced cost,Constrained,No policy,ammonia,2050,48.583
h4r3b2n2c2p1,Blue,Constrained,Constrained,Advanced cost,Constrained,No policy,e-diesel,2030,85.49696
h4r3b2n2c2p1,Blue,Constrained,Constrained,Advanced cost,Constrained,No policy,e-diesel,2040,80.7367
h4r3b2n2c2p1,Blue,Constrained,Constrained,Advanced cost,Constrained,No policy,e-diesel,2050,82.6633
h4r3b2n2c2p1,Blue,Constrained,Constrained,Advanced cost,Constrained,No policy,electricity,2030,42.10932
h4r3b2n2c2p1,Blue,Constrained,Constrained,Advanced cost,Constrained,No policy,electricity,2040,38.40052
h4r3b2n2c2p1,Blue,Constrained,Constrained,Advanced cost,Constrained,No policy,electricity,2050,38.36176
h4r3b2n2c2p1,Blue,Constrained,Constrained,Advanced cost,Constrained,No policy,hydrogen,2030,NA
h4r3b2n2c2p1,Blue,Constrained,Constrained,Advanced cost,Constrained,No policy,hydrogen,2040,NA
h4r3b2n2c2p1,Blue,Constrained,Constrained,Advanced cost,Constrained,No policy,hydrogen,2050,NA
h4r3b2n2c2p1,Blue,Constrained,Constrained,Advanced cost,Constrained,No policy,petroleum diesel,2030,28.37753
h4r3b2n2c2p1,Blue,Constrained,Constrained,Advanced cost,Constrained,No policy,petroleum diesel,2040,27.29711
h4r3b2n2c2p1,Blue,Constrained,Constrained,Advanced cost,Constrained,No policy,petroleum diesel,2050,26.8272
h4r3b2n2c2p1,Blue,Constrained,Constrained,Advanced cost,Constrained,No policy,renewable diesel,2030,55.97932
h4r3b2n2c2p1,Blue,Constrained,Constrained,Advanced cost,Constrained,No policy,renewable diesel,2040,48.89232
h4r3b2n2c2p1,Blue,Constrained,Constrained,Advanced cost,Constrained,No policy,renewable diesel,2050,50.44956
h4r3b2n2c2p2,Blue,Constrained,Constrained,Advanced cost,Constrained,50 Percent by 2050,FT biofuels,2030,30.83677
h4r3b2n2c2p2,Blue,Constrained,Constrained,Advanced cost,Constrained,50 Percent by 2050,FT biofuels,2040,29.5827
h4r3b2n2c2p2,Blue,Constrained,Constrained,Advanced cost,Constrained,50 Percent by 2050,FT biofuels,2050,30.31777
h4r3b2n2c2p2,Blue,Constrained,Constrained,Advanced cost,Constrained,50 Percent by 2050,FT biofuels CCS,2030,31.12412
h4r3b2n2c2p2,Blue,Constrained,Constrained,Advanced cost,Constrained,50 Percent by 2050,FT biofuels CCS,2040,30.16799
h4r3b2n2c2p2,Blue,Constrained,Constrained,Advanced cost,Constrained,50 Percent by 2050,FT biofuels CCS,2050,30.54059
h4r3b2n2c2p2,Blue,Constrained,Constrained,Advanced cost,Constrained,50 Percent by 2050,LNG,2030,15.83416
h4r3b2n2c2p2,Blue,Constrained,Constrained,Advanced cost,Constrained,50 Percent by 2050,LNG,2040,17.88395
h4r3b2n2c2p2,Blue,Constrained,Constrained,Advanced cost,Constrained,50 Percent by 2050,LNG,2050,22.38323
h4r3b2n2c2p2,Blue,Constrained,Constrained,Advanced cost,Constrained,50 Percent by 2050,ammonia,2030,48.0605
h4r3b2n2c2p2,Blue,Constrained,Constrained,Advanced cost,Constrained,50 Percent by 2050,ammonia,2040,48.65824
h4r3b2n2c2p2,Blue,Constrained,Constrained,Advanced cost,Constrained,50 Percent by 2050,ammonia,2050,50.47464
h4r3b2n2c2p2,Blue,Constrained,Constrained,Advanced cost,Constrained,50 Percent by 2050,e-diesel,2030,87.75074
h4r3b2n2c2p2,Blue,Constrained,Constrained,Advanced cost,Constrained,50 Percent by 2050,e-diesel,2040,80.23434
h4r3b2n2c2p2,Blue,Constrained,Constrained,Advanced cost,Constrained,50 Percent by 2050,e-diesel,2050,80.79636
h4r3b2n2c2p2,Blue,Constrained,Constrained,Advanced cost,Constrained,50 Percent by 2050,electricity,2030,46.28552
h4r3b2n2c2p2,Blue,Constrained,Constrained,Advanced cost,Constrained,50 Percent by 2050,electricity,2040,41.34856
h4r3b2n2c2p2,Blue,Constrained,Constrained,Advanced cost,Constrained,50 Percent by 2050,electricity,2050,42.14846
h4r3b2n2c2p2,Blue,Constrained,Constrained,Advanced cost,Constrained,50 Percent by 2050,hydrogen,2030,NA
h4r3b2n2c2p2,Blue,Constrained,Constrained,Advanced cost,Constrained,50 Percent by 2050,hydrogen,2040,NA
h4r3b2n2c2p2,Blue,Constrained,Constrained,Advanced cost,Constrained,50 Percent by 2050,hydrogen,2050,NA
h4r3b2n2c2p2,Blue,Constrained,Constrained,Advanced cost,Constrained,50 Percent by 2050,petroleum diesel,2030,31.74417
h4r3b2n2c2p2,Blue,Constrained,Constrained,Advanced cost,Constrained,50 Percent by 2050,petroleum diesel,2040,31.39581
h4r3b2n2c2p2,Blue,Constrained,Constrained,Advanced cost,Constrained,50 Percent by 2050,petroleum diesel,2050,32.31151
h4r3b2n2c2p2,Blue,Constrained,Constrained,Advanced cost,Constrained,50 Percent by 2050,renewable diesel,2030,53.59292
h4r3b2n2c2p2,Blue,Constrained,Constrained,Advanced cost,Constrained,50 Percent by 2050,renewable diesel,2040,45.28498
h4r3b2n2c2p2,Blue,Constrained,Constrained,Advanced cost,Constrained,50 Percent by 2050,renewable diesel,2050,47.73864
h4r3b2n2c2p3,Blue,Constrained,Constrained,Advanced cost,Constrained,Net Zero by 2050,FT biofuels,2030,26.22308
h4r3b2n2c2p3,Blue,Constrained,Constrained,Advanced cost,Constrained,Net Zero by 2050,FT biofuels,2040,23.33952
h4r3b2n2c2p3,Blue,Constrained,Constrained,Advanced cost,Constrained,Net Zero by 2050,FT biofuels,2050,10.61572
h4r3b2n2c2p3,Blue,Constrained,Constrained,Advanced cost,Constrained,Net Zero by 2050,FT biofuels CCS,2030,21.600460000000002
h4r3b2n2c2p3,Blue,Constrained,Constrained,Advanced cost,Constrained,Net Zero by 2050,FT biofuels CCS,2040,19.38575
h4r3b2n2c2p3,Blue,Constrained,Constrained,Advanced cost,Constrained,Net Zero by 2050,FT biofuels CCS,2050,20.60941
h4r3b2n2c2p3,Blue,Constrained,Constrained,Advanced cost,Constrained,Net Zero by 2050,LNG,2030,22.81262
h4r3b2n2c2p3,Blue,Constrained,Constrained,Advanced cost,Constrained,Net Zero by 2050,LNG,2040,26.46274
h4r3b2n2c2p3,Blue,Constrained,Constrained,Advanced cost,Constrained,Net Zero by 2050,LNG,2050,48.24052
h4r3b2n2c2p3,Blue,Constrained,Constrained,Advanced cost,Constrained,Net Zero by 2050,ammonia,2030,48.58908
h4r3b2n2c2p3,Blue,Constrained,Constrained,Advanced cost,Constrained,Net Zero by 2050,ammonia,2040,50.82652
h4r3b2n2c2p3,Blue,Constrained,Constrained,Advanced cost,Constrained,Net Zero by 2050,ammonia,2050,60.24596
h4r3b2n2c2p3,Blue,Constrained,Constrained,Advanced cost,Constrained,Net Zero by 2050,e-diesel,2030,87.89134
h4r3b2n2c2p3,Blue,Constrained,Constrained,Advanced cost,Constrained,Net Zero by 2050,e-diesel,2040,77.17154
h4r3b2n2c2p3,Blue,Constrained,Constrained,Advanced cost,Constrained,Net Zero by 2050,e-diesel,2050,84.75976
h4r3b2n2c2p3,Blue,Constrained,Constrained,Advanced cost,Constrained,Net Zero by 2050,electricity,2030,49.1663
h4r3b2n2c2p3,Blue,Constrained,Constrained,Advanced cost,Constrained,Net Zero by 2050,electricity,2040,41.63318
h4r3b2n2c2p3,Blue,Constrained,Constrained,Advanced cost,Constrained,Net Zero by 2050,electricity,2050,41.73122
h4r3b2n2c2p3,Blue,Constrained,Constrained,Advanced cost,Constrained,Net Zero by 2050,hydrogen,2030,NA
h4r3b2n2c2p3,Blue,Constrained,Constrained,Advanced cost,Constrained,Net Zero by 2050,hydrogen,2040,NA
h4r3b2n2c2p3,Blue,Constrained,Constrained,Advanced cost,Constrained,Net Zero by 2050,hydrogen,2050,NA
h4r3b2n2c2p3,Blue,Constrained,Constrained,Advanced cost,Constrained,Net Zero by 2050,petroleum diesel,2030,36.6402
h4r3b2n2c2p3,Blue,Constrained,Constrained,Advanced cost,Constrained,Net Zero by 2050,petroleum diesel,2040,37.46956
h4r3b2n2c2p3,Blue,Constrained,Constrained,Advanced cost,Constrained,Net Zero by 2050,petroleum diesel,2050,48.52748
h4r3b2n2c2p3,Blue,Constrained,Constrained,Advanced cost,Constrained,Net Zero by 2050,renewable diesel,2030,51.04654
h4r3b2n2c2p3,Blue,Constrained,Constrained,Advanced cost,Constrained,Net Zero by 2050,renewable diesel,2040,44.22288
h4r3b2n2c2p3,Blue,Constrained,Constrained,Advanced cost,Constrained,Net Zero by 2050,renewable diesel,2050,44.83126
